x0,y0,z0,x1,y1,z1,x2,y2,z2,x3,y3,z3,x4,y4,z4,x5,y5,z5,x6,y6,z6,x7,y7,z7,x8,y8,z8,x9,y9,z9,x10,y10,z10,x11,y11,z11,x12,y12,z12,x13,y13,z13,x14,y14,z14,x15,y15,z15,x16,y16,z16,x17,y17,z17,x18,y18,z18,x19,y19,z19,x20,y20,z20,label
0.8268955945968628,0.777180552482605,2.4149551336449804e-07,0.7788521647453308,0.7330328226089478,-0.01779138296842575,0.7498444318771362,0.6543937921524048,-0.02425875887274742,0.7379680871963501,0.5781096816062927,-0.029788298532366753,0.7307093143463135,0.5115146040916443,-0.03380793705582619,0.7849006056785583,0.5426109433174133,-0.0004899673513136804,0.7831695079803467,0.45153364539146423,-0.011359342373907566,0.783334493637085,0.39875495433807373,-0.02288627065718174,0.7848376035690308,0.3507657051086426,-0.0316278412938118,0.8115933537483215,0.5372685790061951,-0.0012265053810551763,0.8075338006019592,0.44012194871902466,-0.008071844466030598,0.805278480052948,0.38087785243988037,-0.01609892211854458,0.8031546473503113,0.3307618498802185,-0.02259610965847969,0.836237370967865,0.5498606562614441,-0.006017681211233139,0.8325148820877075,0.458457887172699,-0.013575075194239616,0.8284120559692383,0.40237370133399963,-0.018080437555909157,0.8237408995628357,0.3525950610637665,-0.02210099622607231,0.8635752201080322,0.5766288638114929,-0.013488593511283398,0.863618016242981,0.5063061118125916,-0.021554164588451385,0.8596616387367249,0.4635489881038666,-0.024070657789707184,0.8538853526115417,0.424508661031723,-0.025775831192731857,Hello!
0.8272666335105896,0.776092529296875,2.3782884284173633e-07,0.7792522311210632,0.731102466583252,-0.01729205809533596,0.7504256963729858,0.6525759100914001,-0.023788990452885628,0.7386117577552795,0.576012909412384,-0.029519567266106606,0.7311110496520996,0.5092191696166992,-0.03385051712393761,0.7855781316757202,0.5423099994659424,-0.0005774134770035744,0.7840858101844788,0.4502556622028351,-0.011935349553823471,0.7844812870025635,0.39693373441696167,-0.023686911910772324,0.786255955696106,0.3485318124294281,-0.032526370137929916,0.8123883605003357,0.5371383428573608,-0.001682584872469306,0.8085375428199768,0.43925902247428894,-0.009041777811944485,0.8065963387489319,0.3797936737537384,-0.017347857356071472,0.8046852946281433,0.3291011452674866,-0.023999234661459923,0.8371965289115906,0.5495764017105103,-0.006782492157071829,0.83344566822052,0.45753049850463867,-0.014688265509903431,0.8294286131858826,0.4009247422218323,-0.019336232915520668,0.8248299956321716,0.35042232275009155,-0.023415233939886093,0.8645725250244141,0.5762954950332642,-0.014500970020890236,0.8642971515655518,0.5056082606315613,-0.02279391884803772,0.860240638256073,0.4621729850769043,-0.025420572608709335,0.8543660044670105,0.4223111569881439,-0.02718331851065159,Hello!
0.827265739440918,0.7759032845497131,2.3984495101103676e-07,0.7789742946624756,0.7302924990653992,-0.01741761714220047,0.7502689361572266,0.6519286632537842,-0.02396254427731037,0.7387366890907288,0.5756407380104065,-0.02972313202917576,0.731170654296875,0.5091560482978821,-0.034097179770469666,0.7857181429862976,0.5422863960266113,-0.0007101747905835509,0.7843917012214661,0.4501824975013733,-0.012153392657637596,0.7847723960876465,0.39675989747047424,-0.023957230150699615,0.7864425182342529,0.3482564389705658,-0.032796550542116165,0.8125029802322388,0.5372143387794495,-0.001793798990547657,0.8088239431381226,0.4393555223941803,-0.009278460405766964,0.8068521618843079,0.3797726035118103,-0.01768552139401436,0.8049252033233643,0.32885807752609253,-0.024385903030633926,0.8371712565422058,0.5496556758880615,-0.006882343906909227,0.8336884379386902,0.457617849111557,-0.014888581819832325,0.8297011852264404,0.40091341733932495,-0.019634904339909554,0.8251473307609558,0.35037049651145935,-0.02374577522277832,0.864393949508667,0.5763063430786133,-0.014597978442907333,0.8642742037773132,0.5054131746292114,-0.022952912375330925,0.8602455258369446,0.46177348494529724,-0.025606676936149597,0.8544026017189026,0.42180830240249634,-0.02736040949821472,Hello!
0.827489972114563,0.7755539417266846,2.398187177732325e-07,0.7791948914527893,0.7301082611083984,-0.01735246181488037,0.7505526542663574,0.6518979668617249,-0.023787900805473328,0.7389121651649475,0.5756765007972717,-0.02946815825998783,0.731432318687439,0.5091999173164368,-0.033764034509658813,0.785853385925293,0.5420414209365845,-0.0001421815832145512,0.7845026850700378,0.45006996393203735,-0.0113559290766716,0.7848994731903076,0.3967415392398834,-0.02310958132147789,0.7866401076316833,0.3482387363910675,-0.03196678310632706,0.8127018809318542,0.5369502902030945,-0.0012226715916767716,0.8089134693145752,0.4390679895877838,-0.008509577251970768,0.8068901896476746,0.3795391619205475,-0.016964176669716835,0.8049968481063843,0.3286408483982086,-0.023733260110020638,0.8373733758926392,0.5495243668556213,-0.006323140114545822,0.8337683081626892,0.45739075541496277,-0.014218318276107311,0.8296962976455688,0.40060514211654663,-0.019008610397577286,0.8251739740371704,0.34988394379615784,-0.023187818005681038,0.8646630048751831,0.5763077735900879,-0.014046945609152317,0.8644996285438538,0.5053870677947998,-0.022315852344036102,0.8604928851127625,0.46193206310272217,-0.02493348717689514,0.8547162413597107,0.4220038652420044,-0.026691995561122894,Hello!
0.828119158744812,0.7756701707839966,2.431704331229412e-07,0.7794039845466614,0.7312772274017334,-0.017945418134331703,0.7509291768074036,0.6527994871139526,-0.024405576288700104,0.7391018271446228,0.576290488243103,-0.029966657981276512,0.7317613959312439,0.5096048712730408,-0.034102339297533035,0.7861538529396057,0.5430943965911865,-0.00030334587791003287,0.7848893404006958,0.45137619972229004,-0.011443191207945347,0.7853179574012756,0.3978668749332428,-0.023216163739562035,0.7871447205543518,0.34927743673324585,-0.03208989277482033,0.8131256699562073,0.537869930267334,-0.0009667802369222045,0.8093991875648499,0.4401114583015442,-0.008037236519157887,0.807438850402832,0.38036999106407166,-0.016361285001039505,0.8055915236473083,0.3293459117412567,-0.02307959645986557,0.8377163410186768,0.5502851009368896,-0.005726182367652655,0.8341864347457886,0.458413302898407,-0.013429985381662846,0.8301251530647278,0.40146952867507935,-0.018152737990021706,0.8256780505180359,0.3505757749080658,-0.02232806198298931,0.8649356365203857,0.5766410231590271,-0.013182608410716057,0.8647403120994568,0.5060723423957825,-0.021352695301175117,0.8605137467384338,0.46268558502197266,-0.02399359457194805,0.854605495929718,0.4226478636264801,-0.02579803764820099,Hello!
0.8717514276504517,0.5407740473747253,2.801112088945956e-07,0.8338882923126221,0.5079247951507568,-0.019193554297089577,0.802555501461029,0.45495298504829407,-0.026567529886960983,0.78535395860672,0.39952951669692993,-0.03186500817537308,0.7739311456680298,0.3518171012401581,-0.03540613129734993,0.8271691203117371,0.3652487099170685,-0.0065534538589417934,0.8224048018455505,0.2883680760860443,-0.016583191230893135,0.8231233954429626,0.24327702820301056,-0.026177866384387016,0.8250262141227722,0.20484814047813416,-0.03244250640273094,0.8462709784507751,0.3597257137298584,-0.003501555882394314,0.8410884737968445,0.28026989102363586,-0.00908358208835125,0.8400508761405945,0.23329836130142212,-0.014556829817593098,0.8399916887283325,0.19442234933376312,-0.018431417644023895,0.864856481552124,0.3665415942668915,-0.0038120022509247065,0.8595731258392334,0.2947064936161041,-0.008954284712672234,0.856450617313385,0.25138604640960693,-0.011093853041529655,0.8546651601791382,0.21530191600322723,-0.012581691145896912,0.8857672214508057,0.38417500257492065,-0.006664932239800692,0.8830830454826355,0.3306151032447815,-0.010611960664391518,0.8802047967910767,0.2983238101005554,-0.01053379662334919,0.8777961134910583,0.2707709074020386,-0.009981240145862103,Hello!
0.3277917504310608,0.5642421245574951,1.9822952879167133e-07,0.28721994161605835,0.5301554799079895,-0.012558134272694588,0.26194125413894653,0.4632425010204315,-0.018977569416165352,0.2438073754310608,0.407214879989624,-0.025379562750458717,0.22152459621429443,0.3669675886631012,-0.031846363097429276,0.2982065677642822,0.3494681417942047,-0.005963342264294624,0.29528555274009705,0.2656782567501068,-0.01633082702755928,0.2888511121273041,0.21391844749450684,-0.026648901402950287,0.2820442318916321,0.16985273361206055,-0.03474927693605423,0.31995871663093567,0.3444724678993225,-0.009838605299592018,0.32112693786621094,0.2549099028110504,-0.018394075334072113,0.31777212023735046,0.19734402000904083,-0.028011759743094444,0.3131098449230194,0.14919635653495789,-0.03569158539175987,0.34059157967567444,0.3548964262008667,-0.016186943277716637,0.3483465909957886,0.2722031772136688,-0.025284113362431526,0.35126975178718567,0.217875674366951,-0.03252274915575981,0.35136663913726807,0.16953544318675995,-0.038388513028621674,0.36004015803337097,0.37832215428352356,-0.024217456579208374,0.3721684217453003,0.3147352337837219,-0.03235618397593498,0.3789767324924469,0.2710072100162506,-0.03595609590411186,0.38329198956489563,0.22999919950962067,-0.038824308663606644,Hello!
0.8441365957260132,0.995668888092041,2.47687609089553e-07,0.801879346370697,0.9660470485687256,-0.017240887507796288,0.7706223130226135,0.9010996222496033,-0.023324493318796158,0.7563342452049255,0.8350146412849426,-0.028080539777874947,0.7507194876670837,0.7770242691040039,-0.030920332297682762,0.791637122631073,0.7966535091400146,0.0007757205748930573,0.7865689396858215,0.7163956761360168,-0.008256395347416401,0.7857682108879089,0.6698504090309143,-0.018540088087320328,0.7861514687538147,0.6285223364830017,-0.026242928579449654,0.814253568649292,0.7888340353965759,0.0013127728598192334,0.8070545792579651,0.7039816975593567,-0.003766417969018221,0.8034440279006958,0.653872013092041,-0.011000840924680233,0.8004769682884216,0.6100700497627258,-0.016879167407751083,0.8349127173423767,0.7964739799499512,-0.0018560226308181882,0.8283407688140869,0.7177340388298035,-0.006425040774047375,0.8238162994384766,0.669901967048645,-0.008976981975138187,0.8205211162567139,0.6275849938392639,-0.011808251962065697,0.8588326573371887,0.8154892921447754,-0.007734097074717283,0.8533729314804077,0.7549226880073547,-0.011654493398964405,0.8484958410263062,0.7175596952438354,-0.011636077426373959,0.8443948030471802,0.6831758618354797,-0.011865069158375263,Hello!
0.6780201196670532,0.3970900774002075,1.8065267681777186e-07,0.6459591388702393,0.3749665319919586,-0.01396922953426838,0.6241902112960815,0.3284122347831726,-0.02000178024172783,0.6148043274879456,0.2801305055618286,-0.024860059842467308,0.6060166954994202,0.23919939994812012,-0.02901972085237503,0.6470145583152771,0.24881218373775482,-0.007566909771412611,0.6450406908988953,0.18850067257881165,-0.016771111637353897,0.6446248888969421,0.1519668996334076,-0.025346681475639343,0.6450733542442322,0.11927752941846848,-0.031658921390771866,0.6645231246948242,0.24252793192863464,-0.007753652520477772,0.6622523069381714,0.17730654776096344,-0.014509415253996849,0.6611343026161194,0.13701139390468597,-0.020949047058820724,0.6606101393699646,0.10266164690256119,-0.026016715914011,0.6807706356048584,0.24837149679660797,-0.010351106524467468,0.6791940331459045,0.18826144933700562,-0.017027614638209343,0.6778258681297302,0.14960935711860657,-0.02121576853096485,0.6761396527290344,0.1151040568947792,-0.024714713916182518,0.6984724998474121,0.263993501663208,-0.014717611484229565,0.6996722221374512,0.21825912594795227,-0.0212712399661541,0.6984454393386841,0.18889014422893524,-0.02379223145544529,0.6959123611450195,0.16214540600776672,-0.02555120177567005,Hello!
0.9166495203971863,0.8732107281684875,2.3369672419448762e-07,0.8790199160575867,0.832356333732605,-0.017065269872546196,0.8520240187644958,0.7744835019111633,-0.02346661500632763,0.8375679850578308,0.7179277539253235,-0.028314577415585518,0.825930118560791,0.6698391437530518,-0.03177618235349655,0.8808237910270691,0.6870741248130798,-0.002821310656145215,0.8764888644218445,0.6152551770210266,-0.01220658142119646,0.8773651123046875,0.5741854310035706,-0.022041436284780502,0.8798556923866272,0.5363759398460388,-0.02949180081486702,0.9023988246917725,0.683445155620575,-0.001856136485002935,0.8987367749214172,0.6068670153617859,-0.00846892036497593,0.898769736289978,0.5615459680557251,-0.01602177880704403,0.8990254402160645,0.5219295024871826,-0.02201850153505802,0.9228288531303406,0.6949971318244934,-0.004322644788771868,0.9210747480392456,0.6233740448951721,-0.012364457361400127,0.9201738238334656,0.5799372792243958,-0.017739862203598022,0.918646514415741,0.5415117144584656,-0.021740276366472244,0.9456920027732849,0.7178623676300049,-0.008867419324815273,0.9497796893119812,0.6634288430213928,-0.016688691452145576,0.9499608278274536,0.6294581890106201,-0.019903630018234253,0.9486428499221802,0.5965837836265564,-0.02202426828444004,Hello!
0.5856110453605652,0.8042949438095093,1.1212586770170674e-07,0.5536341071128845,0.7610781788825989,-0.010540545918047428,0.541667640209198,0.6880910396575928,-0.012404766865074635,0.5443239212036133,0.6269840002059937,-0.014462839812040329,0.5461063981056213,0.5793533325195312,-0.016000786796212196,0.5857491493225098,0.6195390820503235,0.0036633056588470936,0.5921480059623718,0.5511766672134399,-0.002628711750730872,0.5940564870834351,0.5085312128067017,-0.010486731305718422,0.5961094498634338,0.47023558616638184,-0.017040561884641647,0.6069376468658447,0.6233440637588501,0.0014306921511888504,0.6138526797294617,0.5493830442428589,-0.0031483506318181753,0.6165603995323181,0.5005499124526978,-0.010276112705469131,0.6186583638191223,0.45892274379730225,-0.01627453789114952,0.6249822378158569,0.6385920643806458,-0.0035953226033598185,0.6341060400009155,0.5707604289054871,-0.009042765945196152,0.6382380723953247,0.5271127223968506,-0.013735335320234299,0.640814483165741,0.4872644245624542,-0.017940832301974297,0.6417791843414307,0.6634211540222168,-0.010439209640026093,0.6521191596984863,0.6117843985557556,-0.016012022271752357,0.6571657061576843,0.5780084729194641,-0.018432967364788055,0.6608277559280396,0.5452823042869568,-0.02051611989736557,Hello!
0.6507723927497864,0.8334547877311707,2.122670395010573e-07,0.6260948777198792,0.7583367228507996,-0.012482745572924614,0.6264815926551819,0.6748432517051697,-0.015393911860883236,0.6403405070304871,0.6110385656356812,-0.018117472529411316,0.6517412066459656,0.5601160526275635,-0.019632559269666672,0.6900395154953003,0.6288442611694336,0.006247384939342737,0.7174488306045532,0.5697426199913025,0.0004220582777634263,0.734637439250946,0.5360175967216492,-0.007781121879816055,0.7507034540176392,0.5058653950691223,-0.014538215473294258,0.7110103964805603,0.6507823467254639,0.004670843947678804,0.7394717335700989,0.5848812460899353,0.0019088088301941752,0.7571689486503601,0.5472215414047241,-0.0031761913560330868,0.7724681496620178,0.5139363408088684,-0.0077844951301813126,0.7240606546401978,0.6811810731887817,-0.00042385314009152353,0.7494301795959473,0.6215029358863831,-0.0037141742650419474,0.763631284236908,0.5843935608863831,-0.005148474592715502,0.7760711908340454,0.5507426261901855,-0.0073029715567827225,0.7346774339675903,0.723318338394165,-0.007925139740109444,0.7545768022537231,0.675232470035553,-0.011385778896510601,0.7650544047355652,0.6434015035629272,-0.011176688596606255,0.7741333246231079,0.6128332018852234,-0.011342549696564674,Hello!
0.7564234137535095,0.6111445426940918,1.943479333021969e-07,0.7155575752258301,0.5644530653953552,-0.014331797137856483,0.6940256953239441,0.4905870854854584,-0.018336066976189613,0.6918190121650696,0.421404629945755,-0.02159474417567253,0.6891446709632874,0.36500877141952515,-0.02398129552602768,0.7321176528930664,0.40413013100624084,-0.0010894073639065027,0.7342187166213989,0.3243323564529419,-0.009980421513319016,0.7362423539161682,0.2770548164844513,-0.01936989463865757,0.7387546896934509,0.23509778082370758,-0.026525022462010384,0.7567982077598572,0.4059007167816162,-0.001967068063095212,0.7576556205749512,0.3212297558784485,-0.007757377345114946,0.7581519484519958,0.26908302307128906,-0.014945280738174915,0.7586057186126709,0.22524061799049377,-0.02067532204091549,0.7790958881378174,0.4214576780796051,-0.0060165049508214,0.782050371170044,0.3447299003601074,-0.012606109492480755,0.7829777598381042,0.297018438577652,-0.017043359577655792,0.783109188079834,0.25459128618240356,-0.02078751102089882,0.8020294308662415,0.4487089514732361,-0.01220199279487133,0.8072402477264404,0.3919259011745453,-0.01884576305747032,0.8079000115394592,0.35564854741096497,-0.02101922780275345,0.8072426319122314,0.32177087664604187,-0.022507483139634132,Hello!
0.6311341524124146,0.6316806077957153,2.2416324441110191e-07,0.5934268832206726,0.5925313234329224,-0.016473660245537758,0.5691329836845398,0.530429482460022,-0.02304297685623169,0.5600716471672058,0.4686548411846161,-0.028282592073082924,0.5572649240493774,0.41564908623695374,-0.03227060288190842,0.5982636213302612,0.45028412342071533,-0.005685515236109495,0.5971572399139404,0.37547925114631653,-0.0165402889251709,0.5977656245231628,0.33121705055236816,-0.026591641828417778,0.5991299748420715,0.29235970973968506,-0.0335959792137146,0.6185200214385986,0.449603796005249,-0.004854636266827583,0.6166980266571045,0.37269338965415955,-0.01197501178830862,0.615559995174408,0.32652801275253296,-0.018640758469700813,0.6141790151596069,0.28640252351760864,-0.023565104231238365,0.6371455192565918,0.46123892068862915,-0.00707410741597414,0.635123074054718,0.3938738703727722,-0.013921127654612064,0.6319259405136108,0.3532038629055023,-0.016430389136075974,0.628730833530426,0.3167758584022522,-0.018329769372940063,0.6575159430503845,0.4838050603866577,-0.011550513096153736,0.6577181220054626,0.43273216485977173,-0.017481766641139984,0.6557722091674805,0.4014464318752289,-0.01803584396839142,0.6530598402023315,0.37258246541023254,-0.01797659322619438,Hello!
0.5097399950027466,0.6441304683685303,4.7299330674377416e-08,0.47868791222572327,0.6021360754966736,-0.00022851669928058982,0.4734073877334595,0.5315166115760803,0.0026805312372744083,0.47746992111206055,0.4780040681362152,0.0031682588160037994,0.4758455455303192,0.4395661950111389,0.0035743732005357742,0.4986482858657837,0.4396933317184448,0.013642077334225178,0.4993620216846466,0.3678853511810303,0.009730885736644268,0.4945123791694641,0.3225960433483124,0.0034682690165936947,0.4894428253173828,0.2816488742828369,-0.00231823674403131,0.5142471194267273,0.4342828691005707,0.006122880149632692,0.5157199501991272,0.353266179561615,0.001968576107174158,0.5113845467567444,0.29994744062423706,-0.005466390401124954,0.5067878365516663,0.25301745533943176,-0.01168842799961567,0.5288720726966858,0.44330260157585144,-0.0034252936020493507,0.5346404910087585,0.3635834753513336,-0.00891799759119749,0.535236120223999,0.31332311034202576,-0.015331683680415154,0.5340733528137207,0.2680615186691284,-0.020673612132668495,0.5427985787391663,0.4630666971206665,-0.013906357809901237,0.550020694732666,0.400456964969635,-0.01918645016849041,0.5525373220443726,0.3571729362010956,-0.02253037318587303,0.5533701777458191,0.3162185251712799,-0.025603434070944786,Hello!
0.27348223328590393,0.7438868284225464,2.5540535375512263e-07,0.3188326060771942,0.7258063554763794,-0.016628345474600792,0.35682472586631775,0.6615462899208069,-0.01956789568066597,0.3800784647464752,0.6021463871002197,-0.02150649204850197,0.3999841809272766,0.5601193904876709,-0.022551583126187325,0.3404691219329834,0.545890748500824,-0.00013687307364307344,0.3552829325199127,0.469267338514328,-0.006936367601156235,0.36211445927619934,0.42100444436073303,-0.015209222212433815,0.36704644560813904,0.37880852818489075,-0.02177373692393303,0.31701982021331787,0.5316756367683411,0.0005888446466997266,0.3326593041419983,0.4527958929538727,-0.004323046188801527,0.34250813722610474,0.4003441631793976,-0.012180018238723278,0.3504197597503662,0.3573194444179535,-0.018344946205615997,0.29267120361328125,0.5334346890449524,-0.001960138324648142,0.30424025654792786,0.457588791847229,-0.008073179982602596,0.31325215101242065,0.40879055857658386,-0.014567340724170208,0.3221391439437866,0.3666585385799408,-0.019573388621211052,0.265811562538147,0.5473157167434692,-0.006705899257212877,0.2693283259868622,0.48715272545814514,-0.013880840502679348,0.27322643995285034,0.44779717922210693,-0.017527446150779724,0.27874377369880676,0.4101509749889374,-0.019899534061551094,Hello!
0.2717994749546051,0.7589259147644043,2.3572749796585413e-07,0.31896281242370605,0.7331126928329468,-0.013720790855586529,0.35536980628967285,0.6615699529647827,-0.014694496989250183,0.3774488568305969,0.5999367237091064,-0.015617293305695057,0.3965449929237366,0.5582341551780701,-0.01590103842318058,0.33388006687164307,0.5461666584014893,0.005240603815764189,0.3450907766819,0.46554094552993774,0.00016063915973063558,0.34965431690216064,0.41578638553619385,-0.0075154984369874,0.35278409719467163,0.37240052223205566,-0.014016078785061836,0.3100390136241913,0.5351381301879883,0.00443749176338315,0.3231368660926819,0.4505802392959595,0.0011149229248985648,0.33153796195983887,0.3955954313278198,-0.006488893646746874,0.3381800949573517,0.35162419080734253,-0.012768421322107315,0.28552451729774475,0.5402848124504089,0.0002884787681978196,0.29539650678634644,0.4590650200843811,-0.004922500345855951,0.3029981851577759,0.4069758653640747,-0.011932053603231907,0.31031644344329834,0.362871915102005,-0.017621034756302834,0.25861024856567383,0.5576692819595337,-0.0059209284372627735,0.2596575915813446,0.4948178827762604,-0.013013559393584728,0.2613413333892822,0.4529385566711426,-0.01724052056670189,0.2644858956336975,0.41245535016059875,-0.020283769816160202,Hello!
0.5949739813804626,0.8048315048217773,1.6615729236946208e-07,0.6347724199295044,0.7601873874664307,6.886155460961163e-05,0.6483802795410156,0.6791837215423584,0.001849813968874514,0.6572459936141968,0.626396656036377,0.0005662555922754109,0.6661949157714844,0.590165913105011,-0.001021465053781867,0.6267639398574829,0.5716380476951599,0.009736238047480583,0.6277872323989868,0.48996502161026,0.00167898612562567,0.6329839825630188,0.44100460410118103,-0.007122480776160955,0.6387700438499451,0.3971823453903198,-0.014370308257639408,0.6081296801567078,0.5638578534126282,0.0007423671195283532,0.6102133989334106,0.47539883852005005,-0.0057034981437027454,0.6191427707672119,0.4196891784667969,-0.0132804736495018,0.6279217600822449,0.3715743124485016,-0.019642585888504982,0.5904279947280884,0.5738429427146912,-0.010519926436245441,0.5861725211143494,0.48649001121520996,-0.017327018082141876,0.589695394039154,0.4303223192691803,-0.023624181747436523,0.5947498679161072,0.37932679057121277,-0.029096480458974838,0.5730388760566711,0.599168598651886,-0.0227211844176054,0.5640667080879211,0.5316073298454285,-0.03017866238951683,0.5635344386100769,0.48410171270370483,-0.03428654745221138,0.565622091293335,0.43772441148757935,-0.0379316471517086,Hello!
0.22358794510364532,0.7485090494155884,2.68514440904255e-07,0.2719535231590271,0.724842369556427,-0.022604763507843018,0.31528809666633606,0.6557191610336304,-0.02755112200975418,0.34260472655296326,0.5881612300872803,-0.030551716685295105,0.3638749420642853,0.5370745062828064,-0.03245247155427933,0.29502665996551514,0.5289774537086487,-0.004134324379265308,0.3079487085342407,0.4416298270225525,-0.012056690640747547,0.31218209862709045,0.3865552842617035,-0.021179132163524628,0.31518781185150146,0.3399989604949951,-0.028150374069809914,0.2684837877750397,0.5150755047798157,-0.0010164461564272642,0.28091228008270264,0.422748863697052,-0.006174704059958458,0.2872219681739807,0.3618214726448059,-0.014456651173532009,0.29188627004623413,0.3138032853603363,-0.020871775224804878,0.24180395901203156,0.5194874405860901,-0.0017805262468755245,0.25084754824638367,0.43353360891342163,-0.00831968430429697,0.2572309970855713,0.3810482919216156,-0.015577799640595913,0.2635197639465332,0.3369899392127991,-0.021036868914961815,0.2134760469198227,0.5376798510551453,-0.005338526330888271,0.2141941785812378,0.47382619976997375,-0.012969637289643288,0.21548350155353546,0.43325743079185486,-0.017131013795733452,0.21814902126789093,0.3948436379432678,-0.01970362477004528,Hello!
0.22185787558555603,0.7554977536201477,2.6216744686280435e-07,0.2703160047531128,0.7293182015419006,-0.021537793800234795,0.3146333694458008,0.6561263203620911,-0.025500547140836716,0.34240975975990295,0.5866308808326721,-0.027826543897390366,0.3633561134338379,0.5346202254295349,-0.02907191403210163,0.2927600145339966,0.5287191271781921,-0.0019126811530441046,0.30603450536727905,0.4396216869354248,-0.008908435702323914,0.3101551830768585,0.38383251428604126,-0.017525402829051018,0.31281545758247375,0.3367599844932556,-0.024297036230564117,0.26582878828048706,0.5144673585891724,0.0006014585960656404,0.27815377712249756,0.41923147439956665,-0.003769588889554143,0.2845470607280731,0.3570859134197235,-0.011812695302069187,0.28906676173210144,0.30857977271080017,-0.018200287595391273,0.23874294757843018,0.5191043615341187,-0.0008274805149994791,0.24801404774188995,0.43006840348243713,-0.006759656593203545,0.25455722212791443,0.3760903477668762,-0.014190130867064,0.26082929968833923,0.3311830759048462,-0.020048238337039948,0.20999972522258759,0.53752201795578,-0.005015714559704065,0.20959630608558655,0.47208279371261597,-0.012484868988394737,0.21000877022743225,0.43007153272628784,-0.016904808580875397,0.21216151118278503,0.3902132511138916,-0.01982750929892063,Hello!
0.28191882371902466,0.47832438349723816,2.8821466457884526e-07,0.32825589179992676,0.45343688130378723,-0.017064491286873817,0.36505773663520813,0.3956853151321411,-0.0217242781072855,0.3869764804840088,0.33429914712905884,-0.025574853643774986,0.4037221670150757,0.28300875425338745,-0.028727741912007332,0.34075555205345154,0.2802281081676483,-0.0014874443877488375,0.35289597511291504,0.20073528587818146,-0.009706608951091766,0.35769885778427124,0.15046405792236328,-0.01886153407394886,0.36146119236946106,0.10698932409286499,-0.025693703442811966,0.31543785333633423,0.2668173909187317,-0.0012351544573903084,0.3262117803096771,0.17955726385116577,-0.007701552473008633,0.3325004279613495,0.12157099694013596,-0.016912683844566345,0.3374163508415222,0.07528997957706451,-0.023910537362098694,0.2901047468185425,0.2706909775733948,-0.004091199021786451,0.2965986132621765,0.1905335932970047,-0.011344256810843945,0.30244994163513184,0.14068572223186493,-0.018010925501585007,0.30860841274261475,0.09834957867860794,-0.022878555580973625,0.2634080648422241,0.28669533133506775,-0.009075278416275978,0.26654601097106934,0.22361965477466583,-0.016532178968191147,0.2713831067085266,0.18402758240699768,-0.019727442413568497,0.2778709828853607,0.14635871350765228,-0.021599330008029938,Hello!
0.3240329623222351,0.969017505645752,2.3989139208424604e-07,0.36419641971588135,0.9327778816223145,-0.013120478950440884,0.3933267295360565,0.8589786291122437,-0.015990804880857468,0.40961912274360657,0.7979380488395691,-0.018945766612887383,0.42438173294067383,0.7488935589790344,-0.021264977753162384,0.36718249320983887,0.7527118921279907,0.0027051253709942102,0.375143826007843,0.6750035881996155,-0.004819096531718969,0.3787253201007843,0.6268465518951416,-0.01371037121862173,0.381439745426178,0.5842357873916626,-0.02055457979440689,0.34396645426750183,0.7453543543815613,0.000695130554959178,0.35323309898376465,0.6638234853744507,-0.004704644903540611,0.359295517206192,0.6103973388671875,-0.012955685146152973,0.36429399251937866,0.5649163126945496,-0.019540613517165184,0.3208015561103821,0.7541585564613342,-0.004509367980062962,0.32558131217956543,0.6765139698982239,-0.010822651907801628,0.33024460077285767,0.6268378496170044,-0.017484581097960472,0.3351967930793762,0.583310067653656,-0.022780772298574448,0.2966388761997223,0.7758892178535461,-0.011702105402946472,0.29531219601631165,0.7143937945365906,-0.018582401797175407,0.2957383990287781,0.6738285422325134,-0.021847086027264595,0.2976022958755493,0.6352195739746094,-0.024203624576330185,Hello!
0.18903478980064392,0.7648053765296936,2.1417059770101332e-07,0.22840698063373566,0.7441660165786743,-0.02009470760822296,0.26264482736587524,0.6864643096923828,-0.025249861180782318,0.28467270731925964,0.6281399726867676,-0.0284758098423481,0.3032679259777069,0.5835299491882324,-0.030722541734576225,0.24450042843818665,0.5815163850784302,-0.006493847817182541,0.25514763593673706,0.5043743252754211,-0.014805616810917854,0.25888878107070923,0.4571239948272705,-0.022920707240700722,0.26116812229156494,0.41736021637916565,-0.028877442702651024,0.2243490368127823,0.5722609758377075,-0.003443013411015272,0.23459412157535553,0.49151840806007385,-0.009976011700928211,0.23998644948005676,0.4401440918445587,-0.017616791650652885,0.24371762573719025,0.4002309739589691,-0.02314714342355728,0.20471669733524323,0.5785537362098694,-0.0035614408552646637,0.21359482407569885,0.5041850805282593,-0.011240525171160698,0.22005505859851837,0.4595922827720642,-0.017532605677843094,0.22570326924324036,0.4224911332130432,-0.021767660975456238,0.1840209662914276,0.5963321328163147,-0.005922652315348387,0.18835817277431488,0.5426268577575684,-0.013941921293735504,0.1920762062072754,0.507363498210907,-0.017818180844187737,0.19550059735774994,0.4744688868522644,-0.019940054044127464,Hello!
0.8137750625610352,0.7345926761627197,2.5631192102082423e-07,0.7678138613700867,0.7048898935317993,-0.01658584363758564,0.7329131960868835,0.6517124176025391,-0.02244456112384796,0.7131460309028625,0.5942277312278748,-0.027058737352490425,0.6972888112068176,0.5462479591369629,-0.030588297173380852,0.7561646103858948,0.5538854002952576,-0.004590080119669437,0.742362380027771,0.47663766145706177,-0.015137811191380024,0.7366108298301697,0.429980993270874,-0.025181658565998077,0.7327132821083069,0.3886071741580963,-0.03233707323670387,0.7798755168914795,0.5432624220848083,-0.004523453768342733,0.7684382200241089,0.45909249782562256,-0.01112501509487629,0.7627026438713074,0.4093010425567627,-0.01826648600399494,0.7579823732376099,0.36793529987335205,-0.023825444281101227,0.8034650087356567,0.5484672784805298,-0.00776372104883194,0.7950450778007507,0.47386816143989563,-0.015149218030273914,0.788901686668396,0.42891186475753784,-0.01945999078452587,0.7831348776817322,0.39056122303009033,-0.022867951542139053,0.8293964266777039,0.5660343170166016,-0.013184341602027416,0.8301057815551758,0.5095633268356323,-0.019567962735891342,0.8283831477165222,0.474593847990036,-0.021026507019996643,0.8256567120552063,0.4426265060901642,-0.022008264437317848,Hello!
0.8336862325668335,0.7515634894371033,2.6077955794789887e-07,0.7912126183509827,0.7144801616668701,-0.018008878454566002,0.7576703429222107,0.6499514579772949,-0.023713285103440285,0.7357475757598877,0.5891578793525696,-0.02789163962006569,0.714344322681427,0.5500141978263855,-0.030944541096687317,0.791043221950531,0.5497461557388306,-0.003045043908059597,0.7799527049064636,0.46979182958602905,-0.012152477167546749,0.7756314873695374,0.4216201603412628,-0.02179536409676075,0.7735387682914734,0.37832871079444885,-0.02923259139060974,0.8154371976852417,0.542954683303833,-0.001862341188825667,0.8079913258552551,0.4574296772480011,-0.007293371018022299,0.804843544960022,0.40495437383651733,-0.01389983668923378,0.8025850653648376,0.3614368140697479,-0.019213635474443436,0.8396416902542114,0.5544335246086121,-0.0042505767196416855,0.8360574245452881,0.4774356484413147,-0.011031772010028362,0.8329647779464722,0.4304240345954895,-0.015597064048051834,0.8298007249832153,0.390360027551651,-0.019227685406804085,0.8651739358901978,0.5790626406669617,-0.008989803493022919,0.8720473051071167,0.5246569514274597,-0.014943012036383152,0.873965322971344,0.4893840253353119,-0.01697957143187523,0.8753167986869812,0.45531052350997925,-0.018538841977715492,Hello!
0.9255287647247314,0.5258103013038635,2.817714914726821e-07,0.8782009482383728,0.48393669724464417,-0.01595696620643139,0.8444008827209473,0.4188045859336853,-0.021682264283299446,0.8256487846374512,0.3561569154262543,-0.02656165137887001,0.8109201192855835,0.30906403064727783,-0.030412590131163597,0.8775718212127686,0.32325422763824463,-0.002683795988559723,0.8752825260162354,0.23372386395931244,-0.013462972827255726,0.8771854639053345,0.181294783949852,-0.024256039410829544,0.8795093297958374,0.13663339614868164,-0.031428012996912,0.9021021723747253,0.3192034959793091,-0.0024293134920299053,0.8990220427513123,0.22763779759407043,-0.007831307128071785,0.8987658619880676,0.17356307804584503,-0.013966669328510761,0.8988317847251892,0.129878431558609,-0.018621856346726418,0.9260560274124146,0.3283725678920746,-0.005522462539374828,0.9238044619560242,0.2443925440311432,-0.010506520979106426,0.9214103817939758,0.19507475197315216,-0.011871586553752422,0.9197145104408264,0.15598420798778534,-0.01304064691066742,0.9523419141769409,0.34950563311576843,-0.011079913936555386,0.9534148573875427,0.28628596663475037,-0.01460907980799675,0.951304018497467,0.24862177670001984,-0.012875553220510483,0.9483877420425415,0.21799202263355255,-0.011225693859159946,Hello!
0.7312904596328735,0.7631353735923767,2.2907030938768003e-07,0.695762574672699,0.7148785591125488,-0.015324567444622517,0.6698923110961914,0.6452126502990723,-0.021420691162347794,0.6505483388900757,0.5886502861976624,-0.026583092287182808,0.6361902952194214,0.5438808798789978,-0.030866773799061775,0.7183656096458435,0.565547525882721,-0.006718476768583059,0.7156621217727661,0.4878981113433838,-0.015739187598228455,0.7149701714515686,0.4410637319087982,-0.023861447349190712,0.7154492139816284,0.40179336071014404,-0.0298338383436203,0.7435113191604614,0.5718989968299866,-0.006984341889619827,0.7472246289253235,0.49445298314094543,-0.01144150085747242,0.7493270635604858,0.4460231065750122,-0.016046108677983284,0.750455379486084,0.4083173871040344,-0.0196892861276865,0.7663521766662598,0.5945243835449219,-0.010218814015388489,0.7748582363128662,0.5297792553901672,-0.016643207520246506,0.7790642976760864,0.4910585582256317,-0.019835393875837326,0.7817895412445068,0.4563143849372864,-0.022090183570981026,0.7866874933242798,0.6294061541557312,-0.015388425439596176,0.80420982837677,0.5885300636291504,-0.022125115618109703,0.8145715594291687,0.5621267557144165,-0.023849714547395706,0.8243564963340759,0.5353535413742065,-0.024487923830747604,Hello!
0.9478827118873596,0.5136727690696716,2.649882446803531e-07,0.8997529745101929,0.46165668964385986,-0.01590043306350708,0.8658081293106079,0.39189308881759644,-0.0172729529440403,0.8497248291969299,0.32601985335350037,-0.01736779697239399,0.8372764587402344,0.27252912521362305,-0.016070691868662834,0.9000430703163147,0.3245147168636322,0.0062516843900084496,0.8955195546150208,0.2468876838684082,0.002056914148852229,0.8966237902641296,0.20148581266403198,-0.004837824497371912,0.8975520133972168,0.16116611659526825,-0.010110392235219479,0.9253315925598145,0.32934892177581787,0.00884290225803852,0.9215224981307983,0.25302404165267944,0.01008553896099329,0.9199488759040833,0.20727545022964478,0.00597793934866786,0.9192661046981812,0.17037299275398254,0.001990275224670768,0.9483771920204163,0.34654244780540466,0.00792971346527338,0.9473883509635925,0.27823272347450256,0.0076691764406859875,0.9455577731132507,0.2406269609928131,0.007556240074336529,0.9444754123687744,0.20919962227344513,0.006641048938035965,0.9735298752784729,0.372286319732666,0.004548404831439257,0.9775032997131348,0.326666921377182,0.00413777120411396,0.9776320457458496,0.29758337140083313,0.006812938489019871,0.9772851467132568,0.2712191641330719,0.008631856180727482,Hello!
0.26778391003608704,0.6478558778762817,3.072349130661678e-08,0.23676985502243042,0.6018272042274475,0.010843352414667606,0.22846829891204834,0.5392582416534424,0.01903497241437435,0.21955439448356628,0.49799293279647827,0.022903723642230034,0.2064148485660553,0.46525487303733826,0.026226121932268143,0.2525472939014435,0.442984014749527,0.03034001775085926,0.24946099519729614,0.3785649538040161,0.031078370288014412,0.2416202425956726,0.3381955027580261,0.02690860629081726,0.23341836035251617,0.3030283749103546,0.023029334843158722,0.2645238935947418,0.4352545440196991,0.019469724968075752,0.26468944549560547,0.36057955026626587,0.021174397319555283,0.25792548060417175,0.3111557066440582,0.016842477023601532,0.2503211498260498,0.2680838704109192,0.012619228102266788,0.2769336700439453,0.43981698155403137,0.00689699687063694,0.2820577919483185,0.3645337224006653,0.006705454550683498,0.2807314395904541,0.31475353240966797,0.002778960159048438,0.27687937021255493,0.27145448327064514,-0.0008405989501625299,0.28797218203544617,0.45371273159980774,-0.005866219289600849,0.29638826847076416,0.3892936408519745,-0.006011924706399441,0.2986864745616913,0.345458447933197,-0.006380128208547831,0.29794007539749146,0.30805686116218567,-0.007462965790182352,Hello!
0.5848673582077026,0.40055105090141296,1.6236128885793732e-07,0.539645254611969,0.36591392755508423,-0.01660330779850483,0.5074617862701416,0.2948753833770752,-0.023571016266942024,0.4965101480484009,0.22198529541492462,-0.029706090688705444,0.4908391535282135,0.16111287474632263,-0.03544729948043823,0.5429718494415283,0.18590475618839264,-0.008371690288186073,0.5322761535644531,0.10028986632823944,-0.021070614457130432,0.5248514413833618,0.04696287214756012,-0.03314325958490372,0.5196517705917358,0.0014832138549536467,-0.042139988392591476,0.570756196975708,0.1759657859802246,-0.010560075752437115,0.5638144016265869,0.08106192946434021,-0.020368987694382668,0.5577824711799622,0.022863836959004402,-0.030675962567329407,0.5530692934989929,-0.02480974607169628,-0.03855351358652115,0.5978139638900757,0.18307292461395264,-0.015645530074834824,0.5948642492294312,0.09392160922288895,-0.02583405189216137,0.5907649993896484,0.03830226883292198,-0.03251218795776367,0.5868564248085022,-0.009459780529141426,-0.03782337158918381,0.6256066560745239,0.20529910922050476,-0.022814765572547913,0.6312428116798401,0.1372513324022293,-0.03189738467335701,0.6329785585403442,0.09347666054964066,-0.03492962196469307,0.6337074041366577,0.05381372198462486,-0.03704339265823364,Hello!
0.664067804813385,0.6249415874481201,1.7719369793667283e-07,0.6188549399375916,0.616082489490509,-0.013114487752318382,0.5805212259292603,0.5789021849632263,-0.019829001277685165,0.5606055855751038,0.527728259563446,-0.02683848701417446,0.5496690273284912,0.47716230154037476,-0.032500166445970535,0.5884644389152527,0.4900508522987366,-0.006115589290857315,0.5606520175933838,0.43061938881874084,-0.018335135653614998,0.545332670211792,0.39522165060043335,-0.027296103537082672,0.5329127907752991,0.36265215277671814,-0.03297622129321098,0.6072492003440857,0.4694869816303253,-0.007486170157790184,0.5796070098876953,0.4058986008167267,-0.020505288615822792,0.5605989098548889,0.36560824513435364,-0.029338473454117775,0.5460109710693359,0.33485105633735657,-0.03432822600007057,0.6296532154083252,0.4591963589191437,-0.011384167708456516,0.6111298203468323,0.40950241684913635,-0.027434049174189568,0.6045816540718079,0.42039769887924194,-0.03213883191347122,0.5997701287269592,0.4387176036834717,-0.031179679557681084,0.655795156955719,0.45419493317604065,-0.016616329550743103,0.6441795229911804,0.40267708897590637,-0.028118684887886047,0.6299237608909607,0.3813680112361908,-0.03174157068133354,0.6141648292541504,0.37044012546539307,-0.03208961710333824,Hello!
0.6757647395133972,0.6237400770187378,2.042852287331698e-07,0.6357025504112244,0.5889734625816345,-0.01535703707486391,0.6094667911529541,0.5235482454299927,-0.021426968276500702,0.602266788482666,0.46044835448265076,-0.027976661920547485,0.5997025966644287,0.4120975136756897,-0.033477772027254105,0.644436776638031,0.4313444197177887,-0.009084736928343773,0.6407464742660522,0.34855595231056213,-0.02143890969455242,0.6382097005844116,0.29896846413612366,-0.031060973182320595,0.6373230814933777,0.2557121813297272,-0.038482218980789185,0.6675054430961609,0.43341654539108276,-0.01203418243676424,0.6623278260231018,0.34257271885871887,-0.026478348299860954,0.6572543978691101,0.28907617926597595,-0.038689374923706055,0.6552127003669739,0.2459511011838913,-0.04735672473907471,0.6906901597976685,0.45017531514167786,-0.017407305538654327,0.6970762610435486,0.37890538573265076,-0.03934791311621666,0.684981644153595,0.3963523507118225,-0.049000490456819534,0.6746102571487427,0.4232722222805023,-0.05151168256998062,0.7151570916175842,0.47831791639328003,-0.02385680563747883,0.719449520111084,0.42725029587745667,-0.04358350485563278,0.707268238067627,0.4363158345222473,-0.05032127723097801,0.6956098675727844,0.4583961069583893,-0.05232400819659233,Hello!
0.3143552243709564,0.6140628457069397,3.64462437119073e-07,0.35625413060188293,0.6068281531333923,-0.016139119863510132,0.38923579454421997,0.5525164604187012,-0.019997572526335716,0.39127832651138306,0.4801477789878845,-0.024221884086728096,0.3858867585659027,0.4221174418926239,-0.027477553114295006,0.40689265727996826,0.4958079159259796,-0.0055958726443350315,0.4416614770889282,0.4324837028980255,-0.01672028936445713,0.46044838428497314,0.39140450954437256,-0.023379378020763397,0.4746893644332886,0.35386568307876587,-0.02729020081460476,0.38866016268730164,0.4683963656425476,-0.007554273586720228,0.4263567626476288,0.3994794487953186,-0.0206646416336298,0.4492309093475342,0.3594931960105896,-0.028535865247249603,0.4665471315383911,0.32396119832992554,-0.031980276107788086,0.36350929737091064,0.457612544298172,-0.012067417614161968,0.3826598525047302,0.4063969850540161,-0.03528851270675659,0.37414416670799255,0.4541183114051819,-0.03767804056406021,0.36487987637519836,0.48855671286582947,-0.03180312365293503,0.3337997496128082,0.4569896161556244,-0.017668863758444786,0.34847790002822876,0.4170478284358978,-0.036537911742925644,0.3492511510848999,0.45209524035453796,-0.035307273268699646,0.3457561433315277,0.48274892568588257,-0.0295833982527256,Hello!
0.3219131529331207,0.6143718957901001,3.4534073733993864e-07,0.3644750714302063,0.6086132526397705,-0.016306886449456215,0.3975368142127991,0.5554210543632507,-0.01878424547612667,0.399956077337265,0.48331204056739807,-0.02171391062438488,0.3953096568584442,0.4238666296005249,-0.02346331998705864,0.4158044457435608,0.49911215901374817,-0.000156807029270567,0.4483409523963928,0.43811988830566406,-0.009466134943068027,0.46560361981391907,0.397159218788147,-0.01561249140650034,0.47832533717155457,0.3595004081726074,-0.019543448463082314,0.3975634276866913,0.4724837839603424,-0.0021065445616841316,0.43387195467948914,0.4056069254875183,-0.014331416226923466,0.4556795060634613,0.3664620816707611,-0.022357480600476265,0.4712810814380646,0.33187374472618103,-0.02574656531214714,0.3727588653564453,0.4627005159854889,-0.007145293056964874,0.3902113735675812,0.4145985245704651,-0.031209873035550117,0.38070404529571533,0.46216434240341187,-0.03503413870930672,0.37171533703804016,0.49316394329071045,-0.0297602079808712,0.3438776731491089,0.462018758058548,-0.013260685838758945,0.3593881130218506,0.4256626069545746,-0.033381327986717224,0.3580070436000824,0.4627506136894226,-0.03330293297767639,0.3539566695690155,0.4915775954723358,-0.028277039527893066,Hello!
0.3216077983379364,0.6180879473686218,3.45618701658168e-07,0.36402076482772827,0.6110005378723145,-0.017024537548422813,0.39685043692588806,0.5604217052459717,-0.019667666405439377,0.40013226866722107,0.4877588450908661,-0.02239750139415264,0.3967686891555786,0.4303891360759735,-0.023812441155314445,0.41499584913253784,0.5074139833450317,-0.0010890749981626868,0.44861653447151184,0.4456010162830353,-0.009914472699165344,0.46610090136528015,0.40491220355033875,-0.015644844621419907,0.47937166690826416,0.367387592792511,-0.01932157389819622,0.3971434235572815,0.47983431816101074,-0.0019237818196415901,0.434015154838562,0.41390126943588257,-0.013691756874322891,0.45590272545814514,0.3739062547683716,-0.021612992510199547,0.4719933271408081,0.3386508822441101,-0.0251398254185915,0.3726688027381897,0.4689483642578125,-0.005714294500648975,0.39152467250823975,0.4165456295013428,-0.029042651876807213,0.38086843490600586,0.4631870985031128,-0.03264964371919632,0.37084972858428955,0.49624940752983093,-0.027357518672943115,0.3437742590904236,0.4672310948371887,-0.010604246519505978,0.3598487675189972,0.4295274019241333,-0.0304520595818758,0.3581774830818176,0.46478134393692017,-0.030626796185970306,0.3536120355129242,0.49347829818725586,-0.02576693333685398,Hello!
0.31975311040878296,0.6187939047813416,3.4143269544983923e-07,0.36175286769866943,0.6125193238258362,-0.01693507470190525,0.3948827385902405,0.5616723895072937,-0.018932964652776718,0.3988514542579651,0.4903063476085663,-0.021203795447945595,0.39534127712249756,0.43280020356178284,-0.022268475964665413,0.4134790897369385,0.5049428939819336,0.001113173901103437,0.4460531175136566,0.4455077052116394,-0.007031578104943037,0.4631885290145874,0.4050944447517395,-0.012703864835202694,0.4763544797897339,0.36829444766044617,-0.016605494543910027,0.39546191692352295,0.47773319482803345,2.3642880933039123e-06,0.43137654662132263,0.413013756275177,-0.011221441440284252,0.45293527841567993,0.372450053691864,-0.01934731937944889,0.46873709559440613,0.3376752734184265,-0.023157447576522827,0.37124529480934143,0.4678789973258972,-0.004311519209295511,0.3891470730304718,0.4162818491458893,-0.027786975726485252,0.3789432644844055,0.46112149953842163,-0.03239993751049042,0.3690098524093628,0.4940073490142822,-0.027874212712049484,0.3426867723464966,0.4668692350387573,-0.009778979234397411,0.3569411337375641,0.42815014719963074,-0.03040359355509281,0.3553159236907959,0.4622385501861572,-0.03172781318426132,0.35107600688934326,0.4917225241661072,-0.02770024910569191,Hello!
0.7771055698394775,0.7007640600204468,2.893420969485305e-07,0.7362592816352844,0.6629831790924072,-0.020385893061757088,0.6998863816261292,0.6007397770881653,-0.03184705227613449,0.6712121367454529,0.5452814102172852,-0.04351189360022545,0.6439874768257141,0.5090062022209167,-0.05374901369214058,0.7377376556396484,0.49427711963653564,-0.013950124382972717,0.7325672507286072,0.407003790140152,-0.02901533804833889,0.7308945059776306,0.3560630679130554,-0.04092136770486832,0.7312544584274292,0.30848535895347595,-0.050419725477695465,0.762468159198761,0.48969021439552307,-0.016316307708621025,0.7519490122795105,0.39605462551116943,-0.03293555974960327,0.7488625049591064,0.3419414460659027,-0.045172736048698425,0.7492035627365112,0.29448696970939636,-0.05413834750652313,0.7873321771621704,0.5083237290382385,-0.02160612680017948,0.80021071434021,0.42528340220451355,-0.04714744910597801,0.8033170700073242,0.4649123549461365,-0.052788782864809036,0.8014037013053894,0.508162260055542,-0.05167924612760544,0.813570499420166,0.5415639877319336,-0.02849322184920311,0.8295493125915527,0.49064895510673523,-0.05327204614877701,0.8270173668861389,0.5115357041358948,-0.05909498780965805,0.8186471462249756,0.5417002439498901,-0.05932328477501869,Hello!
0.2000831514596939,0.7195898294448853,2.659905646851257e-07,0.24688395857810974,0.6982607245445251,-0.01640196144580841,0.2877630889415741,0.632192075252533,-0.019641323015093803,0.3159525394439697,0.5742541551589966,-0.022168060764670372,0.3394168019294739,0.5353326201438904,-0.024127187207341194,0.2703450322151184,0.5145328640937805,-0.0014887412544339895,0.2862740755081177,0.4348733425140381,-0.00910111702978611,0.29341962933540344,0.3848969340324402,-0.017500538378953934,0.2993157207965851,0.34215086698532104,-0.024078795686364174,0.24587151408195496,0.5001988410949707,-0.0013190803583711386,0.26250380277633667,0.41797253489494324,-0.007035522256046534,0.2735190987586975,0.3658081889152527,-0.014846429228782654,0.28304561972618103,0.3237842917442322,-0.020814241841435432,0.2205444872379303,0.5027307271957397,-0.00436886353418231,0.23242250084877014,0.4238471984863281,-0.011617038398981094,0.24155135452747345,0.37480199337005615,-0.018058309331536293,0.2513667047023773,0.33333083987236023,-0.02284318208694458,0.19299733638763428,0.5186488628387451,-0.009574227966368198,0.19604730606079102,0.45752695202827454,-0.017369400709867477,0.19985491037368774,0.41842854022979736,-0.020729314535856247,0.20567581057548523,0.3815716803073883,-0.022813614457845688,Hello!
0.21640808880329132,0.6644824147224426,2.612948719615815e-07,0.2603933811187744,0.6473524570465088,-0.019475894048810005,0.29985684156417847,0.5843809843063354,-0.024047506973147392,0.3264356255531311,0.5242623090744019,-0.02717708982527256,0.3503945767879486,0.48655059933662415,-0.02932332642376423,0.2806171774864197,0.4650838077068329,-0.002639181213453412,0.2930678725242615,0.3882793188095093,-0.009736313484609127,0.2977438271045685,0.3392108082771301,-0.017806068062782288,0.30156946182250977,0.2973552346229553,-0.024131352081894875,0.2568243741989136,0.45250678062438965,-0.00048418217920698225,0.27019113302230835,0.3715016543865204,-0.005156379193067551,0.2783007025718689,0.3184797763824463,-0.011852214112877846,0.2855490446090698,0.27475208044052124,-0.017002345994114876,0.2330167144536972,0.45633190870285034,-0.001854295376688242,0.2433461993932724,0.3811393082141876,-0.008016589097678661,0.2515062987804413,0.33409467339515686,-0.013237742707133293,0.2598552405834198,0.29364117980003357,-0.017055418342351913,0.2071201503276825,0.4728504419326782,-0.005768948700278997,0.2100200653076172,0.41489177942276,-0.012393348850309849,0.21336492896080017,0.37884023785591125,-0.014894048683345318,0.2179979830980301,0.3441804051399231,-0.01629205234348774,Hello!
0.21810616552829742,0.6658192873001099,2.525732440972206e-07,0.26218360662460327,0.6482464671134949,-0.019311705604195595,0.3016737103462219,0.5869429111480713,-0.023903928697109222,0.327724426984787,0.5287687182426453,-0.027056371793150902,0.3514125347137451,0.4908759295940399,-0.029282433912158012,0.2834155261516571,0.4671396017074585,-0.0029700323939323425,0.2957124412059784,0.3902391791343689,-0.009991498664021492,0.30045661330223083,0.3417414724826813,-0.018088793382048607,0.30437472462654114,0.29997360706329346,-0.024483349174261093,0.25977131724357605,0.4554692208766937,-0.0009421438444405794,0.2729126811027527,0.3742885887622833,-0.005657675210386515,0.28094783425331116,0.3209945857524872,-0.012638681568205357,0.28780537843704224,0.27807092666625977,-0.018096765503287315,0.23595811426639557,0.4601263701915741,-0.002384957391768694,0.24667644500732422,0.38440465927124023,-0.008611802011728287,0.2547370493412018,0.33784395456314087,-0.014366358518600464,0.26266318559646606,0.29825204610824585,-0.018613332882523537,0.21028055250644684,0.47707414627075195,-0.00630225008353591,0.21364377439022064,0.41889509558677673,-0.013268074952065945,0.2168118804693222,0.382180392742157,-0.016401950269937515,0.22109761834144592,0.34661662578582764,-0.018291572108864784,Hello!
0.8129226565361023,0.6382720470428467,3.0178387078194646e-07,0.7656285166740417,0.6071548461914062,-0.018775267526507378,0.7286748290061951,0.5498316884040833,-0.02557302825152874,0.7046528458595276,0.49017536640167236,-0.030807506293058395,0.6848037838935852,0.44117453694343567,-0.034549906849861145,0.7537703514099121,0.4343298375606537,-0.0031109238043427467,0.7419354915618896,0.35058918595314026,-0.013489775359630585,0.7367786169052124,0.2999357581138611,-0.02440413273870945,0.7340064644813538,0.2549840211868286,-0.03232013061642647,0.777991771697998,0.42569857835769653,-0.001733811805024743,0.7650315165519714,0.33836111426353455,-0.007700840011239052,0.757858395576477,0.2849273383617401,-0.014985392801463604,0.7523303627967834,0.24056650698184967,-0.020668646320700645,0.803284764289856,0.4328228831291199,-0.004140703473240137,0.7944799065589905,0.3522988557815552,-0.011200089007616043,0.7888585925102234,0.3027929961681366,-0.0159066841006279,0.7840564846992493,0.26014772057533264,-0.019500967115163803,0.8316251635551453,0.4518909752368927,-0.009064799174666405,0.8342118263244629,0.3903977572917938,-0.015676409006118774,0.8341047167778015,0.3517221212387085,-0.01796868070960045,0.8334923982620239,0.31477421522140503,-0.01931707374751568,Hello!
0.18666909635066986,0.6238822937011719,2.6199140279459243e-07,0.231812983751297,0.6060417890548706,-0.02111424319446087,0.2735636830329895,0.5429953336715698,-0.026555491611361504,0.3019043207168579,0.4822022616863251,-0.030276838690042496,0.32498273253440857,0.43646764755249023,-0.0331447534263134,0.26116693019866943,0.42442116141319275,-0.006404294166713953,0.2764504849910736,0.34198832511901855,-0.01601189561188221,0.28354015946388245,0.28990498185157776,-0.025749774649739265,0.28898003697395325,0.24485915899276733,-0.03284261375665665,0.2372027337551117,0.4099172353744507,-0.004277591593563557,0.25353318452835083,0.32371795177459717,-0.011199364438652992,0.26339176297187805,0.2675934135913849,-0.019514404237270355,0.27149254083633423,0.22213585674762726,-0.02566269226372242,0.21232110261917114,0.4117552638053894,-0.005722579080611467,0.22624485194683075,0.3324348032474518,-0.013321375474333763,0.2357640564441681,0.2821968197822571,-0.019286327064037323,0.24513478577136993,0.23987053334712982,-0.023501427844166756,0.18441446125507355,0.4255600869655609,-0.00980287790298462,0.19128991663455963,0.36141180992126465,-0.01763594150543213,0.19686618447303772,0.32109805941581726,-0.020480521023273468,0.20318061113357544,0.28312304615974426,-0.021931786090135574,Hello!
0.3187920153141022,0.776280403137207,2.2342793215557322e-07,0.36295586824417114,0.7569693922996521,-0.016159608960151672,0.40062037110328674,0.6988548040390015,-0.019242161884903908,0.4261329770088196,0.6445085406303406,-0.02140948548913002,0.44657087326049805,0.6042936444282532,-0.022644469514489174,0.38550734519958496,0.5836094617843628,0.0003363218856975436,0.4013492465019226,0.5072582960128784,-0.00641570333391428,0.40843528509140015,0.4597562551498413,-0.014569349586963654,0.4134172201156616,0.41874960064888,-0.020783180370926857,0.36316534876823425,0.5684038996696472,0.000940757105126977,0.38003799319267273,0.4863613247871399,-0.0038425936363637447,0.38971245288848877,0.4349209666252136,-0.011623598635196686,0.3961317539215088,0.3937058448791504,-0.017419354990124702,0.33974775671958923,0.5685204863548279,-0.0015891692601144314,0.353927344083786,0.49220433831214905,-0.007791873533278704,0.36417973041534424,0.44553864002227783,-0.014429416507482529,0.3723199665546417,0.4052453935146332,-0.01924591138958931,0.3143615424633026,0.5800591707229614,-0.006216603331267834,0.3208332061767578,0.5228056311607361,-0.012722637504339218,0.32705676555633545,0.4859798550605774,-0.015779532492160797,0.3343542814254761,0.45119160413742065,-0.017656235024333,Hello!
0.30224287509918213,0.7928852438926697,1.3533822595945821e-07,0.3300630450248718,0.7803745269775391,-0.013345700688660145,0.35365256667137146,0.744345486164093,-0.018036892637610435,0.3682823181152344,0.7056761980056763,-0.02163466066122055,0.38120681047439575,0.6742724180221558,-0.024778909981250763,0.3433597683906555,0.6691486239433289,-0.006366666406393051,0.3507770597934723,0.6178643107414246,-0.013871611095964909,0.3532363772392273,0.5840182900428772,-0.02088300697505474,0.35464558005332947,0.5541170835494995,-0.02600795403122902,0.3294842541217804,0.660383939743042,-0.0054184505715966225,0.3384507894515991,0.6066714525222778,-0.011414621025323868,0.34263813495635986,0.570275068283081,-0.017378665506839752,0.3453955054283142,0.5396844148635864,-0.02182670682668686,0.3151225447654724,0.661952793598175,-0.006554154679179192,0.32202598452568054,0.6115593314170837,-0.012524046003818512,0.32627949118614197,0.579109251499176,-0.016694029793143272,0.3299720585346222,0.5505487322807312,-0.019703641533851624,0.29924383759498596,0.6720585227012634,-0.009266963228583336,0.3022629916667938,0.6326011419296265,-0.015048881061375141,0.3049784004688263,0.6066220998764038,-0.017410140484571457,0.3076169192790985,0.5818448066711426,-0.018805406987667084,Hello!
0.6796211004257202,0.7080188393592834,1.7481040970324102e-07,0.6503438949584961,0.6951022744178772,-0.012719180434942245,0.6258602142333984,0.6616684794425964,-0.018474390730261803,0.6099938750267029,0.6264302134513855,-0.023182537406682968,0.5964163541793823,0.597303032875061,-0.027241714298725128,0.6396550536155701,0.5839009881019592,-0.006249288097023964,0.6325811743736267,0.5302804112434387,-0.014515056274831295,0.6294265389442444,0.4977720081806183,-0.022242913022637367,0.6274635195732117,0.469161719083786,-0.027798496186733246,0.653922975063324,0.5747114419937134,-0.005985363386571407,0.6458471417427063,0.5181615948677063,-0.012024768628180027,0.6413461565971375,0.4835297167301178,-0.01752270944416523,0.6378604173660278,0.4544840157032013,-0.02165837772190571,0.6685600876808167,0.5759263038635254,-0.007981748320162296,0.6614377498626709,0.5230887532234192,-0.013992593623697758,0.6569792032241821,0.49039629101753235,-0.017399052157998085,0.6527339816093445,0.4618373513221741,-0.020009875297546387,0.6853256225585938,0.5850092768669128,-0.011585612781345844,0.6822524070739746,0.5436851978302002,-0.017209619283676147,0.6790735125541687,0.5182465314865112,-0.01918751187622547,0.6753878593444824,0.4949469566345215,-0.020413115620613098,Hello!
0.7398000359535217,0.673130214214325,1.6324310081472504e-07,0.7121612429618835,0.6472872495651245,-0.011283288709819317,0.6911327838897705,0.6079416871070862,-0.016623254865407944,0.6800376176834106,0.568673849105835,-0.021359583362936974,0.6719817519187927,0.5348547697067261,-0.0254216268658638,0.7126906514167786,0.5425463318824768,-0.004248833749443293,0.7119770050048828,0.4890320301055908,-0.012463820166885853,0.7130563855171204,0.4574412703514099,-0.020230427384376526,0.7146912813186646,0.42923828959465027,-0.02572610415518284,0.727057695388794,0.5390591025352478,-0.00470576761290431,0.7259413003921509,0.4830471873283386,-0.010365051217377186,0.7268175482749939,0.44953036308288574,-0.015417387709021568,0.7279291749000549,0.4201412498950958,-0.019227666780352592,0.740951418876648,0.5446656346321106,-0.007412454579025507,0.7393709421157837,0.4916553497314453,-0.012705245986580849,0.7387514710426331,0.4598066210746765,-0.014893046580255032,0.7383350729942322,0.43219760060310364,-0.01656772755086422,0.7559996247291565,0.558504045009613,-0.011740194633603096,0.7546597123146057,0.5175998210906982,-0.016388045623898506,0.7527710199356079,0.4919438660144806,-0.017180651426315308,0.7507546544075012,0.46917587518692017,-0.017502862960100174,Hello!
0.700690507888794,0.7366303205490112,1.7953503572698537e-07,0.6647441387176514,0.7203410863876343,-0.01486352551728487,0.634471595287323,0.6763519048690796,-0.021752947941422462,0.615200936794281,0.6301268935203552,-0.027560317888855934,0.5991396307945251,0.5906968116760254,-0.032533809542655945,0.6508058905601501,0.5828538537025452,-0.007610836066305637,0.6411974430084229,0.5169357657432556,-0.01740936003625393,0.6360321640968323,0.4779718518257141,-0.026425108313560486,0.6322942972183228,0.44338157773017883,-0.03305567055940628,0.6693737506866455,0.5721188187599182,-0.008104749023914337,0.6579583883285522,0.5023952126502991,-0.015493874438107014,0.6512575149536133,0.4600081145763397,-0.022181054577231407,0.6457618474960327,0.4242483973503113,-0.027254339307546616,0.6884675621986389,0.5735329389572144,-0.011212923564016819,0.678316593170166,0.5080598592758179,-0.01843966543674469,0.6722381711006165,0.468221515417099,-0.022020336240530014,0.6664429903030396,0.4332534074783325,-0.024892063811421394,0.7100304365158081,0.5844492316246033,-0.016257494688034058,0.7046980857849121,0.5336085557937622,-0.022848783060908318,0.7003994584083557,0.5017861723899841,-0.024708081036806107,0.6956825852394104,0.4730207622051239,-0.025866223499178886,Hello!
0.3366309106349945,0.7288013100624084,1.256677819583274e-07,0.36794108152389526,0.7152349352836609,-0.009956961497664452,0.3936948776245117,0.674301028251648,-0.012218678370118141,0.4092397093772888,0.6362280249595642,-0.014132647775113583,0.4234413504600525,0.6109793186187744,-0.015750350430607796,0.3801470100879669,0.591285765171051,-0.0017440526280552149,0.3884405791759491,0.5362452864646912,-0.0073194014839828014,0.39144012331962585,0.5016365647315979,-0.013275308534502983,0.39323705434799194,0.4718548357486725,-0.017741024494171143,0.36409884691238403,0.5820346474647522,-0.0022011662367731333,0.373767226934433,0.5219523906707764,-0.006378008518368006,0.37854474782943726,0.4842919409275055,-0.011817283928394318,0.3815600872039795,0.45366427302360535,-0.015822798013687134,0.34796759486198425,0.5836604833602905,-0.004456150345504284,0.35495060682296753,0.5277210474014282,-0.00911455787718296,0.3597477078437805,0.4937181770801544,-0.013269016519188881,0.3633761405944824,0.46513333916664124,-0.016211960464715958,0.33022797107696533,0.5944289565086365,-0.008026973344385624,0.33296850323677063,0.5511870384216309,-0.012410045601427555,0.33625173568725586,0.5241474509239197,-0.013999631628394127,0.33984634280204773,0.4999087154865265,-0.014873347245156765,Hello!
0.27901288866996765,0.6114043593406677,1.5769836636536638e-07,0.3065934181213379,0.5906127691268921,-0.011501015163958073,0.32873570919036865,0.5503705739974976,-0.015471372753381729,0.34329497814178467,0.512430727481842,-0.018709944561123848,0.35720592737197876,0.4853900671005249,-0.02160326950252056,0.30927830934524536,0.48167741298675537,-0.004156004171818495,0.31174540519714355,0.4281539022922516,-0.010679450817406178,0.31201601028442383,0.3955862820148468,-0.016924984753131866,0.31209930777549744,0.36707645654678345,-0.021489674225449562,0.29422470927238464,0.47843149304389954,-0.0037339834962040186,0.29719871282577515,0.4221044182777405,-0.009038073010742664,0.2988874018192291,0.3875965178012848,-0.01478640642017126,0.30043697357177734,0.3584902584552765,-0.018887139856815338,0.280219703912735,0.4848056435585022,-0.00511512067168951,0.28288424015045166,0.43269696831703186,-0.01058580819517374,0.2856922447681427,0.4021531343460083,-0.013898244127631187,0.2886222004890442,0.37561365962028503,-0.016003042459487915,0.26551684737205505,0.4989015758037567,-0.007890282198786736,0.26726025342941284,0.45858195424079895,-0.012709029950201511,0.270004540681839,0.4348016381263733,-0.013874268159270287,0.2728700637817383,0.413188099861145,-0.01419532485306263,Hello!
0.8152474761009216,0.6239374876022339,2.1029076435752359e-07,0.779360830783844,0.6053400039672852,-0.014499049633741379,0.7502541542053223,0.5687422156333923,-0.020468343049287796,0.7311133742332458,0.5274791717529297,-0.025381360203027725,0.716903805732727,0.49051526188850403,-0.029145799577236176,0.7650941610336304,0.4875054955482483,-0.003582331584766507,0.7543940544128418,0.42577460408210754,-0.012661505490541458,0.7499147653579712,0.38877931237220764,-0.021572019904851913,0.7468815445899963,0.35560137033462524,-0.027659554034471512,0.7810258269309998,0.4795866310596466,-0.0025383071042597294,0.7688832879066467,0.41638410091400146,-0.00820348784327507,0.7623952031135559,0.37766242027282715,-0.01362451259046793,0.7569620609283447,0.3448110818862915,-0.017603151500225067,0.7974199652671814,0.4816962778568268,-0.00432919804006815,0.7865244150161743,0.4258900582790375,-0.00955223385244608,0.7790332436561584,0.3925520181655884,-0.01124732568860054,0.7726770639419556,0.3639862835407257,-0.012474466115236282,0.8170469403266907,0.49164050817489624,-0.008201721124351025,0.8100865483283997,0.44826996326446533,-0.012424124404788017,0.8041231632232666,0.42283549904823303,-0.012339471839368343,0.7982980608940125,0.40035906434059143,-0.011888820677995682,Hello!
0.6562909483909607,0.8512638807296753,1.7239331384644174e-07,0.6192531585693359,0.8152421116828918,-0.01498586218804121,0.5946951508522034,0.7488535046577454,-0.02217262238264084,0.5818645358085632,0.6907389760017395,-0.028716741129755974,0.5705071687698364,0.6419818997383118,-0.03460925072431564,0.6315277218818665,0.6513396501541138,-0.007753435056656599,0.6290469765663147,0.5733206272125244,-0.019188163802027702,0.6272776126861572,0.5271040201187134,-0.030206141993403435,0.6265296936035156,0.48563912510871887,-0.03862665221095085,0.6539288759231567,0.6483060121536255,-0.00961773656308651,0.6510148048400879,0.5649030208587646,-0.01826651394367218,0.648060142993927,0.5133008360862732,-0.02714506909251213,0.6448919773101807,0.46866878867149353,-0.03418658301234245,0.6757429838180542,0.6603527069091797,-0.014179917052388191,0.6779108643531799,0.5839654207229614,-0.02259606495499611,0.6787264943122864,0.5354924201965332,-0.027636734768748283,0.6780301928520203,0.4913185238838196,-0.03197401016950607,0.6976058483123779,0.6854087114334106,-0.02077825739979744,0.7045590281486511,0.6284344792366028,-0.0284511037170887,0.7081616520881653,0.5914241075515747,-0.030832255259156227,0.7099825143814087,0.5562064051628113,-0.03261195123195648,Hello!
0.3522178530693054,0.9564738273620605,2.3388744807562034e-07,0.3889538049697876,0.917051374912262,-0.01353300828486681,0.41377103328704834,0.8419131636619568,-0.01629708707332611,0.4276983141899109,0.7823994755744934,-0.018574431538581848,0.4404163062572479,0.737023651599884,-0.02012726664543152,0.3869931995868683,0.7495229244232178,-0.0008909921743907034,0.394148588180542,0.6760815382003784,-0.008123104460537434,0.3969685733318329,0.6315417289733887,-0.01586877554655075,0.39854487776756287,0.5933590531349182,-0.021667074412107468,0.36432722210884094,0.7441211938858032,-0.00160790525842458,0.3713398277759552,0.6657123565673828,-0.006698666140437126,0.376278281211853,0.6158967614173889,-0.01349217351526022,0.37977176904678345,0.575397789478302,-0.018694117665290833,0.3423931896686554,0.7551019787788391,-0.005223908927291632,0.3441004753112793,0.6803232431411743,-0.011349706910550594,0.34674450755119324,0.6347581744194031,-0.017639169469475746,0.34953394532203674,0.5953305959701538,-0.02242157608270645,0.3206366300582886,0.7790913581848145,-0.010628319345414639,0.314398854970932,0.7246807813644409,-0.017677314579486847,0.3114464282989502,0.6880538463592529,-0.02132180891931057,0.31007975339889526,0.6523104906082153,-0.023699013516306877,Hello!
0.46359238028526306,0.721192479133606,2.6949470566250966e-07,0.5064327716827393,0.6844936013221741,-0.016117457300424576,0.5352387428283691,0.6080522537231445,-0.019068319350481033,0.5523545145988464,0.5436412692070007,-0.02151360735297203,0.561691164970398,0.49064481258392334,-0.023078421130776405,0.5032386779785156,0.49209487438201904,0.0007914925226941705,0.5094183087348938,0.4091382622718811,-0.00674921041354537,0.5110384225845337,0.3592943847179413,-0.015860747545957565,0.5117414593696594,0.31538787484169006,-0.022853340953588486,0.4777333736419678,0.48670172691345215,0.0006125633954070508,0.48400983214378357,0.39951807260513306,-0.004375624470412731,0.4885011613368988,0.3441534638404846,-0.012383082881569862,0.49240759015083313,0.29976052045822144,-0.018813088536262512,0.45322659611701965,0.4981784224510193,-0.0031098336912691593,0.453644722700119,0.4153965413570404,-0.009342605248093605,0.45670899748802185,0.3645463287830353,-0.016131678596138954,0.4608720541000366,0.32081320881843567,-0.021464884281158447,0.42839133739471436,0.521981418132782,-0.009133920073509216,0.4236999452114105,0.45896920561790466,-0.01634133979678154,0.42315873503685,0.41795966029167175,-0.02005297690629959,0.4252047538757324,0.37804079055786133,-0.022673659026622772,Hello!
0.6986239552497864,0.698816180229187,1.8790365174936596e-07,0.6579779386520386,0.6590684056282043,-0.01469472423195839,0.6322304010391235,0.5932409167289734,-0.020428435876965523,0.6222890019416809,0.5283935070037842,-0.025619836524128914,0.6147207021713257,0.474072128534317,-0.029951218515634537,0.6617573499679565,0.4979763925075531,-0.0030423959251493216,0.6567468047142029,0.4179595410823822,-0.014110014773905277,0.6539652943611145,0.3702909052371979,-0.024990882724523544,0.6524025797843933,0.32728391885757446,-0.03295167163014412,0.6841141581535339,0.49338728189468384,-0.004324804525822401,0.6780615448951721,0.4081452488899231,-0.012294643558561802,0.6737508177757263,0.3558034598827362,-0.020426854491233826,0.6696923971176147,0.3106909692287445,-0.026521554216742516,0.7059775590896606,0.5025237798690796,-0.008688538335263729,0.7018541097640991,0.4247923791408539,-0.016174323856830597,0.6984149217605591,0.37657639384269714,-0.020023027434945107,0.6943721771240234,0.33434587717056274,-0.02310514636337757,0.7292594909667969,0.5240151882171631,-0.015315651893615723,0.7285923361778259,0.4648517668247223,-0.021833961829543114,0.7257094979286194,0.427242636680603,-0.023221421986818314,0.7218211889266968,0.39379364252090454,-0.02399924211204052,Hello!
0.888716459274292,0.6551470756530762,2.4232198825302476e-07,0.8481652140617371,0.6090506911277771,-0.016046157106757164,0.8226160407066345,0.5434643626213074,-0.022524114698171616,0.8112879991531372,0.48078009486198425,-0.02786012925207615,0.8038579821586609,0.42887189984321594,-0.032165639102458954,0.860336184501648,0.4569075405597687,-0.00478375842794776,0.8630963563919067,0.37689489126205444,-0.01561498362571001,0.8665967583656311,0.33028167486190796,-0.026396600529551506,0.870684027671814,0.2900221049785614,-0.033880993723869324,0.8835276365280151,0.4576743543148041,-0.0044532036408782005,0.8859919309616089,0.37394461035728455,-0.010654152370989323,0.888640820980072,0.3240209221839905,-0.017161289229989052,0.8909064531326294,0.28291723132133484,-0.022175125777721405,0.9049318432807922,0.47169381380081177,-0.007298972923308611,0.9070116281509399,0.39403414726257324,-0.013162169605493546,0.9081928133964539,0.3478636145591736,-0.01569950394332409,0.9092100262641907,0.30874142050743103,-0.017850138247013092,0.9273930788040161,0.4976695775985718,-0.012451653368771076,0.9307583570480347,0.43856513500213623,-0.017804645001888275,0.9309320449829102,0.40283524990081787,-0.018125610426068306,0.930717945098877,0.3707377314567566,-0.01798359490931034,Hello!
0.8530448079109192,0.5184798240661621,2.799856702040415e-07,0.8082159757614136,0.48888805508613586,-0.018813300877809525,0.7714675068855286,0.43333300948143005,-0.02884714864194393,0.7443355917930603,0.38228511810302734,-0.03755219653248787,0.7206239700317383,0.34547367691993713,-0.04556654021143913,0.8048505187034607,0.31760236620903015,-0.011499769985675812,0.7994897365570068,0.2302624136209488,-0.02393985725939274,0.7981668710708618,0.17901700735092163,-0.035577792674303055,0.7976479530334473,0.1347436159849167,-0.04395770654082298,0.8294739127159119,0.3086535632610321,-0.011784963309764862,0.8237146139144897,0.2163764238357544,-0.01984681934118271,0.8207162618637085,0.16140201687812805,-0.027397500351071358,0.8182596564292908,0.11628096550703049,-0.03341022878885269,0.8540084362030029,0.315634161233902,-0.015217878855764866,0.8497800230979919,0.23006431758403778,-0.02286241017282009,0.8466057777404785,0.17985573410987854,-0.02646707184612751,0.8428696990013123,0.1367298662662506,-0.029659941792488098,0.8799780011177063,0.335837185382843,-0.021107090637087822,0.8803628087043762,0.2704639732837677,-0.028057854622602463,0.8787660598754883,0.23128561675548553,-0.02913704328238964,0.8760198950767517,0.19643056392669678,-0.029750604182481766,Hello!
0.20235686004161835,0.6366555094718933,2.887692289732513e-07,0.24968333542346954,0.6315811276435852,-0.019798362627625465,0.2943533957004547,0.5780795812606812,-0.024682678282260895,0.3255713880062103,0.5224398374557495,-0.027876999229192734,0.3544822931289673,0.4884023070335388,-0.030052075162529945,0.29478582739830017,0.45933064818382263,-0.004589342512190342,0.32115694880485535,0.3835553824901581,-0.013721730560064316,0.3354080617427826,0.33594027161598206,-0.022885620594024658,0.3466331958770752,0.29409992694854736,-0.02973329648375511,0.2738405168056488,0.4363744258880615,-0.002746216719970107,0.3032977283000946,0.357117235660553,-0.00960302073508501,0.3210919201374054,0.30691105127334595,-0.01741938665509224,0.336062490940094,0.26539790630340576,-0.023123757913708687,0.2502879500389099,0.429838091135025,-0.004371470771729946,0.27662166953086853,0.35637080669403076,-0.012067402713000774,0.29580754041671753,0.31207525730133057,-0.01766500435769558,0.31355759501457214,0.2750777006149292,-0.021620605140924454,0.22267340123653412,0.43473827838897705,-0.008466637693345547,0.24118828773498535,0.3765140175819397,-0.016344459727406502,0.2561630308628082,0.34184354543685913,-0.018921904265880585,0.2717582583427429,0.31002312898635864,-0.02018643543124199,Hello!
0.22762207686901093,0.684679388999939,2.434415478091978e-07,0.2710597515106201,0.6524219512939453,-0.021930145099759102,0.30419158935546875,0.5743810534477234,-0.027832072228193283,0.32243359088897705,0.5038489699363708,-0.031901709735393524,0.3400999903678894,0.45018479228019714,-0.034932684153318405,0.2723637819290161,0.4528871774673462,-0.0056626200675964355,0.2715688645839691,0.36810338497161865,-0.014925828203558922,0.26919469237327576,0.31460335850715637,-0.024589356034994125,0.2674468457698822,0.26924529671669006,-0.031753990799188614,0.24631474912166595,0.4485059976577759,-0.0032874606549739838,0.24741072952747345,0.35684841871261597,-0.009937060065567493,0.24875013530254364,0.29744285345077515,-0.01753132976591587,0.2512410581111908,0.25006961822509766,-0.023137936368584633,0.22254358232021332,0.46074897050857544,-0.004720486234873533,0.22394774854183197,0.37435173988342285,-0.012334234081208706,0.22798313200473785,0.32277122139930725,-0.01687578111886978,0.233847513794899,0.2788606286048889,-0.019880399107933044,0.1981312781572342,0.48629945516586304,-0.00898811500519514,0.19722530245780945,0.41718459129333496,-0.016651015728712082,0.19997230172157288,0.3738933205604553,-0.01879161223769188,0.20487424731254578,0.33249545097351074,-0.01964864321053028,Hello!
0.27224400639533997,0.7172289490699768,2.283046711681891e-07,0.30692148208618164,0.6609699726104736,-0.022402450442314148,0.3247585892677307,0.5718920826911926,-0.028237489983439445,0.3288246691226959,0.4928971529006958,-0.03180309757590294,0.3326941728591919,0.4292161464691162,-0.03420180454850197,0.2693161368370056,0.4734053909778595,-0.004584615584462881,0.25074928998947144,0.39356479048728943,-0.013909799978137016,0.23621925711631775,0.3455688953399658,-0.02455989643931389,0.223593607544899,0.3040061891078949,-0.032566770911216736,0.24281223118305206,0.4830206632614136,-0.0014495138311758637,0.2249697744846344,0.3962739109992981,-0.008714435622096062,0.213174507021904,0.34062010049819946,-0.018056124448776245,0.20452891290187836,0.2943820655345917,-0.024872763082385063,0.2220028191804886,0.5065470933914185,-0.002058538608253002,0.20612069964408875,0.4233416020870209,-0.011106707155704498,0.19980363547801971,0.3718491494655609,-0.01743295229971409,0.19603745639324188,0.32554200291633606,-0.02128722332417965,0.20461726188659668,0.5411807894706726,-0.005345634184777737,0.19431401789188385,0.47230756282806396,-0.013766275718808174,0.19044171273708344,0.43165111541748047,-0.016325989738106728,0.18840666115283966,0.3930886387825012,-0.017239414155483246,Hello!
0.7942584753036499,0.7618792057037354,2.3201702958886017e-07,0.7533397078514099,0.6950336694717407,-0.014816026203334332,0.7360944747924805,0.6088778972625732,-0.01968563161790371,0.735366940498352,0.5350968241691589,-0.023805685341358185,0.7369518280029297,0.4770214259624481,-0.026936477050185204,0.7914298176765442,0.5331170558929443,-0.001978592947125435,0.8058881163597107,0.44756707549095154,-0.012262746691703796,0.8161107301712036,0.39764612913131714,-0.022884221747517586,0.8257946968078613,0.35541749000549316,-0.030503366142511368,0.816757082939148,0.5455789566040039,-0.0030623357743024826,0.8301535844802856,0.45433974266052246,-0.009019829332828522,0.8386937975883484,0.40003520250320435,-0.015443642623722553,0.8455556631088257,0.3558945059776306,-0.02036307379603386,0.8378832340240479,0.5708044767379761,-0.007413881830871105,0.8493335247039795,0.48638033866882324,-0.013080230914056301,0.8549662232398987,0.4348045289516449,-0.01489737443625927,0.8600327372550964,0.3913828134536743,-0.016728296875953674,0.8590906858444214,0.6097654700279236,-0.014155173674225807,0.8686121702194214,0.5462180376052856,-0.01950930990278721,0.8722400069236755,0.5059518218040466,-0.01915036328136921,0.8751876354217529,0.4696440100669861,-0.018525058403611183,Hello!
0.7966461777687073,0.7761315107345581,2.3772531676513609e-07,0.747485876083374,0.7189373970031738,-0.017296798527240753,0.7209373712539673,0.6328662633895874,-0.02388409525156021,0.7133914232254028,0.5533585548400879,-0.029705820605158806,0.7131329774856567,0.4862741529941559,-0.03417118638753891,0.7692990899085999,0.5254055261611938,-0.0010142881656065583,0.7739518880844116,0.4292452931404114,-0.012538943439722061,0.7773151397705078,0.37291696667671204,-0.02477659471333027,0.7814055681228638,0.32310277223587036,-0.03379311412572861,0.7972192168235779,0.5261052250862122,-0.0020132320933043957,0.7997636795043945,0.4236763119697571,-0.00904497317969799,0.8014092445373535,0.3604847192764282,-0.017341095954179764,0.8028357028961182,0.3076523542404175,-0.02392195165157318,0.8219075202941895,0.5435970425605774,-0.006935289595276117,0.823518693447113,0.44930461049079895,-0.013595134019851685,0.8234201669692993,0.39052703976631165,-0.017732858657836914,0.8227550387382507,0.33920368552207947,-0.021539347246289253,0.8478649854660034,0.5758754014968872,-0.014620981179177761,0.8490477204322815,0.5028197169303894,-0.021486787125468254,0.8454540967941284,0.457327276468277,-0.02321561984717846,0.840953528881073,0.416011244058609,-0.024287959560751915,Hello!
0.8381898403167725,0.758284866809845,1.8815998714671878e-07,0.7812709808349609,0.755393922328949,-0.022759724408388138,0.7295017838478088,0.7110849022865295,-0.03264768794178963,0.6974107027053833,0.6519814729690552,-0.040862057358026505,0.6717554330825806,0.5960527658462524,-0.04770194739103317,0.7315294146537781,0.5718027353286743,-0.010702485218644142,0.6973668336868286,0.4936090111732483,-0.026423485949635506,0.6774682998657227,0.4468587636947632,-0.041023582220077515,0.6611517071723938,0.40228793025016785,-0.05168739706277847,0.754782497882843,0.5393128991127014,-0.010980674996972084,0.7188655734062195,0.45474332571029663,-0.022770406678318977,0.6959611177444458,0.4021575450897217,-0.03376706317067146,0.67641282081604,0.3552970290184021,-0.04196488484740257,0.7827429175376892,0.5248008370399475,-0.015324200503528118,0.7519345283508301,0.4413134753704071,-0.026631971821188927,0.7322247624397278,0.3905427157878876,-0.032668694853782654,0.7143497467041016,0.3463570773601532,-0.03712458163499832,0.8165644407272339,0.5238149762153625,-0.022682704031467438,0.794727623462677,0.4582134783267975,-0.032686274498701096,0.7776299715042114,0.41922175884246826,-0.03557936102151871,0.7614231109619141,0.3847293257713318,-0.03717338666319847,Hello!
0.2977767288684845,0.8405961394309998,3.214682067209651e-07,0.3423728942871094,0.8056887984275818,-0.01511681079864502,0.3716753423213959,0.7259070873260498,-0.017723415046930313,0.38672101497650146,0.6551539301872253,-0.019799282774329185,0.4029855728149414,0.6045529246330261,-0.02115745097398758,0.3478095233440399,0.6245421171188354,-0.0003400462737772614,0.3600268065929413,0.541951060295105,-0.008871804922819138,0.36635303497314453,0.49172818660736084,-0.017453227192163467,0.370948851108551,0.4488891661167145,-0.02372516691684723,0.32274502515792847,0.6155255436897278,-0.0004873191355727613,0.33456844091415405,0.5297203063964844,-0.007125379052013159,0.3436097502708435,0.4747341275215149,-0.014697141945362091,0.3515836000442505,0.42886239290237427,-0.020172005519270897,0.2981454133987427,0.6219794750213623,-0.0039092255756258965,0.3043217360973358,0.5407626628875732,-0.011389337480068207,0.3106987476348877,0.49041956663131714,-0.01711888425052166,0.3184657096862793,0.44661620259284973,-0.021148907020688057,0.2719963788986206,0.6414245367050171,-0.009382732212543488,0.2723209261894226,0.5800638794898987,-0.01712559163570404,0.2750176787376404,0.5394490957260132,-0.02029573731124401,0.2800500690937042,0.5002854466438293,-0.02204405888915062,Hello!
0.27608418464660645,0.7099965810775757,2.6508411110626184e-07,0.3142847716808319,0.6629889011383057,-0.017511608079075813,0.3363238573074341,0.5818091034889221,-0.021344739943742752,0.3441835939884186,0.5107020735740662,-0.023699160665273666,0.35149282217025757,0.45667174458503723,-0.025135867297649384,0.2926560044288635,0.488473504781723,-0.004066952038556337,0.2873135507106781,0.4072660207748413,-0.010943731293082237,0.2811640799045563,0.3588314354419708,-0.018358878791332245,0.2751796841621399,0.3182702660560608,-0.023781251162290573,0.26718980073928833,0.49165526032447815,-0.0021710870787501335,0.2610461413860321,0.4059925675392151,-0.006578017026185989,0.2576690912246704,0.3514808118343353,-0.012864905409514904,0.25552570819854736,0.30870282649993896,-0.0177291426807642,0.2453942745923996,0.5091223120689392,-0.003271987196058035,0.2385980635881424,0.4326843023300171,-0.008209675550460815,0.23690931499004364,0.384520560503006,-0.0129294004291296,0.23685792088508606,0.34427645802497864,-0.0165707990527153,0.22422809898853302,0.5382107496261597,-0.006631334312260151,0.21588219702243805,0.47990843653678894,-0.011694524437189102,0.21287696063518524,0.4427787959575653,-0.013517859391868114,0.21183045208454132,0.4083760678768158,-0.01448391005396843,Hello!
0.18722893297672272,0.6071633696556091,2.4125742470459954e-07,0.22683067619800568,0.5789709091186523,-0.019872594624757767,0.2585671544075012,0.5094525814056396,-0.024393627420067787,0.27465906739234924,0.4418090581893921,-0.027083562687039375,0.2894461452960968,0.39230644702911377,-0.02888944000005722,0.23324054479599,0.4063244163990021,-0.005430948920547962,0.23773933947086334,0.3265318274497986,-0.014394337311387062,0.23817317187786102,0.276680052280426,-0.0230655986815691,0.2384006232023239,0.23482652008533478,-0.029245851561427116,0.21022416651248932,0.39908406138420105,-0.002981871133670211,0.21605144441127777,0.31419995427131653,-0.009955039247870445,0.21958868205547333,0.2592346966266632,-0.017590992152690887,0.22368745505809784,0.21510636806488037,-0.022937335073947906,0.18906976282596588,0.4073304831981659,-0.0038246780168265104,0.19482433795928955,0.3282921016216278,-0.011827231384813786,0.20025800168514252,0.28176501393318176,-0.016862129792571068,0.20697592198848724,0.2439597100019455,-0.01996215060353279,0.16639937460422516,0.4285116195678711,-0.007082813885062933,0.1680411547422409,0.3687478303909302,-0.014889019541442394,0.17128165066242218,0.33273500204086304,-0.017280779778957367,0.1758406162261963,0.29999157786369324,-0.018086792901158333,Hello!
0.2976472079753876,0.7816550135612488,3.0537211159753497e-07,0.34730303287506104,0.7742006182670593,-0.017961176112294197,0.3939206600189209,0.7328963875770569,-0.024790717288851738,0.4273260533809662,0.6883314251899719,-0.03078588657081127,0.4554804563522339,0.6514557600021362,-0.0360688678920269,0.39010345935821533,0.6032596230506897,-0.004548538476228714,0.41680291295051575,0.5301747918128967,-0.015313536860048771,0.4315952658653259,0.4833239018917084,-0.026430295780301094,0.4440794885158539,0.4411890506744385,-0.03466229513287544,0.3690609037876129,0.578714907169342,-0.005213744007050991,0.39756128191947937,0.5019151568412781,-0.012911750935018063,0.4160550832748413,0.4526000916957855,-0.022296031937003136,0.4320638179779053,0.41105470061302185,-0.0296793170273304,0.3446325659751892,0.5700804591178894,-0.00924257654696703,0.3693404197692871,0.4964523911476135,-0.016910254955291748,0.3874741196632385,0.4519655704498291,-0.023160457611083984,0.4046761095523834,0.4130810797214508,-0.028239404782652855,0.31587016582489014,0.5733866095542908,-0.01565118506550789,0.33184105157852173,0.514605700969696,-0.02350727654993534,0.345078706741333,0.47797736525535583,-0.026301315054297447,0.3588719666004181,0.4430128335952759,-0.028111714869737625,Hello!
0.2425674945116043,0.8001147508621216,2.8593672141141724e-07,0.2855038344860077,0.766115665435791,-0.021286634728312492,0.31802886724472046,0.6950600147247314,-0.026744162663817406,0.33373787999153137,0.6272241473197937,-0.030283626168966293,0.3448643088340759,0.5713139772415161,-0.03248982131481171,0.2864132225513458,0.5811232924461365,-0.004565947689116001,0.2921818494796753,0.49849483370780945,-0.012664970941841602,0.2926391065120697,0.44748613238334656,-0.021481111645698547,0.2921237051486969,0.4036920368671417,-0.027982810512185097,0.26020100712776184,0.5748205184936523,-0.0017835142789408565,0.26558032631874084,0.48819050192832947,-0.0073611862026154995,0.26802659034729004,0.4318092167377472,-0.015315906144678593,0.27006393671035767,0.38689109683036804,-0.021278925240039825,0.23569002747535706,0.5850616693496704,-0.0025722573045641184,0.23668256402015686,0.5055146217346191,-0.008974567987024784,0.23924711346626282,0.4552671015262604,-0.015468025580048561,0.2428121417760849,0.41291841864585876,-0.020152315497398376,0.2110021710395813,0.6085289120674133,-0.005986929405480623,0.20632094144821167,0.5482743978500366,-0.012886119075119495,0.20506465435028076,0.509353756904602,-0.016258765012025833,0.20587942004203796,0.47259321808815,-0.018151430413126945,Hello!
0.16556738317012787,0.7905665040016174,2.65603091520461e-07,0.20497740805149078,0.7517651319503784,-0.02263760007917881,0.23762625455856323,0.6858021020889282,-0.029025962576270103,0.25503256916999817,0.6194218993186951,-0.03322763368487358,0.2654234766960144,0.5642399191856384,-0.03637949749827385,0.2030298262834549,0.5847281217575073,-0.007210544776171446,0.20719961822032928,0.5037906765937805,-0.016956346109509468,0.207075834274292,0.45538055896759033,-0.027087407186627388,0.20617277920246124,0.4122134745121002,-0.03428510203957558,0.17993271350860596,0.5821525454521179,-0.003536616452038288,0.1834077537059784,0.4988481402397156,-0.010080128908157349,0.1841425597667694,0.44733479619026184,-0.01868203841149807,0.18439020216464996,0.4053173363208771,-0.025116201490163803,0.1585250347852707,0.5956694483757019,-0.0033403208944946527,0.1601189225912094,0.5202065110206604,-0.010466033592820168,0.16139483451843262,0.4756675064563751,-0.01588158868253231,0.16328324377536774,0.43802013993263245,-0.01964412070810795,0.1363351196050644,0.6221218109130859,-0.005869903136044741,0.13366679847240448,0.5661575198173523,-0.012797397561371326,0.13292525708675385,0.5314913988113403,-0.014968827366828918,0.1326732635498047,0.5005801916122437,-0.015795955434441566,Hello!
0.8930007219314575,0.7452863454818726,2.5662620828370564e-07,0.8423550128936768,0.7069089412689209,-0.016344254836440086,0.805319607257843,0.6489480137825012,-0.023028578609228134,0.7840499877929688,0.5876598954200745,-0.02889726310968399,0.7719717621803284,0.5313845276832581,-0.033799439668655396,0.8359806537628174,0.5470409989356995,-0.004368034657090902,0.8274980783462524,0.4601808190345764,-0.017017072066664696,0.824169397354126,0.40876391530036926,-0.028978902846574783,0.8219531774520874,0.36305493116378784,-0.03752127289772034,0.8625330328941345,0.5402169823646545,-0.005637377500534058,0.8526021838188171,0.451645165681839,-0.014478102326393127,0.8469377160072327,0.39730891585350037,-0.023551227524876595,0.8418591022491455,0.35008931159973145,-0.030480265617370605,0.8890153765678406,0.5480325818061829,-0.010346628725528717,0.8836311101913452,0.46568477153778076,-0.019959457218647003,0.8803263902664185,0.4164746403694153,-0.02458910085260868,0.8763858675956726,0.3726191818714142,-0.027813095599412918,0.9176660180091858,0.5682041645050049,-0.017194362357258797,0.9175702333450317,0.5049102306365967,-0.02571522630751133,0.9158331155776978,0.4662626087665558,-0.027175361290574074,0.9129498600959778,0.4301817715167999,-0.02766885980963707,Hello!
0.9126244187355042,0.7223860621452332,2.3605358023814915e-07,0.8683172464370728,0.6694487929344177,-0.01415242999792099,0.8409674167633057,0.602185845375061,-0.019139502197504044,0.8295931816101074,0.5407314896583557,-0.023537447676062584,0.8222355842590332,0.49049270153045654,-0.02717801369726658,0.8831295371055603,0.5195457935333252,-0.0017412196611985564,0.8865697979927063,0.43805819749832153,-0.01190697681158781,0.8909730911254883,0.3908882141113281,-0.0224481001496315,0.8951944708824158,0.3495446443557739,-0.029978502541780472,0.9083547592163086,0.5220173001289368,-0.0028668169397860765,0.9118005633354187,0.4373071491718292,-0.008988959714770317,0.9156050682067871,0.38711562752723694,-0.01614992879331112,0.9187851548194885,0.34442469477653503,-0.02178734540939331,0.9310794472694397,0.537222683429718,-0.007163871545344591,0.9344650506973267,0.45958131551742554,-0.01326059177517891,0.9365552067756653,0.41291704773902893,-0.016164839267730713,0.9378635287284851,0.3726256787776947,-0.018618544563651085,0.9546000361442566,0.5643033981323242,-0.013626390136778355,0.9580267667770386,0.5045658349990845,-0.018960239365696907,0.9576363563537598,0.46837136149406433,-0.01889229379594326,0.9561103582382202,0.43581876158714294,-0.018590204417705536,Hello!
0.8145788908004761,0.5590758323669434,2.5984513740695547e-07,0.7637592554092407,0.5192543864250183,-0.017303593456745148,0.7286756634712219,0.44741562008857727,-0.024197543039917946,0.710936427116394,0.3762834072113037,-0.030369054526090622,0.696881115436554,0.31638574600219727,-0.03553393483161926,0.7616371512413025,0.3313876688480377,-0.003167699323967099,0.7557368278503418,0.23965510725975037,-0.01610180363059044,0.7540959715843201,0.18381822109222412,-0.028971990570425987,0.7541772723197937,0.13339371979236603,-0.038387399166822433,0.7890544533729553,0.3213743567466736,-0.004723625257611275,0.781528115272522,0.22341744601726532,-0.01352158933877945,0.7782674431800842,0.16225309669971466,-0.02283714897930622,0.7757598161697388,0.10992942005395889,-0.030075743794441223,0.8159918189048767,0.32863345742225647,-0.01008099876344204,0.8101699352264404,0.2387196272611618,-0.018968448042869568,0.807466447353363,0.18103468418121338,-0.024350212886929512,0.8041778802871704,0.1302792727947235,-0.028716931119561195,0.8448483943939209,0.35045361518859863,-0.017979785799980164,0.8431506156921387,0.28117725253105164,-0.02626495622098446,0.8396379947662354,0.23754441738128662,-0.028719143941998482,0.8346447348594666,0.1979304701089859,-0.030348440632224083,Hello!
0.19686828553676605,0.73123699426651,2.8933988005519495e-07,0.24226199090480804,0.7089930772781372,-0.02236182428896427,0.28238964080810547,0.6407206058502197,-0.0290538240224123,0.3105412721633911,0.5771359801292419,-0.03412669152021408,0.33669811487197876,0.5341777801513672,-0.03806803748011589,0.2665576934814453,0.5121064782142639,-0.005319599062204361,0.280815452337265,0.4276706874370575,-0.015405016951262951,0.2864411473274231,0.3737068474292755,-0.025825869292020798,0.29045599699020386,0.32784518599510193,-0.03368125855922699,0.24176903069019318,0.4964785873889923,-0.003136779647320509,0.25686705112457275,0.4072954058647156,-0.010904423892498016,0.2648060917854309,0.3490780293941498,-0.019668927416205406,0.27091604471206665,0.3028777837753296,-0.026090949773788452,0.2167079895734787,0.4993303716182709,-0.004851147066801786,0.22985856235027313,0.4149119257926941,-0.0133197708055377,0.23872026801109314,0.36340928077697754,-0.019144032150506973,0.24714897572994232,0.32037827372550964,-0.0231914222240448,0.18920230865478516,0.5162642598152161,-0.009378059767186642,0.19604511559009552,0.4510018825531006,-0.017940528690814972,0.20232921838760376,0.40870580077171326,-0.02097751758992672,0.20959143340587616,0.3685244917869568,-0.022513220086693764,Hello!
0.1805897355079651,0.6383243203163147,2.92942814894559e-07,0.22449922561645508,0.6242128014564514,-0.02304433286190033,0.2651427686214447,0.5614003539085388,-0.02964777685701847,0.2933138608932495,0.5005147457122803,-0.03400610014796257,0.31957417726516724,0.4640444219112396,-0.03732028603553772,0.24801713228225708,0.4403805732727051,-0.00868909526616335,0.2620796263217926,0.3585255742073059,-0.017601223662495613,0.26778966188430786,0.30673402547836304,-0.02668200060725212,0.27238255739212036,0.2623501121997833,-0.033564332872629166,0.2241041660308838,0.42448800802230835,-0.005384270567446947,0.2368457019329071,0.3370935320854187,-0.012115557678043842,0.24536684155464172,0.28211072087287903,-0.020129598677158356,0.25289249420166016,0.23782853782176971,-0.026071980595588684,0.20063991844654083,0.42607381939888,-0.00552777573466301,0.21201586723327637,0.34817394614219666,-0.012849886901676655,0.22187009453773499,0.3006650507450104,-0.01836162991821766,0.23152323067188263,0.25991788506507874,-0.022219378501176834,0.17521488666534424,0.44026368856430054,-0.008429169654846191,0.18230363726615906,0.3790211081504822,-0.01532062329351902,0.18852382898330688,0.34172606468200684,-0.01755276508629322,0.19534258544445038,0.30669349431991577,-0.018627628684043884,Hello!
0.12489279359579086,0.5803207755088806,2.070102880225022e-07,0.16341263055801392,0.5560075044631958,-0.021407650783658028,0.19962643086910248,0.4989398121833801,-0.028377417474985123,0.22195366024971008,0.44097599387168884,-0.033211953938007355,0.24066422879695892,0.3957129120826721,-0.037442225962877274,0.17840230464935303,0.3984926640987396,-0.011809398420155048,0.18564140796661377,0.3210153877735138,-0.02342493087053299,0.1877214014530182,0.2728857696056366,-0.033497221767902374,0.18947608768939972,0.23147708177566528,-0.040675703436136246,0.15755710005760193,0.39190664887428284,-0.009568496607244015,0.16533216834068298,0.31104370951652527,-0.01908325031399727,0.16919411718845367,0.2600533962249756,-0.02822205051779747,0.172845259308815,0.2179822325706482,-0.03475490212440491,0.1368386596441269,0.40078699588775635,-0.010409626178443432,0.1428181529045105,0.32659459114074707,-0.02075594663619995,0.14714376628398895,0.2809036672115326,-0.027227161452174187,0.15243658423423767,0.24072270095348358,-0.031496722251176834,0.1139875277876854,0.422107458114624,-0.013507863506674767,0.11589773744344711,0.3679251968860626,-0.02303745038807392,0.11839774250984192,0.3342962861061096,-0.02644723653793335,0.12108312547206879,0.30214354395866394,-0.028240913525223732,Hello!
0.8840923309326172,0.6929575204849243,2.732498387558735e-07,0.8314090967178345,0.6590948104858398,-0.018517298623919487,0.7936886548995972,0.5940268635749817,-0.024995068088173866,0.7719859480857849,0.5271399617195129,-0.030226925387978554,0.7556173205375671,0.46997353434562683,-0.03404536843299866,0.8193397521972656,0.476404070854187,-0.0016125475522130728,0.8077819347381592,0.3878476917743683,-0.013752319850027561,0.8032337427139282,0.33450931310653687,-0.026340940967202187,0.8010050058364868,0.28683897852897644,-0.03545858711004257,0.8455098271369934,0.4662705957889557,-0.0013704802840948105,0.8320145606994629,0.37316620349884033,-0.00908640492707491,0.8244748115539551,0.3163025677204132,-0.01794707216322422,0.8182429075241089,0.2679690718650818,-0.024746695533394814,0.8723306655883789,0.4732382297515869,-0.005083736032247543,0.8623125553131104,0.3854546844959259,-0.01351412944495678,0.8563969135284424,0.3329341411590576,-0.017992008477449417,0.8510868549346924,0.287371426820755,-0.021398304030299187,0.9024901390075684,0.49405965209007263,-0.011395302601158619,0.9005934000015259,0.42824578285217285,-0.0191512368619442,0.8971706628799438,0.3879682421684265,-0.02076505310833454,0.8932756185531616,0.3502078950405121,-0.0214835274964571,Hello!
0.7450286149978638,0.5546987056732178,2.9782458454974403e-07,0.6950904726982117,0.5264638066291809,-0.0195357333868742,0.6560633182525635,0.46127966046333313,-0.027393192052841187,0.6338103413581848,0.3937665820121765,-0.03356191888451576,0.6142682433128357,0.34083980321884155,-0.038776371628046036,0.6839345693588257,0.3382011353969574,-0.009396929293870926,0.6704855561256409,0.24490804970264435,-0.022242596372961998,0.6635216474533081,0.1892692893743515,-0.03422453999519348,0.6585628390312195,0.14028294384479523,-0.04292616620659828,0.7117184996604919,0.3261528015136719,-0.009236336685717106,0.6984497308731079,0.2281898707151413,-0.01808052696287632,0.6894575357437134,0.1679355651140213,-0.026877062395215034,0.6815978288650513,0.11704917997121811,-0.033654630184173584,0.7398384809494019,0.33051055669784546,-0.012528985738754272,0.7306357622146606,0.2401283085346222,-0.021646859124302864,0.7235881090164185,0.18644699454307556,-0.02684403769671917,0.7169205546379089,0.13948431611061096,-0.030849529430270195,0.7703555226325989,0.3480668067932129,-0.018336541950702667,0.7687771320343018,0.2781585454940796,-0.026719598099589348,0.7662917971611023,0.2345649152994156,-0.029358353465795517,0.7633798122406006,0.19435526430606842,-0.030922625213861465,Hello!
0.9088439345359802,0.5379424095153809,3.031665869457356e-07,0.8624513149261475,0.4938391149044037,-0.0190938338637352,0.8295464515686035,0.4218493103981018,-0.02626238390803337,0.8132712244987488,0.3518114984035492,-0.03192567825317383,0.8018949031829834,0.2919469177722931,-0.03612788766622543,0.8615180850028992,0.3238089084625244,-0.007313937414437532,0.8582119345664978,0.22938770055770874,-0.02028842270374298,0.8597961068153381,0.1736985296010971,-0.03203481063246727,0.8626502752304077,0.12538743019104004,-0.039801061153411865,0.8853403329849243,0.31984564661979675,-0.006418043747544289,0.8817782998085022,0.22195060551166534,-0.014048521406948566,0.8826202154159546,0.16343669593334198,-0.02104375883936882,0.8841753005981445,0.11506210267543793,-0.026010796427726746,0.9086936712265015,0.3311769664287567,-0.009085600264370441,0.9061050415039062,0.2433723509311676,-0.016413040459156036,0.9048439860343933,0.19126199185848236,-0.018610719591379166,0.9041740894317627,0.14737540483474731,-0.020129980519413948,0.9350171089172363,0.3552596867084503,-0.014426170848309994,0.9373950958251953,0.2916998267173767,-0.020128173753619194,0.9368606209754944,0.25264278054237366,-0.019499197602272034,0.9357365965843201,0.2188684642314911,-0.01844934932887554,Hello!
0.16877402365207672,0.5633850693702698,3.247072868362011e-07,0.22041380405426025,0.5424209237098694,-0.02526824362576008,0.2663744390010834,0.47439271211624146,-0.03311486914753914,0.29971227049827576,0.4110111892223358,-0.038882385939359665,0.32976818084716797,0.36753928661346436,-0.04382796213030815,0.24527160823345184,0.33607572317123413,-0.00911265704780817,0.2612766921520233,0.24717213213443756,-0.02003367431461811,0.2683427631855011,0.18985441327095032,-0.031680721789598465,0.2739376723766327,0.1382398158311844,-0.04065654054284096,0.21831591427326202,0.3212233781814575,-0.006387407425791025,0.2364988923072815,0.22790855169296265,-0.013743465766310692,0.24715283513069153,0.1666485071182251,-0.023076262325048447,0.2559710741043091,0.11557655036449432,-0.030493954196572304,0.19022400677204132,0.325835645198822,-0.007737277541309595,0.20542004704475403,0.2395595759153366,-0.015709398314356804,0.21590201556682587,0.18358658254146576,-0.022476742044091225,0.22629530727863312,0.13367882370948792,-0.027937451377511024,0.1593756526708603,0.3448087275028229,-0.012276288121938705,0.16577750444412231,0.279903769493103,-0.020337332040071487,0.1712961047887802,0.23882372677326202,-0.023238735273480415,0.177885502576828,0.1984352469444275,-0.025259580463171005,Hello!
0.12298646569252014,0.6503307223320007,2.349377581367662e-07,0.16965366899967194,0.6288286447525024,-0.021555095911026,0.21391791105270386,0.5695662498474121,-0.0283451359719038,0.24393105506896973,0.5120153427124023,-0.03353710100054741,0.2705076038837433,0.47296765446662903,-0.03813888877630234,0.19422535598278046,0.44652628898620605,-0.008562116883695126,0.2094045728445053,0.3641350269317627,-0.01984832063317299,0.2161266952753067,0.31147831678390503,-0.030849341303110123,0.22150415182113647,0.2649064362049103,-0.03910592943429947,0.16998139023780823,0.4306330978870392,-0.00718375900760293,0.18646147847175598,0.34211888909339905,-0.015972264111042023,0.19587326049804688,0.2863873541355133,-0.025452667847275734,0.20364995300769806,0.24004723131656647,-0.032683584839105606,0.14534501731395721,0.433263897895813,-0.009232907555997372,0.1583051234483719,0.35090160369873047,-0.018714051693677902,0.16760875284671783,0.3018586337566376,-0.024948284029960632,0.17665882408618927,0.2591087222099304,-0.029454784467816353,0.11727751791477203,0.4501955211162567,-0.013889159075915813,0.12386151403188705,0.38721540570259094,-0.022616224363446236,0.12959566712379456,0.3486073911190033,-0.02527863159775734,0.135894775390625,0.3127528429031372,-0.026819083839654922,Hello!
0.26148879528045654,0.8668063282966614,2.8808977958760806e-07,0.310634583234787,0.8285698890686035,-0.016187701374292374,0.34830498695373535,0.7514784336090088,-0.020361939445137978,0.3760030269622803,0.6873629689216614,-0.024280061945319176,0.39955562353134155,0.6391672492027283,-0.02751843072474003,0.32098883390426636,0.6258819699287415,-5.255743599263951e-05,0.33389922976493835,0.5377389192581177,-0.009168869815766811,0.3403710126876831,0.4833235442638397,-0.01997223123908043,0.344716340303421,0.4337329566478729,-0.028202010318636894,0.2938390374183655,0.6140328645706177,-0.001587474369443953,0.306192547082901,0.5195794105529785,-0.007879767566919327,0.31529080867767334,0.4610440731048584,-0.01777416095137596,0.32174795866012573,0.4117959439754486,-0.02540939673781395,0.2660848796367645,0.6211891174316406,-0.006391500122845173,0.2747732102870941,0.5341923832893372,-0.013922550715506077,0.28237444162368774,0.4802491068840027,-0.021696127951145172,0.28896719217300415,0.4344218969345093,-0.02744138613343239,0.23675531148910522,0.6432561278343201,-0.013466901145875454,0.2362629771232605,0.5755458474159241,-0.021236110478639603,0.23876100778579712,0.5304055213928223,-0.024440638720989227,0.24288947880268097,0.48863643407821655,-0.02636830322444439,Hello!
0.21505923569202423,0.9212654232978821,2.536924910145899e-07,0.25923362374305725,0.8862271308898926,-0.018516557291150093,0.29298943281173706,0.8091129064559937,-0.021540015935897827,0.31224438548088074,0.7417692542076111,-0.023384325206279755,0.3286263644695282,0.6918712854385376,-0.024182016029953957,0.2636346220970154,0.6981993317604065,0.0008124547894112766,0.27065420150756836,0.6133026480674744,-0.006864586845040321,0.27367547154426575,0.5604977011680603,-0.01616278849542141,0.275594025850296,0.5149394273757935,-0.023199813440442085,0.2390158474445343,0.6900328993797302,0.002237353939563036,0.24724678695201874,0.6002968549728394,-0.0030292863957583904,0.252829909324646,0.5428004860877991,-0.011233607307076454,0.25753772258758545,0.49579039216041565,-0.017596866935491562,0.21584580838680267,0.6981568336486816,-7.533461143793829e-07,0.223612442612648,0.6145296096801758,-0.006381104234606028,0.23118749260902405,0.5637815594673157,-0.012407345697283745,0.23840521275997162,0.5208139419555664,-0.016951361671090126,0.19127802550792694,0.7192845344543457,-0.004771478474140167,0.19480611383914948,0.6561281085014343,-0.011374600231647491,0.1996649205684662,0.6168535351753235,-0.013917203061282635,0.20535719394683838,0.5809057950973511,-0.015496923588216305,Hello!
0.865247905254364,0.7385637164115906,2.88066331677328e-07,0.8193325400352478,0.6970261931419373,-0.02084975317120552,0.786476194858551,0.6269885897636414,-0.02924044243991375,0.7705492377281189,0.5568915605545044,-0.035778820514678955,0.757943332195282,0.4964607357978821,-0.04080585762858391,0.8167615532875061,0.5137045979499817,-0.007330498658120632,0.8117905259132385,0.4274148941040039,-0.021137764677405357,0.8129890561103821,0.37583503127098083,-0.034163568168878555,0.8166749477386475,0.3298793435096741,-0.04345879331231117,0.8425027132034302,0.5078873634338379,-0.0066137006506323814,0.837111234664917,0.4144091010093689,-0.0167287215590477,0.8354318737983704,0.35887348651885986,-0.026254020631313324,0.8352084755897522,0.310552179813385,-0.03338676691055298,0.8673025369644165,0.5198097229003906,-0.009812549687922001,0.8644922971725464,0.4315624535083771,-0.020770233124494553,0.862963855266571,0.3788505494594574,-0.02606966346502304,0.8621981739997864,0.3322216272354126,-0.029762864112854004,0.8945854306221008,0.5466353297233582,-0.01566305197775364,0.8989671468734741,0.4793705940246582,-0.025711284950375557,0.9005992412567139,0.43601423501968384,-0.02864379622042179,0.9011486768722534,0.3952941596508026,-0.03016342781484127,Hello!
0.771148145198822,0.6891186833381653,2.7901640464733646e-07,0.7220891118049622,0.6598523855209351,-0.019708802923560143,0.6810983419418335,0.5940251350402832,-0.028950627893209457,0.6565042734146118,0.5278862714767456,-0.03651747480034828,0.6343206763267517,0.4780922532081604,-0.04312407597899437,0.7107836008071899,0.4657520651817322,-0.012312782928347588,0.6969135999679565,0.37110772728919983,-0.02549784630537033,0.6894465684890747,0.31491219997406006,-0.037546008825302124,0.6838854551315308,0.26596754789352417,-0.04674519971013069,0.7394261360168457,0.45394131541252136,-0.013158388435840607,0.7262664437294006,0.35532230138778687,-0.023753400892019272,0.7181148529052734,0.2950994670391083,-0.033631205558776855,0.7108616828918457,0.24430571496486664,-0.0413016714155674,0.7686005234718323,0.460187703371048,-0.017268182709813118,0.7608623504638672,0.3654988408088684,-0.028927957639098167,0.7553739547729492,0.30986103415489197,-0.036148492246866226,0.7492236495018005,0.2611587941646576,-0.04153263941407204,0.7999838590621948,0.4811365008354187,-0.02361401915550232,0.8040962219238281,0.4074844419956207,-0.034726582467556,0.8044850826263428,0.36053207516670227,-0.03956177830696106,0.8027030229568481,0.3165947496891022,-0.042698390781879425,Hello!
0.8616422414779663,0.5569033622741699,2.8142255814600503e-07,0.8144073486328125,0.5158817172050476,-0.01861327886581421,0.7794361114501953,0.44781744480133057,-0.025636179372668266,0.7594560980796814,0.3803611993789673,-0.03133112192153931,0.7432501912117004,0.32712721824645996,-0.035661596804857254,0.8111491799354553,0.3446185886859894,-0.004907797556370497,0.8050520420074463,0.2550751566886902,-0.016398681327700615,0.8044683933258057,0.2025587260723114,-0.027681076899170876,0.8047885298728943,0.1568332314491272,-0.03556237742304802,0.8369541764259338,0.3388611078262329,-0.0041436064057052135,0.830694317817688,0.24542687833309174,-0.010762766934931278,0.8282707929611206,0.19035492837429047,-0.017884287983179092,0.8266815543174744,0.14519424736499786,-0.023344291374087334,0.8621747493743896,0.3488587737083435,-0.006967300083488226,0.858384370803833,0.26453274488449097,-0.013847860507667065,0.8555718064308167,0.21491310000419617,-0.01659049466252327,0.8528890013694763,0.17303046584129333,-0.018759500235319138,0.8895862102508545,0.37227663397789,-0.012388437055051327,0.8920696377754211,0.30900025367736816,-0.01810351014137268,0.8913561105728149,0.27139443159103394,-0.0179132167249918,0.8895696997642517,0.23844976723194122,-0.017363665625452995,Hello!
0.6529357433319092,0.48343372344970703,3.0650815574517765e-07,0.6029754281044006,0.4603389799594879,-0.019772164523601532,0.5607237219810486,0.3997553288936615,-0.028670543804764748,0.5333216190338135,0.3368029296398163,-0.03624602407217026,0.510836660861969,0.2852891981601715,-0.042906247079372406,0.5818644165992737,0.27008330821990967,-0.011430686339735985,0.5631052255630493,0.175440713763237,-0.024452311918139458,0.5520027875900269,0.11979393661022186,-0.03613082692027092,0.5433362126350403,0.07137390971183777,-0.044920578598976135,0.6097269058227539,0.25306621193885803,-0.011980407871305943,0.5891320109367371,0.15302033722400665,-0.022094927728176117,0.5749024152755737,0.09258513897657394,-0.03174851834774017,0.5625118613243103,0.043848518282175064,-0.039134878665208817,0.6395214796066284,0.25164830684661865,-0.015878962352871895,0.6269049048423767,0.15773674845695496,-0.026940707117319107,0.616606593132019,0.09984823316335678,-0.03409066051244736,0.6062909960746765,0.04979179427027702,-0.039402350783348083,0.6716993451118469,0.2640550136566162,-0.022075973451137543,0.6718085408210754,0.18996505439281464,-0.03242190182209015,0.6702750325202942,0.14281269907951355,-0.03669813647866249,0.6672317385673523,0.10041341185569763,-0.03942549228668213,Hello!
0.8267457485198975,0.8784231543540955,2.245295718239504e-07,0.7933449745178223,0.8559325933456421,-0.016944704577326775,0.7622939944267273,0.8129627108573914,-0.024674950167536736,0.7432746887207031,0.7664598822593689,-0.03079046681523323,0.7306490540504456,0.7230624556541443,-0.035566337406635284,0.7807466983795166,0.7184326648712158,-0.008496302179992199,0.7723594307899475,0.6489384770393372,-0.01911827363073826,0.7696141600608826,0.6088768243789673,-0.02872835285961628,0.7683776021003723,0.5735577940940857,-0.03537638485431671,0.7977810502052307,0.7102833390235901,-0.007227414287626743,0.788751482963562,0.6380236744880676,-0.014369087293744087,0.7848667502403259,0.5956747531890869,-0.020542629063129425,0.7819470763206482,0.5600032806396484,-0.02519073337316513,0.8151460886001587,0.714055597782135,-0.008911333978176117,0.8076103329658508,0.646457850933075,-0.015693621709942818,0.8033648729324341,0.6065762639045715,-0.01884724386036396,0.7993487119674683,0.572253406047821,-0.021283386275172234,0.8352944254875183,0.7270917892456055,-0.012793030589818954,0.8322734236717224,0.6747444868087769,-0.018813256174325943,0.8295455574989319,0.6426818370819092,-0.02049267664551735,0.8265029191970825,0.6135839819908142,-0.021415550261735916,Hello!
0.9741865396499634,0.8730772137641907,2.440756077248807e-07,0.9353898167610168,0.8325320482254028,-0.016875313594937325,0.9049497246742249,0.769119918346405,-0.022617880254983902,0.8892514705657959,0.7095974683761597,-0.026499584317207336,0.87784343957901,0.6593032479286194,-0.029079578816890717,0.9407269358634949,0.6781340837478638,-0.004853581544011831,0.9435762166976929,0.6044356226921082,-0.013002007268369198,0.9462203979492188,0.561500608921051,-0.021710462868213654,0.947808027267456,0.5241484045982361,-0.028415625914931297,0.964889407157898,0.6769327521324158,-0.003856315277516842,0.9668271541595459,0.6000317931175232,-0.008312181569635868,0.9678928256034851,0.5551177263259888,-0.01406132336705923,0.9677084684371948,0.5174544453620911,-0.019016992300748825,0.987537682056427,0.6905947923660278,-0.006079516373574734,0.9899369478225708,0.617185115814209,-0.012654133141040802,0.9907855987548828,0.5729747414588928,-0.016848919913172722,0.9902618527412415,0.5345639586448669,-0.020351292565464973,1.010993480682373,0.7158191800117493,-0.010291257873177528,1.01925528049469,0.6603874564170837,-0.01730683259665966,1.0252406597137451,0.6301759481430054,-0.019130803644657135,1.029626488685608,0.603839635848999,-0.020232489332556725,Hello!
0.22008022665977478,0.741480827331543,2.046394484978009e-07,0.1840849071741104,0.7047767043113708,-0.006907699629664421,0.16586832702159882,0.6407265067100525,-0.010748391039669514,0.15428230166435242,0.5917676687240601,-0.01553304959088564,0.13687632977962494,0.5605278611183167,-0.020872892811894417,0.19166554510593414,0.5432432293891907,-0.0026800096966326237,0.18968357145786285,0.4673842489719391,-0.011442837305366993,0.18444597721099854,0.420658141374588,-0.019979678094387054,0.17872628569602966,0.3788655996322632,-0.026887528598308563,0.21033942699432373,0.5390267968177795,-0.008884219452738762,0.21217672526836395,0.4550248384475708,-0.016832705587148666,0.20779530704021454,0.4003630578517914,-0.025833429768681526,0.2021235227584839,0.3541981279850006,-0.03295038640499115,0.2278517484664917,0.5506478548049927,-0.016866277903318405,0.2411390244960785,0.4713284969329834,-0.026422781869769096,0.24788451194763184,0.4197460412979126,-0.034152574837207794,0.25143465399742126,0.3744884133338928,-0.039984263479709625,0.24278397858142853,0.5750601291656494,-0.0257871113717556,0.25962623953819275,0.5155995488166809,-0.03432054817676544,0.269651859998703,0.474282443523407,-0.03816372901201248,0.2766318619251251,0.43529313802719116,-0.04122103005647659,Hello!
0.3138366639614105,0.6976463794708252,3.6374510159475903e-07,0.2665144205093384,0.6930754780769348,-0.023851657286286354,0.22831375896930695,0.6464804410934448,-0.03659944608807564,0.2012527585029602,0.59136563539505,-0.04700731113553047,0.17029349505901337,0.5551864504814148,-0.05697712302207947,0.2336750477552414,0.5221835970878601,-0.021156342700123787,0.21587494015693665,0.4377402365207672,-0.03739968687295914,0.20583271980285645,0.3850950598716736,-0.05102416127920151,0.1982235461473465,0.3355633318424225,-0.06109147146344185,0.2596944570541382,0.49718576669692993,-0.021484825760126114,0.23952418565750122,0.4028156101703644,-0.034379348158836365,0.22575445473194122,0.3440445065498352,-0.04634261876344681,0.21354487538337708,0.29437771439552307,-0.055742502212524414,0.2880401909351349,0.49298903346061707,-0.024809254333376884,0.27852824330329895,0.4006919264793396,-0.03837260976433754,0.27136120200157166,0.34297412633895874,-0.04656796157360077,0.26344722509384155,0.29362544417381287,-0.05291656777262688,0.3180526793003082,0.5060662031173706,-0.030448999255895615,0.3186785876750946,0.4353456497192383,-0.04238324612379074,0.3185473382472992,0.3901579678058624,-0.046616747975349426,0.31621894240379333,0.35007381439208984,-0.04964611679315567,Hello!
0.6578658223152161,0.6940436959266663,1.4584558982733142e-07,0.6196998953819275,0.6508626341819763,-0.010848840698599815,0.5980381965637207,0.5736034512519836,-0.012538047507405281,0.5935412645339966,0.506841242313385,-0.01407516747713089,0.5880547165870667,0.45740094780921936,-0.015109053812921047,0.6403340697288513,0.4887029826641083,0.0015015547396615148,0.6419358253479004,0.41384705901145935,-0.004177140537649393,0.6422238349914551,0.3709114193916321,-0.011354795657098293,0.6423206925392151,0.33229437470436096,-0.017455974593758583,0.6663790941238403,0.48995864391326904,-0.0009538446902297437,0.6725778579711914,0.41102680563926697,-0.004190891049802303,0.6744298934936523,0.36247336864471436,-0.010399616323411465,0.6748793125152588,0.3223782181739807,-0.016045302152633667,0.6888783574104309,0.5053579807281494,-0.00617526238784194,0.6991052627563477,0.4346773028373718,-0.011084663681685925,0.7032210230827332,0.3903368413448334,-0.015743758529424667,0.7052196860313416,0.35065194964408875,-0.020071886479854584,0.7095063924789429,0.5315303206443787,-0.013121869415044785,0.7226243615150452,0.47575727105140686,-0.018460001796483994,0.7293363809585571,0.43933865427970886,-0.020569605752825737,0.7339117527008057,0.40435701608657837,-0.022523997351527214,Hello!
0.6618780493736267,0.5223764777183533,2.448185796311009e-07,0.6200670003890991,0.48567014932632446,-0.018856236711144447,0.5897221565246582,0.41570743918418884,-0.026829034090042114,0.5768759250640869,0.3443242013454437,-0.033242788165807724,0.5660144090652466,0.2832798659801483,-0.03854205086827278,0.6206471920013428,0.30506494641304016,-0.009394831024110317,0.6163221597671509,0.21750862896442413,-0.021759139373898506,0.6135143041610718,0.1646956503391266,-0.03325352072715759,0.6117569804191589,0.11752405017614365,-0.041915345937013626,0.6471158862113953,0.29870328307151794,-0.010000134818255901,0.642937183380127,0.2052750140428543,-0.019098762422800064,0.6404092907905579,0.14805008471012115,-0.028159249573946,0.6379269957542419,0.09971824288368225,-0.035296279937028885,0.6723195314407349,0.3090430796146393,-0.013916568830609322,0.6711680889129639,0.2235843390226364,-0.023511715233325958,0.670136034488678,0.16909900307655334,-0.029555756598711014,0.6675591468811035,0.12043546885251999,-0.03449033945798874,0.6985013484954834,0.3331589102745056,-0.020199287682771683,0.7026432156562805,0.2683585286140442,-0.029347050935029984,0.7039578557014465,0.2261977195739746,-0.03291580080986023,0.7034862041473389,0.18718010187149048,-0.03543025627732277,Hello!
0.21064700186252594,0.4205193519592285,3.4903871437563794e-07,0.26018843054771423,0.41641995310783386,-0.024729184806346893,0.3099227547645569,0.3624497354030609,-0.029864653944969177,0.34402263164520264,0.30603617429733276,-0.032149769365787506,0.37424492835998535,0.2743741273880005,-0.0328981839120388,0.3015911281108856,0.2355654537677765,-0.0061377547681331635,0.32866406440734863,0.1584721803665161,-0.012060725130140781,0.34174540638923645,0.11125657707452774,-0.019462289288640022,0.3521307408809662,0.06881000101566315,-0.025072826072573662,0.2780170440673828,0.2132090926170349,-0.0006051289383322,0.3055516481399536,0.13410218060016632,-0.0024564454797655344,0.32225993275642395,0.0836254209280014,-0.007650710642337799,0.33597567677497864,0.04185329005122185,-0.011752808466553688,0.2519666850566864,0.20814403891563416,0.0010549151338636875,0.2745160758495331,0.13699263334274292,-0.002148393541574478,0.28962233662605286,0.09606672823429108,-0.006143205799162388,0.3037258982658386,0.06023930385708809,-0.00934286043047905,0.22159747779369354,0.21570336818695068,-0.0003894057881552726,0.23148229718208313,0.16217443346977234,-0.004335331730544567,0.23802191019058228,0.1311722993850708,-0.005013789515942335,0.24448414146900177,0.10069233179092407,-0.005073745269328356,Hello!
0.22778338193893433,0.7045280337333679,1.8547774516264326e-07,0.277401328086853,0.6857125759124756,-0.01789618283510208,0.31728991866111755,0.6173429489135742,-0.021735647693276405,0.34359660744667053,0.5528073906898499,-0.0241528507322073,0.367926687002182,0.5096279382705688,-0.026025855913758278,0.295238733291626,0.49283167719841003,-0.007140474859625101,0.3148941099643707,0.3997553586959839,-0.015033760108053684,0.3238770067691803,0.34623008966445923,-0.023121848702430725,0.3299470543861389,0.3004497289657593,-0.02938089706003666,0.26940569281578064,0.477607399225235,-0.006622884422540665,0.29057577252388,0.3796505928039551,-0.01170299481600523,0.3031110167503357,0.32374608516693115,-0.019060123711824417,0.3120865225791931,0.2827184200286865,-0.024951592087745667,0.24285270273685455,0.47951051592826843,-0.008997639641165733,0.25850868225097656,0.3864995837211609,-0.015793664380908012,0.2686707079410553,0.33170896768569946,-0.023298531770706177,0.2776355445384979,0.28975945711135864,-0.02906101569533348,0.21400149166584015,0.4961119592189789,-0.013402909971773624,0.21668641269207,0.4243318438529968,-0.021710699424147606,0.22039735317230225,0.3804933726787567,-0.025775795802474022,0.22577136754989624,0.34347596764564514,-0.028392039239406586,Hello!
0.5124226808547974,0.8914524912834167,2.7328869123266486e-07,0.5626158714294434,0.8599923849105835,-0.013681250624358654,0.601288378238678,0.7875099182128906,-0.01965966820716858,0.6299290657043457,0.7306802868843079,-0.025908678770065308,0.6547286510467529,0.6893310546875,-0.03220140188932419,0.5889900922775269,0.6656104326248169,-0.008127989247441292,0.608049750328064,0.5791782140731812,-0.021041996777057648,0.6193099021911621,0.5241155028343201,-0.03294624015688896,0.6277494430541992,0.47525641322135925,-0.04203583300113678,0.5628563165664673,0.648880124092102,-0.013242836110293865,0.5826857686042786,0.5520601868629456,-0.023638438433408737,0.5976097583770752,0.496762216091156,-0.034186962991952896,0.6099492907524109,0.4498082399368286,-0.042481448501348495,0.5352039337158203,0.6529496908187866,-0.021000724285840988,0.5508598685264587,0.560289740562439,-0.03173798322677612,0.5643524527549744,0.5008244514465332,-0.04061564430594444,0.5781236290931702,0.4479457437992096,-0.0477948859333992,0.5042564868927002,0.674694299697876,-0.030534587800502777,0.5051019191741943,0.5983320474624634,-0.04173939675092697,0.5106982588768005,0.5490202307701111,-0.04668246582150459,0.519413411617279,0.503184974193573,-0.05035142973065376,Hello!
0.4024679660797119,0.8866239190101624,2.771994616068696e-07,0.4467337131500244,0.8301306366920471,-0.015444458462297916,0.4736136496067047,0.7409038543701172,-0.01944578066468239,0.4886217713356018,0.6699646711349487,-0.023393936455249786,0.5001139640808105,0.612939715385437,-0.026518074795603752,0.4343544840812683,0.6292575597763062,-0.0015474939718842506,0.4389859437942505,0.5390681624412537,-0.012096918188035488,0.44078299403190613,0.48434385657310486,-0.022960323840379715,0.44136175513267517,0.4355708956718445,-0.031086012721061707,0.40709227323532104,0.6259037256240845,-0.0037340503185987473,0.4087619483470917,0.5288422107696533,-0.011774102225899696,0.41257959604263306,0.46971458196640015,-0.021214559674263,0.41591864824295044,0.41970768570899963,-0.02842004783451557,0.3823230564594269,0.6423619985580444,-0.009265906177461147,0.3787284791469574,0.5552687644958496,-0.017834577709436417,0.38125282526016235,0.500918447971344,-0.024910401552915573,0.3850732445716858,0.45279666781425476,-0.03021346777677536,0.3585381507873535,0.6763538718223572,-0.017116716131567955,0.34759029746055603,0.6120697259902954,-0.02580876089632511,0.343077152967453,0.5671823620796204,-0.029906533658504486,0.34114429354667664,0.5235766768455505,-0.03253764659166336,Hello!
0.1928829848766327,0.8702586889266968,3.2371076486015227e-07,0.2319963127374649,0.8053295612335205,-0.018342401832342148,0.2537153363227844,0.7186639904975891,-0.023455381393432617,0.2618573307991028,0.6431221961975098,-0.026888161897659302,0.2665943205356598,0.5823242664337158,-0.02944481186568737,0.20647858083248138,0.6326515078544617,-0.007255153264850378,0.202143132686615,0.5416930913925171,-0.01592685841023922,0.19681130349636078,0.4900844693183899,-0.024605730548501015,0.19088342785835266,0.4448905885219574,-0.030791889876127243,0.17991043627262115,0.6392738819122314,-0.005433827172964811,0.1745186448097229,0.5465153455734253,-0.010782971978187561,0.17075401544570923,0.49231329560279846,-0.017955077812075615,0.1672033816576004,0.4463842213153839,-0.023573454469442368,0.15720419585704803,0.6597200632095337,-0.006472696550190449,0.14901939034461975,0.5782764554023743,-0.011980212293565273,0.14559459686279297,0.5290429592132568,-0.016979537904262543,0.14379920065402985,0.4867972135543823,-0.020840583369135857,0.13597849011421204,0.6942793130874634,-0.009805639274418354,0.12468379735946655,0.6342744827270508,-0.015303567983210087,0.11931551992893219,0.5961580872535706,-0.0172771867364645,0.11515381932258606,0.5599600672721863,-0.01821640133857727,Hello!
0.17634505033493042,0.598141610622406,4.140270277730451e-07,0.21763187646865845,0.5477314591407776,-0.021408122032880783,0.24507968127727509,0.467996209859848,-0.02775554172694683,0.25692471861839294,0.3927944302558899,-0.03225398808717728,0.26635533571243286,0.3310297727584839,-0.03591068461537361,0.2058859020471573,0.3713585436344147,-0.00725526874884963,0.20686429738998413,0.27945905923843384,-0.016856737434864044,0.2051602154970169,0.22516945004463196,-0.02610115520656109,0.20371216535568237,0.17775478959083557,-0.032286182045936584,0.17953123152256012,0.37095528841018677,-0.004276163410395384,0.18076303601264954,0.2793828547000885,-0.010351205244660378,0.1800684630870819,0.2215600460767746,-0.01764015108346939,0.18062612414360046,0.17520348727703094,-0.02284298464655876,0.1556483656167984,0.3862474858760834,-0.004780942108482122,0.1535709649324417,0.3031698167324066,-0.01126212440431118,0.1533464938402176,0.25389325618743896,-0.01519833691418171,0.1560121476650238,0.2123001515865326,-0.017870334908366203,0.1320105642080307,0.4150145947933197,-0.007952330633997917,0.1263832449913025,0.3521732687950134,-0.01430863793939352,0.12473548948764801,0.3134887218475342,-0.015021240338683128,0.1256522238254547,0.2779240608215332,-0.01457362063229084,Hello!
0.3387715220451355,0.7605587840080261,2.9562528425230994e-07,0.3810639977455139,0.722135066986084,-0.018497182056307793,0.40912148356437683,0.6581889390945435,-0.022851398214697838,0.4244736135005951,0.5933427810668945,-0.02592497691512108,0.43454709649086,0.5383680462837219,-0.02810416929423809,0.37878862023353577,0.5541808009147644,-0.0008426173590123653,0.3872203230857849,0.4754146933555603,-0.007943742908537388,0.3899371325969696,0.42787620425224304,-0.016861330717802048,0.39085492491722107,0.3838425874710083,-0.02354491874575615,0.3533073365688324,0.5483196377754211,0.0010017998283728957,0.3606693744659424,0.46621888875961304,-0.0026505915448069572,0.36520808935165405,0.4144706130027771,-0.010698039084672928,0.36803385615348816,0.3700762987136841,-0.017261995002627373,0.32787081599235535,0.5591577291488647,-0.0004929541028104722,0.3303922712802887,0.48512792587280273,-0.005244703032076359,0.33323782682418823,0.4371393918991089,-0.011782249435782433,0.3361625671386719,0.3937443196773529,-0.01713784597814083,0.30208122730255127,0.581990659236908,-0.004393482115119696,0.29816415905952454,0.5290239453315735,-0.009595061652362347,0.29842638969421387,0.4946061074733734,-0.011942194774746895,0.3010005056858063,0.4612347185611725,-0.013665280304849148,Hello!
0.3408128619194031,0.799911379814148,1.644441027792709e-07,0.3684936463832855,0.7886502146720886,-0.01220653299242258,0.39424633979797363,0.75433748960495,-0.01572784036397934,0.41107484698295593,0.7176263332366943,-0.01834999769926071,0.42216554284095764,0.6854565143585205,-0.020479820668697357,0.3868280351161957,0.6799491047859192,-0.003704065689817071,0.3973080813884735,0.6289796233177185,-0.010001826100051403,0.40212368965148926,0.5972139239311218,-0.016198646277189255,0.4059370756149292,0.570025622844696,-0.020561708137392998,0.372134804725647,0.6698608994483948,-0.0029410303104668856,0.38274285197257996,0.6167319416999817,-0.0075594959780573845,0.3892388343811035,0.5826540589332581,-0.01307792216539383,0.3946533203125,0.5556076169013977,-0.01718714088201523,0.35662078857421875,0.6700145602226257,-0.004276123829185963,0.36475011706352234,0.6209834814071655,-0.009037494659423828,0.3711681663990021,0.5906872153282166,-0.013072896748781204,0.37762486934661865,0.5656916499137878,-0.016041643917560577,0.33931905031204224,0.6780668497085571,-0.007108503486961126,0.34311702847480774,0.6392392516136169,-0.011907150037586689,0.3470131456851959,0.6147840023040771,-0.013864409178495407,0.35166439414024353,0.5922649502754211,-0.014970886521041393,Hello!
0.39700061082839966,1.0023807287216187,2.3580876984397037e-07,0.430047869682312,0.9584075808525085,-0.016357216984033585,0.4479317367076874,0.8808867931365967,-0.019583048298954964,0.45507824420928955,0.8161060214042664,-0.021867237985134125,0.45753371715545654,0.7627682685852051,-0.023320192471146584,0.41199445724487305,0.7899278998374939,-0.0004568627628032118,0.4107992947101593,0.7151620984077454,-0.007900288328528404,0.4083064794540405,0.6688728928565979,-0.016590571030974388,0.40587225556373596,0.6287487149238586,-0.023184016346931458,0.3901003897190094,0.7924666404724121,0.00018678505148272961,0.38804590702056885,0.7142460942268372,-0.004838407505303621,0.38669484853744507,0.662709653377533,-0.0127316415309906,0.38604459166526794,0.6201927661895752,-0.0191281046718359,0.3704815208911896,0.8093907237052917,-0.0024891477078199387,0.366873562335968,0.7356535196304321,-0.008586613461375237,0.3659961521625519,0.6882768273353577,-0.015140525996685028,0.36610016226768494,0.6468525528907776,-0.020260199904441833,0.351554811000824,0.8383142352104187,-0.007350449915975332,0.3451479375362396,0.7817856669425964,-0.014322045259177685,0.34284308552742004,0.7437493801116943,-0.0180481169372797,0.34203243255615234,0.7067691087722778,-0.020667027682065964,Hello!
0.46170520782470703,0.995422899723053,2.447935401050927e-07,0.49981555342674255,0.9499449729919434,-0.014299233444035053,0.5227496027946472,0.8710091710090637,-0.018886884674429893,0.5352795720100403,0.8091452717781067,-0.02331126108765602,0.5459692478179932,0.7597023248672485,-0.027269218116998672,0.48913058638572693,0.7611488103866577,-0.0027973384130746126,0.48886793851852417,0.6770362257957458,-0.012673097662627697,0.4873262643814087,0.6266952157020569,-0.022413523867726326,0.4853661060333252,0.5832353234291077,-0.029560087248682976,0.46497368812561035,0.7612680792808533,-0.004931060131639242,0.46521008014678955,0.6701551675796509,-0.01264600083231926,0.4653473496437073,0.6137728095054626,-0.02124074473977089,0.4654145836830139,0.5675466060638428,-0.027662528678774834,0.4432627856731415,0.7776564955711365,-0.010008804500102997,0.44287610054016113,0.691331684589386,-0.017821984365582466,0.44502905011177063,0.6384552121162415,-0.023496858775615692,0.4478917717933655,0.5933423042297363,-0.027708714827895164,0.4220711886882782,0.8076230883598328,-0.017072709277272224,0.41986024379730225,0.7398263812065125,-0.024664517492055893,0.4221860468387604,0.6963089108467102,-0.02692483365535736,0.4261365830898285,0.6551089286804199,-0.028215685859322548,Hello!
0.567969024181366,0.9640558362007141,1.3131615617112402e-07,0.5352410078048706,0.9178718328475952,-0.012132072821259499,0.5166460871696472,0.842897891998291,-0.017178917303681374,0.5113577246665955,0.7790766358375549,-0.02190028689801693,0.5032676458358765,0.7245889902114868,-0.026164168491959572,0.5464637279510498,0.7607510089874268,-0.005646835546940565,0.5423938632011414,0.6844132542610168,-0.016378507018089294,0.5394052267074585,0.6397436857223511,-0.026320556178689003,0.5371663570404053,0.5979834794998169,-0.03433501720428467,0.5691813826560974,0.7603706121444702,-0.009398193098604679,0.5654286742210388,0.6784222722053528,-0.018967924639582634,0.5614330768585205,0.6286641955375671,-0.028509480878710747,0.5568616390228271,0.5830458402633667,-0.035965267568826675,0.5910595655441284,0.7764806151390076,-0.015601608902215958,0.5958433151245117,0.6973484754562378,-0.026632823050022125,0.5986620187759399,0.648514449596405,-0.03353316709399223,0.5994357466697693,0.6028934121131897,-0.03876170143485069,0.6121436357498169,0.8063735365867615,-0.02321781776845455,0.6223200559616089,0.7489835023880005,-0.033631280064582825,0.6291577816009521,0.7109392285346985,-0.03764798492193222,0.6339137554168701,0.6738469004631042,-0.040438830852508545,Hello!
0.690252959728241,0.9864725470542908,2.2100506669175957e-07,0.6593465805053711,0.9287869334220886,-0.015165207907557487,0.6496632099151611,0.8563077449798584,-0.019796349108219147,0.6539772152900696,0.794279158115387,-0.023387031629681587,0.6660733222961426,0.7448610663414001,-0.025279594585299492,0.6897838115692139,0.7881500124931335,0.0023479550145566463,0.6985476016998291,0.7169476747512817,-0.005453259218484163,0.7036212682723999,0.6738331317901611,-0.01455281674861908,0.7092562317848206,0.6360910534858704,-0.021237799897789955,0.7098451256752014,0.7976094484329224,0.0036255966406315565,0.7179606556892395,0.722930908203125,0.0009574093273840845,0.7228133678436279,0.6756718158721924,-0.003896580543369055,0.7260825037956238,0.6358649730682373,-0.007911667227745056,0.7270399928092957,0.8208274841308594,0.0014231534441933036,0.7370429635047913,0.7554767727851868,-0.0013830356765538454,0.7418588399887085,0.7161513566970825,-0.002166782971471548,0.7451092004776001,0.6812366843223572,-0.0033903345465660095,0.7441272139549255,0.8550897240638733,-0.0033195100259035826,0.7555286288261414,0.8096847534179688,-0.005794155411422253,0.7604504227638245,0.7808873057365417,-0.004842335358262062,0.7645210027694702,0.7531110048294067,-0.004067911300808191,Hello!
0.23489026725292206,0.880058765411377,3.373005483808811e-07,0.2721928060054779,0.8263460993766785,-0.016303719952702522,0.29098767042160034,0.7309728264808655,-0.016414325684309006,0.2519790232181549,0.6809918284416199,-0.01484754029661417,0.21374119818210602,0.6791512370109558,-0.014174427837133408,0.28621089458465576,0.6200014352798462,0.004632267169654369,0.29094526171684265,0.5252315402030945,0.002496000612154603,0.2921605110168457,0.46668723225593567,-0.002879800507798791,0.28818121552467346,0.41393032670021057,-0.008427312597632408,0.25552013516426086,0.6142200231552124,0.0015805746661499143,0.26348239183425903,0.5116556286811829,0.001703015179373324,0.2652670443058014,0.44840872287750244,-0.0053169745951890945,0.2643735706806183,0.38839876651763916,-0.0109500577673316,0.22609026730060577,0.6323825716972351,-0.004631247371435165,0.23278263211250305,0.5432310700416565,-0.015793683007359505,0.23955658078193665,0.48358362913131714,-0.03131532669067383,0.24156077206134796,0.42286261916160583,-0.04219862446188927,0.19688494503498077,0.6696723103523254,-0.012116339057683945,0.20973993837833405,0.6303992867469788,-0.02922152541577816,0.22122721374034882,0.6708457469940186,-0.03252563625574112,0.2269776463508606,0.710056722164154,-0.03314131125807762,Water
0.19538132846355438,0.8664509057998657,2.988372216350399e-07,0.23301415145397186,0.8124687671661377,-0.017794961109757423,0.24893665313720703,0.7198395729064941,-0.018297012895345688,0.21271657943725586,0.6636589765548706,-0.01636589877307415,0.17672458291053772,0.6461785435676575,-0.014891221188008785,0.2516723573207855,0.6173044443130493,0.0026551499031484127,0.2552110552787781,0.5174396634101868,-0.0010373664554208517,0.2535769045352936,0.4566420912742615,-0.007143970113247633,0.24740876257419586,0.4035434126853943,-0.012638653628528118,0.2226441651582718,0.6114094257354736,0.0006504850462079048,0.22938306629657745,0.5041829943656921,-0.00018132141849491745,0.22876037657260895,0.43669208884239197,-0.00829888042062521,0.226353719830513,0.3765155076980591,-0.014437412843108177,0.1940668225288391,0.6269481182098389,-0.004669900052249432,0.20066510140895844,0.5327911376953125,-0.01783442124724388,0.20482997596263885,0.46926823258399963,-0.035829927772283554,0.20514936745166779,0.40732964873313904,-0.048060715198516846,0.1671363115310669,0.6601340174674988,-0.011077793315052986,0.17470493912696838,0.6213620901107788,-0.030543025583028793,0.18193428218364716,0.6612256169319153,-0.035945672541856766,0.1842135787010193,0.7016214728355408,-0.037670183926820755,Water
0.28607413172721863,0.8618689775466919,3.339917498124123e-07,0.3269907236099243,0.8136352300643921,-0.015865040943026543,0.35003700852394104,0.7387397289276123,-0.01532469317317009,0.3232020437717438,0.6726707816123962,-0.012595011852681637,0.2922511398792267,0.6523333191871643,-0.00941629707813263,0.35909900069236755,0.629732608795166,0.004385374020785093,0.37604615092277527,0.5357477068901062,0.0027279031928628683,0.3829483985900879,0.4792713224887848,-0.0016906298696994781,0.38507896661758423,0.4256998598575592,-0.0061303540132939816,0.3314213752746582,0.6122366786003113,0.0028406817000359297,0.34990108013153076,0.5133784413337708,0.0022815889678895473,0.35884198546409607,0.45398780703544617,-0.003188853384926915,0.36462730169296265,0.39785751700401306,-0.006945095956325531,0.3027755320072174,0.618999183177948,-0.0017550119664520025,0.3160220682621002,0.532785952091217,-0.011437518522143364,0.32806554436683655,0.47708332538604736,-0.023795120418071747,0.33516156673431396,0.4200122356414795,-0.031569551676511765,0.27316486835479736,0.6478717923164368,-0.007706130854785442,0.287943959236145,0.5983346700668335,-0.019014587625861168,0.2955038845539093,0.6302525997161865,-0.018430372700095177,0.29707837104797363,0.6678900122642517,-0.016284514218568802,Water
0.3016264736652374,0.9085097908973694,3.101454240095336e-07,0.3414803445339203,0.8594817519187927,-0.01682591438293457,0.3590864837169647,0.7757308483123779,-0.015369956381618977,0.3293195962905884,0.7068976759910583,-0.011352085508406162,0.2978178560733795,0.6938158869743347,-0.006527301389724016,0.3639044165611267,0.6583523750305176,0.005979698617011309,0.37348058819770813,0.556414783000946,0.005147150717675686,0.37674641609191895,0.49802565574645996,0.0021666379179805517,0.37502047419548035,0.44554057717323303,-0.0012291732709854841,0.3361271917819977,0.6470202207565308,0.004757207818329334,0.3489498496055603,0.5391061305999756,0.0033866704907268286,0.35423314571380615,0.4761546850204468,-0.0013023529900237918,0.35674068331718445,0.4176033139228821,-0.0038626710884273052,0.30741992592811584,0.6597179770469666,9.838641562964767e-05,0.3171888291835785,0.565931499004364,-0.011120118200778961,0.32567688822746277,0.5032230019569397,-0.02375318668782711,0.32982003688812256,0.4401688575744629,-0.0311031062155962,0.2780611515045166,0.6959537267684937,-0.005934887565672398,0.2870652973651886,0.640069305896759,-0.01787169836461544,0.29617226123809814,0.6720381379127502,-0.01712399162352085,0.30027177929878235,0.712116003036499,-0.014799663797020912,Water
0.7403936386108398,0.8179598450660706,2.233851859045899e-07,0.7114807963371277,0.7653762102127075,-0.01758991740643978,0.7055114507675171,0.6702717542648315,-0.016399173066020012,0.7430137395858765,0.6096842288970947,-0.013876593671739101,0.778411328792572,0.587370753288269,-0.011512725614011288,0.6988041400909424,0.5742782354354858,0.0035650155041366816,0.6939060091972351,0.4749712646007538,0.0014069239841774106,0.6940066814422607,0.4166092872619629,-0.003770562121644616,0.6931623220443726,0.3657039701938629,-0.009755509905517101,0.7258045077323914,0.5664283633232117,0.001809223322197795,0.7179902791976929,0.46517235040664673,0.0014459550147876143,0.7146435379981995,0.40186646580696106,-0.0063866819255054,0.7119479179382324,0.34909766912460327,-0.013483996503055096,0.7528793215751648,0.5792108774185181,-0.0037422559689730406,0.7551984190940857,0.4884398877620697,-0.014855816960334778,0.7535152435302734,0.431201308965683,-0.031437817960977554,0.7507731914520264,0.37813904881477356,-0.0436246432363987,0.7816117405891418,0.6083388328552246,-0.010963684879243374,0.7852890491485596,0.5464174747467041,-0.026132525876164436,0.7790452241897583,0.5702552795410156,-0.031248290091753006,0.7731491327285767,0.6019436717033386,-0.03470928966999054,Water
0.6703552007675171,0.6762747764587402,2.438644344238128e-07,0.636166512966156,0.6290614008903503,-0.015331108123064041,0.6198252439498901,0.5287736058235168,-0.013727537356317043,0.6526070833206177,0.45854347944259644,-0.011087106540799141,0.6873466372489929,0.42617496848106384,-0.008816967718303204,0.6204134821891785,0.4333789348602295,0.0037860677111893892,0.6159100532531738,0.32987096905708313,0.001853599096648395,0.6170951724052429,0.2709038257598877,-0.0021692763548344374,0.617976188659668,0.2209596037864685,-0.00684377271682024,0.6494951248168945,0.42699500918388367,0.0018590447725728154,0.6436863541603088,0.3152877390384674,0.0005632165120914578,0.641431450843811,0.25041326880455017,-0.005575552117079496,0.6400506496429443,0.19790364801883698,-0.010584636591374874,0.677365243434906,0.4381484091281891,-0.003548153443261981,0.6758742332458496,0.3368668258190155,-0.014188882894814014,0.6685658097267151,0.2757309675216675,-0.028025345876812935,0.6630660891532898,0.22231677174568176,-0.03788242116570473,0.7057207822799683,0.4639369547367096,-0.01048998162150383,0.7029964923858643,0.3953671157360077,-0.024641208350658417,0.6961464881896973,0.41911035776138306,-0.028222884982824326,0.69350266456604,0.4539499878883362,-0.030272813513875008,Water
0.7885230183601379,0.7409228086471558,2.8668586082858383e-07,0.7648999094963074,0.6877294182777405,-0.018843650817871094,0.7596907019615173,0.5907471776008606,-0.018848169595003128,0.7960118055343628,0.5305610299110413,-0.017036588862538338,0.8309668898582458,0.506833016872406,-0.015288184396922588,0.7492104172706604,0.49490195512771606,0.0022249030880630016,0.751282811164856,0.3961031138896942,-0.0008783862576819956,0.7560690641403198,0.33788561820983887,-0.006544933654367924,0.7587124705314636,0.28803250193595886,-0.012330817058682442,0.7744263410568237,0.49164098501205444,0.0011341461213305593,0.7758424282073975,0.387756884098053,-0.00015487287600990385,0.7778288722038269,0.32642272114753723,-0.0071082389913499355,0.778541088104248,0.2724616825580597,-0.012713435105979443,0.7993643283843994,0.5074357986450195,-0.003797253593802452,0.8040209412574768,0.4135674834251404,-0.014160950668156147,0.8014139533042908,0.355829119682312,-0.028081176802515984,0.7986476421356201,0.298907607793808,-0.0381627231836319,0.8244948387145996,0.541614294052124,-0.010699288919568062,0.8279903531074524,0.4795866906642914,-0.02450418844819069,0.8218598961830139,0.5082674622535706,-0.02732994593679905,0.8187193870544434,0.5410963892936707,-0.02889847196638584,Water
0.7778350710868835,0.9835061430931091,2.9414792379611754e-07,0.751198410987854,0.9225959777832031,-0.021727366372942924,0.7522584199905396,0.8322857022285461,-0.023922370746731758,0.7917987704277039,0.7727930545806885,-0.023549819365143776,0.8258019685745239,0.7563990950584412,-0.02201848104596138,0.7530338168144226,0.7219055891036987,0.00034581549698486924,0.7631558179855347,0.6171693205833435,-0.004083807114511728,0.7715439200401306,0.5589396953582764,-0.011212396435439587,0.778093159198761,0.506859540939331,-0.01825695112347603,0.7810535430908203,0.7197153568267822,1.60558738571126e-05,0.7904735803604126,0.6117855906486511,-0.003504163818433881,0.7987322807312012,0.550004780292511,-0.011868046596646309,0.8044705390930176,0.49287378787994385,-0.018539974465966225,0.805422306060791,0.7380651831626892,-0.004395489115267992,0.8143517374992371,0.6450271606445312,-0.01515378151088953,0.8190619945526123,0.586951732635498,-0.02807486057281494,0.8225148916244507,0.5306435227394104,-0.037322886288166046,0.8307992219924927,0.7773857712745667,-0.011298568919301033,0.8364145755767822,0.7081945538520813,-0.022322798147797585,0.8310098648071289,0.7262051105499268,-0.02299390733242035,0.8263339400291443,0.7553080916404724,-0.023348337039351463,Water
0.7271541357040405,0.947506308555603,2.2605539129472163e-07,0.6950772404670715,0.8970702290534973,-0.02231580577790737,0.6849992275238037,0.7988618016242981,-0.023246755823493004,0.7211273312568665,0.73381108045578,-0.02126743458211422,0.7573567628860474,0.7113626599311829,-0.019017072394490242,0.6790386438369751,0.6915603280067444,-0.003713826183229685,0.6678571701049805,0.5835762619972229,-0.008449901826679707,0.6631083488464355,0.5213319063186646,-0.01489991694688797,0.657910168170929,0.4660795331001282,-0.02120453491806984,0.7103570699691772,0.6819972395896912,-0.005446311552077532,0.702899694442749,0.5655176043510437,-0.006837607827037573,0.6999629139900208,0.49891507625579834,-0.013923415914177895,0.696655809879303,0.4412713944911957,-0.020304670557379723,0.7386547327041626,0.6946808099746704,-0.011570118367671967,0.7405332326889038,0.5937082767486572,-0.02405589446425438,0.7391430139541626,0.5296897888183594,-0.04077763110399246,0.7377241849899292,0.46819552779197693,-0.05273538827896118,0.7669366002082825,0.7277185916900635,-0.01981065422296524,0.7668320536613464,0.6527350544929504,-0.033719252794981,0.7623478770256042,0.6834467649459839,-0.03563559427857399,0.7598057985305786,0.7275024652481079,-0.03722326457500458,Water
0.8226568102836609,0.7717249989509583,2.9840211368536984e-07,0.799220621585846,0.7189843654632568,-0.02429981157183647,0.7952415943145752,0.6229859590530396,-0.02575651928782463,0.8340573310852051,0.5580248236656189,-0.02411286160349846,0.8693780899047852,0.5266440510749817,-0.02213461883366108,0.7746804356575012,0.524582028388977,-0.0028332634828984737,0.7657545804977417,0.42065557837486267,-0.00798116810619831,0.7631180286407471,0.3579448461532593,-0.01514896284788847,0.7587560415267944,0.3049135208129883,-0.02183247171342373,0.8041581511497498,0.5145871043205261,-0.0025090405251830816,0.8021776080131531,0.4067416191101074,-0.004051907919347286,0.8026841282844543,0.34277063608169556,-0.011999635025858879,0.8015115857124329,0.2889668047428131,-0.018631331622600555,0.8315235376358032,0.5289769172668457,-0.006696569733321667,0.8371838331222534,0.4355556070804596,-0.01890907809138298,0.8375502228736877,0.3746069073677063,-0.0358932800590992,0.8365414142608643,0.31383225321769714,-0.04822647199034691,0.858433723449707,0.5644516348838806,-0.013128615915775299,0.8648219108581543,0.5078029632568359,-0.029160000383853912,0.8610426187515259,0.5357591509819031,-0.033592287451028824,0.8582049012184143,0.5682232975959778,-0.036411821842193604,Water
0.8975642919540405,0.6793342232704163,2.605507631869841e-07,0.8713216185569763,0.6204180121421814,-0.021568233147263527,0.8721156716346741,0.5161952376365662,-0.020499208942055702,0.9149404168128967,0.4581791162490845,-0.016742046922445297,0.9537851810455322,0.43892917037010193,-0.013156615197658539,0.8660981059074402,0.4206719398498535,0.0013494404265657067,0.8645481467247009,0.32058724761009216,-0.001199981546960771,0.8668622374534607,0.2604480981826782,-0.006836394313722849,0.867048978805542,0.20977602899074554,-0.012866041623055935,0.8976073265075684,0.41955986618995667,0.001207971596159041,0.9035562872886658,0.31468164920806885,0.0020490488968789577,0.9089674353599548,0.25294458866119385,-0.004805619828402996,0.9120127558708191,0.20149372518062592,-0.011270066723227501,0.9254168272018433,0.44128403067588806,-0.0034064885694533587,0.9392006397247314,0.350201278924942,-0.014470202848315239,0.9426988363265991,0.28905507922172546,-0.032087989151477814,0.9457411170005798,0.2314063459634781,-0.045170657336711884,0.9492022395133972,0.48129770159721375,-0.009978746064007282,0.9525575637817383,0.42207977175712585,-0.02667275257408619,0.9425729513168335,0.4465975761413574,-0.03281566500663757,0.9348446726799011,0.4771946966648102,-0.03706532344222069,Water
0.8666149973869324,1.0897986888885498,3.142884565932036e-07,0.8357687592506409,1.053681492805481,-0.026227472350001335,0.8264876008033752,0.9926996827125549,-0.03835208714008331,0.8569133281707764,0.9560328125953674,-0.04744758456945419,0.8824392557144165,0.938124418258667,-0.05689043551683426,0.8348422646522522,0.8736725449562073,-0.025360597297549248,0.8341423869132996,0.7767053246498108,-0.03963547572493553,0.8373859524726868,0.7162962555885315,-0.052052345126867294,0.8403911590576172,0.6624259948730469,-0.06235278397798538,0.8675180673599243,0.8683592677116394,-0.025475816801190376,0.8729298710823059,0.767634391784668,-0.03584246337413788,0.8803200721740723,0.7042320966720581,-0.04830016568303108,0.8851858973503113,0.6479977369308472,-0.058847878128290176,0.8949401378631592,0.8881809115409851,-0.028473706915974617,0.9049883484840393,0.803726077079773,-0.043062079697847366,0.9128016233444214,0.7459527850151062,-0.05816134810447693,0.9165983200073242,0.6926706433296204,-0.0701972022652626,0.9205684661865234,0.926143229007721,-0.03356566280126572,0.9287059903144836,0.8799955248832703,-0.04980449378490448,0.9247373938560486,0.8875370621681213,-0.05517015606164932,0.918357789516449,0.9005306363105774,-0.05920495465397835,Water
0.7040101885795593,0.8118034601211548,1.3933006925981317e-07,0.6632411479949951,0.7605366110801697,-0.016331732273101807,0.6468863487243652,0.6596875190734863,-0.017043570056557655,0.678577184677124,0.582152783870697,-0.01708139106631279,0.7150774598121643,0.5448281168937683,-0.017881978303194046,0.6518387198448181,0.5496035814285278,-7.354723493335769e-05,0.6319860816001892,0.4426804184913635,-0.004206499550491571,0.6218658089637756,0.378869891166687,-0.010507319122552872,0.6131668090820312,0.3222573399543762,-0.01765797659754753,0.6838592886924744,0.5364670157432556,-0.004461909178644419,0.669011116027832,0.4203246235847473,-0.008383626118302345,0.6603936553001404,0.35200732946395874,-0.018125517293810844,0.6531869769096375,0.2951791286468506,-0.026640143245458603,0.7135143876075745,0.5484281182289124,-0.012196650728583336,0.7120600342750549,0.44128838181495667,-0.026932409033179283,0.7027891278266907,0.3727170526981354,-0.0450679250061512,0.6943879723548889,0.3130679130554199,-0.05837029218673706,0.7432947754859924,0.5801233053207397,-0.021150903776288033,0.7404890656471252,0.4994615912437439,-0.03874487429857254,0.7278971672058105,0.5222716331481934,-0.04388972371816635,0.7171025276184082,0.5617338418960571,-0.04760544374585152,Water
0.6874170303344727,0.6305738687515259,1.8400768908577447e-07,0.6461935639381409,0.5786269307136536,-0.016216302290558815,0.6283276677131653,0.4696875214576721,-0.014168924652040005,0.6588332056999207,0.3891124725341797,-0.011096511967480183,0.6935260891914368,0.3507954776287079,-0.008124371990561485,0.6338261961936951,0.36546942591667175,0.0027305951807647943,0.6245887279510498,0.25484028458595276,0.0006113852723501623,0.622211754322052,0.19081997871398926,-0.0036871242336928844,0.6201047301292419,0.13420818746089935,-0.00896683894097805,0.6658794283866882,0.35695239901542664,7.957673915370833e-06,0.6550832986831665,0.23941537737846375,-0.0016169312875717878,0.6495733261108398,0.1710406243801117,-0.007843023166060448,0.6458433866500854,0.11366457492113113,-0.013552175834774971,0.6963245868682861,0.3680827021598816,-0.0065576364286243916,0.6958112716674805,0.2608674168586731,-0.018862197175621986,0.687369167804718,0.193317249417305,-0.034745439887046814,0.6801494359970093,0.1346823275089264,-0.046195197850465775,0.7279458045959473,0.3953261077404022,-0.014721496030688286,0.7274070978164673,0.3130717873573303,-0.029715733602643013,0.7143515944480896,0.33309704065322876,-0.03438808396458626,0.703260064125061,0.3704475462436676,-0.03781254217028618,Water
0.804855227470398,0.5831008553504944,2.947238044725964e-07,0.7712693214416504,0.5263440608978271,-0.015680009499192238,0.7622236609458923,0.4020521342754364,-0.012327819131314754,0.802505612373352,0.32799917459487915,-0.008196907117962837,0.8437565565109253,0.3011035919189453,-0.004565967712551355,0.7563220262527466,0.3125390112400055,0.007262289524078369,0.7585858106613159,0.20758923888206482,0.005826117470860481,0.7638168334960938,0.14488829672336578,0.0012181508354842663,0.766589879989624,0.09221316874027252,-0.004063991364091635,0.7854715585708618,0.3077598214149475,0.005780034698545933,0.7847104668617249,0.19608992338180542,0.006522829178720713,0.7858918309211731,0.12980736792087555,0.0009889908833429217,0.7865113615989685,0.07476530969142914,-0.003882636548951268,0.8145536184310913,0.3235364556312561,0.00031639865483157337,0.8167850375175476,0.22605346143245697,-0.008544198237359524,0.8123367428779602,0.16066479682922363,-0.023114409297704697,0.8099932074546814,0.10251260548830032,-0.034083329141139984,0.8427712917327881,0.35398614406585693,-0.007024044170975685,0.8406476378440857,0.29519182443618774,-0.022270817309617996,0.8326987028121948,0.31573447585105896,-0.028275467455387115,0.8306240439414978,0.3417559564113617,-0.03207525610923767,Water
0.9008811712265015,0.721189558506012,3.3832878898465424e-07,0.8774715065956116,0.6562066674232483,-0.024312788620591164,0.8777062296867371,0.5453171730041504,-0.023342296481132507,0.920501708984375,0.48213624954223633,-0.018916958943009377,0.9598021507263184,0.4641777575016022,-0.013720426708459854,0.8614022135734558,0.4483622610569,0.0008739106124266982,0.8714282512664795,0.3421296775341034,-0.0021650390699505806,0.8812819719314575,0.27919909358024597,-0.008314291015267372,0.8872653245925903,0.22720061242580414,-0.014132431708276272,0.8899073004722595,0.44370388984680176,0.004495728295296431,0.8992114663124084,0.3339903652667999,0.006415492855012417,0.9057576060295105,0.2686713635921478,0.0010110739385709167,0.9095474481582642,0.2115572839975357,-0.003966386895626783,0.9168848395347595,0.4604615867137909,0.003352291649207473,0.9286744594573975,0.3659813106060028,-0.0034165128599852324,0.9302977919578552,0.3014001250267029,-0.01894858293235302,0.9286537170410156,0.2408812791109085,-0.0309296865016222,0.9427512288093567,0.4953865110874176,-0.0005691245314665139,0.9540013074874878,0.44155141711235046,-0.01431433018296957,0.948768138885498,0.4532620310783386,-0.02159697376191616,0.9422016143798828,0.4716757535934448,-0.026313571259379387,Water
0.8334670662879944,0.9329130053520203,2.6707326128416753e-07,0.8032833337783813,0.8805800080299377,-0.018937675282359123,0.7922431230545044,0.7754272818565369,-0.019532280042767525,0.8259735703468323,0.7012150883674622,-0.01840280182659626,0.8615018129348755,0.6696279048919678,-0.017138341441750526,0.7833376526832581,0.6655951142311096,0.0016232578782364726,0.7859411835670471,0.5569635629653931,-0.0010315729305148125,0.7913926839828491,0.49533846974372864,-0.006490138825029135,0.7939138412475586,0.4421658515930176,-0.012772849760949612,0.812915027141571,0.660171389579773,0.0004759544099215418,0.8132337927818298,0.5453779697418213,-0.0009914175607264042,0.8163247108459473,0.48046207427978516,-0.008220135234296322,0.8167531490325928,0.42513057589530945,-0.014808233827352524,0.8410267233848572,0.6747948527336121,-0.004454853944480419,0.8441503047943115,0.5726789832115173,-0.015166540630161762,0.842980682849884,0.5106323957443237,-0.029763340950012207,0.840748131275177,0.45547914505004883,-0.04091329872608185,0.8695319294929504,0.7059662342071533,-0.011303874664008617,0.8706279397010803,0.6359487175941467,-0.02595951035618782,0.865231990814209,0.6582832336425781,-0.030185312032699585,0.8623933792114258,0.6907349824905396,-0.03310224786400795,Water
0.7278900146484375,0.993521511554718,2.1409263695204572e-07,0.6916914582252502,0.9458960890769958,-0.0171953234821558,0.6705007553100586,0.8440427184104919,-0.019088728353381157,0.7018706202507019,0.772817850112915,-0.020201580598950386,0.7406837344169617,0.7414644956588745,-0.02232443355023861,0.6719158887863159,0.7231504917144775,-0.00039402415859512985,0.6659840941429138,0.6160619258880615,-0.004293672274798155,0.6667224168777466,0.5534379482269287,-0.011375688947737217,0.6659289598464966,0.4955568015575409,-0.019574394449591637,0.7025699019432068,0.7188007235527039,-0.0048552327789366245,0.6942545175552368,0.6048490405082703,-0.00803619995713234,0.6916189789772034,0.5371493101119995,-0.018735535442829132,0.6887744069099426,0.474121630191803,-0.02859026938676834,0.7327126860618591,0.7365856170654297,-0.012685282155871391,0.7297402620315552,0.6331818699836731,-0.027137193828821182,0.7229637503623962,0.5666089057922363,-0.046436671167612076,0.7179579138755798,0.5055242776870728,-0.06116722151637077,0.7627325057983398,0.771548867225647,-0.021941052749753,0.75766921043396,0.6978168487548828,-0.04233459010720253,0.7482242584228516,0.7290018200874329,-0.050042927265167236,0.7445377707481384,0.7698361873626709,-0.05558433756232262,Water
0.17807619273662567,0.8045773506164551,3.728646049694362e-07,0.21677516400814056,0.7488468289375305,-0.02630688063800335,0.2326943725347519,0.6617260575294495,-0.0351271890103817,0.1919177919626236,0.5950663685798645,-0.04158696159720421,0.15665365755558014,0.5640079975128174,-0.04721949249505997,0.24433733522891998,0.537746250629425,-0.011157737113535404,0.2576712965965271,0.4223969876766205,-0.023038681596517563,0.26140955090522766,0.3527528643608093,-0.03536335006356239,0.2609350383281708,0.2926124632358551,-0.045143499970436096,0.21035654842853546,0.5257737040519714,-0.01093253307044506,0.22215652465820312,0.40897491574287415,-0.020134732127189636,0.22568798065185547,0.33783987164497375,-0.03398583084344864,0.2277398556470871,0.2753889858722687,-0.044640909880399704,0.18000833690166473,0.5387862920761108,-0.014574151486158371,0.18667297065258026,0.4323948323726654,-0.026548882946372032,0.1929866373538971,0.3649994432926178,-0.04076336696743965,0.1976533830165863,0.3067261874675751,-0.050764039158821106,0.15122628211975098,0.5690324902534485,-0.020863443613052368,0.15291662514209747,0.4859658479690552,-0.03262705355882645,0.15672363340854645,0.4560060203075409,-0.0370335690677166,0.16000469028949738,0.43600863218307495,-0.039618536829948425,Water
0.20832879841327667,0.8781394958496094,4.4010621991219523e-07,0.2475772649049759,0.8391085863113403,-0.02709668129682541,0.2652500867843628,0.7583481073379517,-0.03552384674549103,0.22463631629943848,0.693148136138916,-0.04003683850169182,0.188194140791893,0.6476355195045471,-0.044615138322114944,0.2795580327510834,0.62310791015625,-0.015019153244793415,0.29613542556762695,0.5076640248298645,-0.026308497413992882,0.30410027503967285,0.4380130469799042,-0.03628240153193474,0.30643001198768616,0.3741445243358612,-0.04408437758684158,0.24557611346244812,0.609279990196228,-0.01588202454149723,0.2635059654712677,0.48322147130966187,-0.025537589564919472,0.2706708312034607,0.40850400924682617,-0.03716910630464554,0.2750496566295624,0.34092429280281067,-0.04413141310214996,0.21244920790195465,0.6217195391654968,-0.020177192986011505,0.22003746032714844,0.5168718099594116,-0.04132749140262604,0.22801372408866882,0.44691649079322815,-0.06002434343099594,0.2335246205329895,0.37550753355026245,-0.07137680053710938,0.18257810175418854,0.6578786373138428,-0.026059888303279877,0.1895647495985031,0.6106992363929749,-0.05228131636977196,0.1968633234500885,0.6594882607460022,-0.05688270926475525,0.2005443572998047,0.7063343524932861,-0.05640442669391632,Water
0.2344435304403305,1.014388084411621,4.334899301738915e-07,0.27164074778556824,0.9709179401397705,-0.026784079149365425,0.28685545921325684,0.8891869783401489,-0.03322410210967064,0.2438027411699295,0.8395015001296997,-0.03579254448413849,0.20579923689365387,0.814501941204071,-0.03848583996295929,0.29009270668029785,0.7630506753921509,-0.011455005034804344,0.3018236756324768,0.6553230881690979,-0.02067854069173336,0.3065398335456848,0.5878465175628662,-0.029344577342271805,0.30725857615470886,0.5289633870124817,-0.03623495250940323,0.256084144115448,0.7541546821594238,-0.01071183942258358,0.2653861343860626,0.6403729915618896,-0.0165957510471344,0.26831620931625366,0.5683735609054565,-0.02668251097202301,0.2709116041660309,0.5087112188339233,-0.0335567332804203,0.22488921880722046,0.7694889307022095,-0.013791529461741447,0.22721916437149048,0.6715531349182129,-0.03092961758375168,0.23013536632061005,0.6031494140625,-0.050438977777957916,0.2315870225429535,0.5403669476509094,-0.06322715431451797,0.1985291987657547,0.8056843280792236,-0.01868601329624653,0.2012287825345993,0.7733476161956787,-0.04277069494128227,0.20999041199684143,0.8140420913696289,-0.050598230212926865,0.21534596383571625,0.8564925789833069,-0.05305377021431923,Water
0.17774081230163574,1.00102961063385,5.161717240298458e-07,0.20711460709571838,0.9575958251953125,-0.03238942101597786,0.2098882645368576,0.8796578645706177,-0.043212104588747025,0.16264915466308594,0.8312596082687378,-0.04886351898312569,0.1257341504096985,0.8029267191886902,-0.054629549384117126,0.21907001733779907,0.7601669430732727,-0.020640023052692413,0.22829599678516388,0.6536211967468262,-0.032559897750616074,0.23104876279830933,0.5867787003517151,-0.043518297374248505,0.23128613829612732,0.527387797832489,-0.052269842475652695,0.18834780156612396,0.7543743252754211,-0.01712135411798954,0.19602257013320923,0.6446468830108643,-0.02633626200258732,0.19922944903373718,0.5733180642127991,-0.03889710083603859,0.2026984542608261,0.5116947293281555,-0.04749258980154991,0.16026809811592102,0.7718864679336548,-0.01742834970355034,0.1590772122144699,0.6746264696121216,-0.03776274621486664,0.1611286997795105,0.6098406910896301,-0.05908005312085152,0.16357749700546265,0.5492069125175476,-0.07279370725154877,0.13819508254528046,0.8053733110427856,-0.019586879760026932,0.13425111770629883,0.7755141854286194,-0.047411996871232986,0.13975471258163452,0.8128710389137268,-0.05797913298010826,0.14442940056324005,0.8490117788314819,-0.06213422864675522,Water
0.11152412742376328,0.7982633113861084,3.23961415915619e-07,0.1344435065984726,0.7369958758354187,-0.029756326228380203,0.13369953632354736,0.6424717307090759,-0.03289260342717171,0.09656065702438354,0.5854183435440063,-0.03191426396369934,0.0641607791185379,0.5582550764083862,-0.02983088232576847,0.15717120468616486,0.5377755165100098,-0.001112637692131102,0.15709367394447327,0.43810662627220154,-0.0073583670891821384,0.1547996699810028,0.37719792127609253,-0.01628197357058525,0.15056706964969635,0.3253651559352875,-0.024217847734689713,0.12948715686798096,0.5342159271240234,0.003641278948634863,0.1298099160194397,0.43396806716918945,-0.0007841482292860746,0.12753523886203766,0.3691689968109131,-0.01235620304942131,0.12786707282066345,0.31234467029571533,-0.02086709439754486,0.10278700292110443,0.5537757277488708,0.0033915946260094643,0.10259554535150528,0.4606303572654724,-0.011073755100369453,0.10351282358169556,0.4021598696708679,-0.030377700924873352,0.10603028535842896,0.3466241657733917,-0.04288938641548157,0.07940062135457993,0.589423656463623,0.0006907038623467088,0.07088623940944672,0.5489139556884766,-0.020550113171339035,0.07402632385492325,0.5691964626312256,-0.03032522276043892,0.07819613814353943,0.5944468975067139,-0.0347236804664135,Water
0.1260272115468979,0.6424351930618286,3.0648953952550073e-07,0.15610097348690033,0.5949184894561768,-0.02789098024368286,0.16800427436828613,0.5042123794555664,-0.033012595027685165,0.13048982620239258,0.43548962473869324,-0.03411435708403587,0.09856298565864563,0.4036467373371124,-0.034920915961265564,0.19315703213214874,0.40124955773353577,-0.006684886757284403,0.20025447010993958,0.2996584177017212,-0.014042637310922146,0.20249438285827637,0.2366645485162735,-0.022741854190826416,0.20210875570774078,0.18048043549060822,-0.030698036774992943,0.16534759104251862,0.39217376708984375,-0.004404640756547451,0.17285138368606567,0.28632083535194397,-0.010660158470273018,0.17368045449256897,0.21920543909072876,-0.021725671365857124,0.1762833297252655,0.15875564515590668,-0.02947135455906391,0.13779450953006744,0.4050885736942291,-0.006197663955390453,0.1463308334350586,0.30639415979385376,-0.023781394585967064,0.15191566944122314,0.24769864976406097,-0.041997030377388,0.15800067782402039,0.18945714831352234,-0.05370199680328369,0.11069366335868835,0.43518269062042236,-0.009892977774143219,0.10853948444128036,0.39597076177597046,-0.03524621203541756,0.11030996590852737,0.4338979721069336,-0.04361151158809662,0.11191251128911972,0.47018003463745117,-0.04639466851949692,Water
0.27884888648986816,0.7673352956771851,2.801105267735693e-07,0.3210490047931671,0.719454288482666,-0.019224585965275764,0.34371817111968994,0.6478291153907776,-0.025185534730553627,0.32327091693878174,0.5722682476043701,-0.029701896011829376,0.2977011799812317,0.5349516272544861,-0.03358260914683342,0.35941940546035767,0.5360514521598816,-0.005285580176860094,0.3775109052658081,0.4360750913619995,-0.01428184937685728,0.3840884566307068,0.3737331032752991,-0.024576541036367416,0.3862122893333435,0.3173387050628662,-0.03308004513382912,0.3323127031326294,0.5144509077072144,-0.006924312096089125,0.35221946239471436,0.41216498613357544,-0.013514573685824871,0.36100298166275024,0.34720340371131897,-0.023766063153743744,0.36745962500572205,0.28914186358451843,-0.031611550599336624,0.3041013479232788,0.5188172459602356,-0.011660914868116379,0.31993138790130615,0.42687809467315674,-0.020342383533716202,0.33331912755966187,0.3636830449104309,-0.030299903824925423,0.34405040740966797,0.30803778767585754,-0.03768165409564972,0.273449569940567,0.543624758720398,-0.018603870645165443,0.28201454877853394,0.4748420715332031,-0.026095209643244743,0.2892719507217407,0.45382341742515564,-0.0263516865670681,0.2938796579837799,0.4436970055103302,-0.02632276527583599,Water
0.3052566349506378,0.8921775817871094,2.8533096951832704e-07,0.3451690375804901,0.839986264705658,-0.016424687579274178,0.3648037314414978,0.7581762075424194,-0.018949920311570168,0.33572280406951904,0.6985892057418823,-0.020161503925919533,0.3057248294353485,0.674778401851654,-0.021124284714460373,0.36522820591926575,0.6404853463172913,-0.00026696876739151776,0.3735193908214569,0.5411072373390198,-0.0058783008717000484,0.37461405992507935,0.4812324047088623,-0.01339981984347105,0.37146714329719543,0.4284825921058655,-0.019878538325428963,0.337031751871109,0.628817081451416,-0.0027194134891033173,0.34987112879753113,0.5234012603759766,-0.005592299159616232,0.35339102149009705,0.45945581793785095,-0.013599967584013939,0.3534516990184784,0.40245959162712097,-0.01995151676237583,0.30903539061546326,0.6419530510902405,-0.008229557424783707,0.31758013367652893,0.5486548542976379,-0.01727830059826374,0.32532963156700134,0.48786115646362305,-0.028781775385141373,0.32799047231674194,0.432425320148468,-0.03701110929250717,0.2808562219142914,0.673647940158844,-0.015410104766488075,0.29053664207458496,0.6139448881149292,-0.02609138749539852,0.2988584339618683,0.6215872168540955,-0.026931051164865494,0.3014993965625763,0.6367586255073547,-0.026641175150871277,Water
0.42223235964775085,1.0219324827194214,3.619722974690376e-07,0.45799723267555237,0.9706170558929443,-0.01914874278008938,0.4752902090549469,0.8855071663856506,-0.022289253771305084,0.43915966153144836,0.8433352112770081,-0.022231601178646088,0.40398842096328735,0.8340463042259216,-0.02317943423986435,0.45275434851646423,0.7750082612037659,-0.009682862088084221,0.4551801085472107,0.6781132817268372,-0.015783529728651047,0.4531961679458618,0.6179929375648499,-0.02159152366220951,0.446584552526474,0.5651686191558838,-0.026762284338474274,0.4246939718723297,0.7726083397865295,-0.01193862222135067,0.42935389280319214,0.666736364364624,-0.01539230439811945,0.4283292889595032,0.6036026477813721,-0.023346563801169395,0.4244581162929535,0.5475621819496155,-0.02914929948747158,0.3988919258117676,0.7938076853752136,-0.01667376421391964,0.4004271328449249,0.7008947134017944,-0.031405143439769745,0.4021124541759491,0.6352404356002808,-0.04870348423719406,0.39924854040145874,0.5716660022735596,-0.060836341232061386,0.3755253255367279,0.8356716632843018,-0.022272523492574692,0.3871944546699524,0.793892502784729,-0.04212261363863945,0.4016881585121155,0.8294925093650818,-0.04668281227350235,0.4086567759513855,0.867039680480957,-0.048088524490594864,Water
0.4669017195701599,1.036302924156189,3.800322190272709e-07,0.5033026933670044,0.9867252111434937,-0.01638413965702057,0.5219738483428955,0.908317506313324,-0.02013969048857689,0.49192285537719727,0.8694714307785034,-0.021884532645344734,0.4601018726825714,0.8543965220451355,-0.025039205327630043,0.5030819773674011,0.7910444736480713,-0.008303642272949219,0.5078228116035461,0.6953769326210022,-0.014772581867873669,0.5096181035041809,0.6352630257606506,-0.02080538123846054,0.5061595439910889,0.5814609527587891,-0.025826383382081985,0.47581836581230164,0.7874123454093933,-0.01216257456690073,0.4831998348236084,0.6801549196243286,-0.016262060031294823,0.486031174659729,0.6149675250053406,-0.02425532415509224,0.48517513275146484,0.5558915138244629,-0.029616588726639748,0.4494542181491852,0.8047785758972168,-0.018246060237288475,0.455143541097641,0.713977038860321,-0.03262175992131233,0.459106981754303,0.6436740756034851,-0.05004309490323067,0.45852354168891907,0.57656329870224,-0.06243693456053734,0.42387866973876953,0.8421202301979065,-0.02512018382549286,0.44198712706565857,0.8116711974143982,-0.04520304873585701,0.4579572379589081,0.8534754514694214,-0.05025918409228325,0.4672236144542694,0.8957181572914124,-0.05186185985803604,Water
0.4674450755119324,1.0504869222640991,4.2042887571369647e-07,0.5055356621742249,1.0008147954940796,-0.02013029344379902,0.5267471075057983,0.9184018969535828,-0.02562081627547741,0.49658727645874023,0.8755425810813904,-0.029054315760731697,0.4624602794647217,0.8560658097267151,-0.03342830389738083,0.5085053443908691,0.7925729751586914,-0.012580303475260735,0.5159343481063843,0.6906187534332275,-0.021622810512781143,0.5167781114578247,0.626152753829956,-0.029603036120533943,0.5121715664863586,0.5704398155212402,-0.03560115769505501,0.4797143340110779,0.7889543771743774,-0.014910985715687275,0.4863298833370209,0.6763043999671936,-0.01951625756919384,0.48764339089393616,0.6077205538749695,-0.02807098627090454,0.4854116141796112,0.5483327507972717,-0.03436390683054924,0.45259755849838257,0.8056928515434265,-0.01975207030773163,0.4595363140106201,0.7223069071769714,-0.030795786529779434,0.4689177870750427,0.6588043570518494,-0.04507281258702278,0.47251787781715393,0.6010770797729492,-0.05589092895388603,0.4260599911212921,0.8430141806602478,-0.026369335129857063,0.4438219368457794,0.820899486541748,-0.0417449027299881,0.4614968001842499,0.8499579429626465,-0.045389607548713684,0.4715234339237213,0.8825832009315491,-0.04661618545651436,Water
0.38337892293930054,0.9907343983650208,3.552416671936953e-07,0.4207340180873871,0.9418920874595642,-0.020603759214282036,0.4409739077091217,0.854162871837616,-0.0236891508102417,0.40571802854537964,0.7954537272453308,-0.02355795167386532,0.36984777450561523,0.783473014831543,-0.02398478239774704,0.4266814887523651,0.7174027562141418,-0.009292113594710827,0.4325738251209259,0.6100698709487915,-0.01549601275473833,0.4323276877403259,0.5450913906097412,-0.022131986916065216,0.42684102058410645,0.487631618976593,-0.027868522331118584,0.39630818367004395,0.7123769521713257,-0.010926049202680588,0.4055399000644684,0.5979136228561401,-0.015150058083236217,0.4069708585739136,0.529358983039856,-0.0232829749584198,0.40476635098457336,0.46725529432296753,-0.02907663956284523,0.3676508963108063,0.7338959574699402,-0.015181261114776134,0.37344783544540405,0.6326645016670227,-0.029187384992837906,0.3784945607185364,0.5633305311203003,-0.04459971562027931,0.3781522810459137,0.49743953347206116,-0.054837800562381744,0.3404354751110077,0.7799443006515503,-0.020698701962828636,0.3479643166065216,0.7206500768661499,-0.036332614719867706,0.3620762825012207,0.7489587664604187,-0.03715158626437187,0.37022528052330017,0.7874908447265625,-0.03609071671962738,Water
0.5254689455032349,0.9557390213012695,3.56676451929161e-07,0.5665254592895508,0.9078512787818909,-0.01585964858531952,0.5935925841331482,0.8245421648025513,-0.020133690908551216,0.5731605887413025,0.7649679183959961,-0.02243674360215664,0.5456030964851379,0.7409501075744629,-0.02528778463602066,0.5723443031311035,0.6873757243156433,-0.008015437982976437,0.5812421441078186,0.5863739252090454,-0.014047332108020782,0.5859252214431763,0.5269705653190613,-0.019975626841187477,0.5850331783294678,0.4715544283390045,-0.024990813806653023,0.5458793640136719,0.6825128197669983,-0.012420096434652805,0.5583552718162537,0.5662322640419006,-0.01719292253255844,0.5651187300682068,0.5010668635368347,-0.0243828184902668,0.5668988227844238,0.43858855962753296,-0.029450010508298874,0.5195784568786621,0.7025366425514221,-0.018840674310922623,0.5236150622367859,0.6057999730110168,-0.03266626223921776,0.5324265956878662,0.543773353099823,-0.04514411836862564,0.5362568497657776,0.48303812742233276,-0.053586624562740326,0.492693692445755,0.7462565898895264,-0.02614867128431797,0.509132981300354,0.6873106956481934,-0.04071033000946045,0.5248610973358154,0.724897563457489,-0.039218246936798096,0.5329104661941528,0.7676451802253723,-0.03686681017279625,Water
0.4426129460334778,0.9329842925071716,3.3588148085073044e-07,0.48165246844291687,0.8838352560997009,-0.01835513487458229,0.5057716369628906,0.7884044647216797,-0.020111676305532455,0.4739087224006653,0.7287687063217163,-0.01893419399857521,0.4416380226612091,0.7098270058631897,-0.018338868394494057,0.4879906475543976,0.658896803855896,-0.0053217592649161816,0.49137893319129944,0.5545865893363953,-0.009134352207183838,0.49166998267173767,0.4886924624443054,-0.013221227563917637,0.4883427321910858,0.43048369884490967,-0.01717197336256504,0.458767294883728,0.6546868681907654,-0.007832735776901245,0.4650147259235382,0.5362408757209778,-0.011476906016469002,0.4678671956062317,0.4662165343761444,-0.017499392852187157,0.46899935603141785,0.40352103114128113,-0.021195324137806892,0.43118298053741455,0.6725561618804932,-0.01302317064255476,0.43663933873176575,0.5659834742546082,-0.028823597356677055,0.44237107038497925,0.49364686012268066,-0.04464856535196304,0.44478389620780945,0.42549681663513184,-0.0548224076628685,0.4047183692455292,0.7126821279525757,-0.019092699512839317,0.4193245768547058,0.6580151915550232,-0.03758535534143448,0.43146198987960815,0.7040264010429382,-0.039387308061122894,0.4375825524330139,0.753928542137146,-0.038757238537073135,Water
0.3166123330593109,0.9043933153152466,2.513876324883313e-07,0.3599741756916046,0.8639222979545593,-0.013528200797736645,0.39272069931030273,0.7879413366317749,-0.01143407542258501,0.3718985915184021,0.7125657200813293,-0.006780326832085848,0.3441270887851715,0.6860895752906799,-0.002168085193261504,0.3974399268627167,0.6729543209075928,0.003370886668562889,0.41393816471099854,0.5744608044624329,0.002349036978557706,0.4208207428455353,0.5155823826789856,-0.00011666429054457694,0.4236063063144684,0.4597664773464203,-0.002752619795501232,0.37185385823249817,0.6568936705589294,0.0005027189617976546,0.39445891976356506,0.5504162907600403,-0.0008947756141424179,0.4038284122943878,0.487394779920578,-0.004863835405558348,0.4106491506099701,0.4268258213996887,-0.0065313889645040035,0.34353888034820557,0.6594560146331787,-0.004927204456180334,0.3641357421875,0.5659520626068115,-0.017317650839686394,0.3787541091442108,0.5053412914276123,-0.029680602252483368,0.3898407220840454,0.4405353367328644,-0.03666551038622856,0.31218889355659485,0.6851915717124939,-0.011077135801315308,0.33009281754493713,0.6353961825370789,-0.023567326366901398,0.33388450741767883,0.6810848712921143,-0.020889775827527046,0.3314162492752075,0.7285705208778381,-0.01696130260825157,Water
0.24676115810871124,0.8259915709495544,2.8598000767487974e-07,0.28507983684539795,0.7852893471717834,-0.023012857884168625,0.30287545919418335,0.7025701403617859,-0.025774503126740456,0.27358099818229675,0.6356719136238098,-0.02542365901172161,0.24515432119369507,0.6028964519500732,-0.025064481422305107,0.31456759572029114,0.5904849767684937,-0.0023999293334782124,0.32170823216438293,0.4921445846557617,-0.008191375061869621,0.32218652963638306,0.43156203627586365,-0.015658004209399223,0.3192919194698334,0.37790948152542114,-0.022300058975815773,0.2875823378562927,0.5772401094436646,-0.001505817985162139,0.2975252866744995,0.4735545814037323,-0.006123705301433802,0.29940444231033325,0.40814849734306335,-0.015311023220419884,0.30072885751724243,0.3490336537361145,-0.021453674882650375,0.25934067368507385,0.5865053534507751,-0.004278645850718021,0.2696995139122009,0.49306344985961914,-0.019058600068092346,0.2759513854980469,0.4327438473701477,-0.035011958330869675,0.28078383207321167,0.3734980523586273,-0.04520684480667114,0.23110631108283997,0.6161458492279053,-0.00874258205294609,0.23481214046478271,0.5784015655517578,-0.02913591079413891,0.2383125275373459,0.6153447031974792,-0.03452148288488388,0.24009615182876587,0.6528016328811646,-0.03563545271754265,Water
0.16561515629291534,0.7744036316871643,3.4426739148329943e-07,0.1968676745891571,0.7210531234741211,-0.025185247883200645,0.20529548823833466,0.6341544985771179,-0.02894396148622036,0.1684834361076355,0.5766590237617493,-0.029157467186450958,0.13662147521972656,0.5518248081207275,-0.028487443923950195,0.22099488973617554,0.5343890190124512,-0.004425724036991596,0.22342783212661743,0.4342268705368042,-0.010890757665038109,0.22174137830734253,0.3748616576194763,-0.01867019012570381,0.2176705151796341,0.32241857051849365,-0.025193631649017334,0.19291207194328308,0.5288969278335571,-0.0017103259451687336,0.1978062391281128,0.4239237904548645,-0.005317664705216885,0.1978006660938263,0.35920006036758423,-0.013868129812180996,0.19768834114074707,0.30232828855514526,-0.019967779517173767,0.16626067459583282,0.5439774394035339,-0.0031048834789544344,0.1665801852941513,0.4544315040111542,-0.015907136723399162,0.16869400441646576,0.39929908514022827,-0.03217599168419838,0.17006586492061615,0.3479715883731842,-0.04254847392439842,0.14276222884655,0.5753473043441772,-0.006580180022865534,0.13872142136096954,0.5377233028411865,-0.024793144315481186,0.1420683115720749,0.5621825456619263,-0.03166498243808746,0.1435869038105011,0.5896045565605164,-0.03415271267294884,Water
0.222335547208786,0.7767531871795654,3.145047742236784e-07,0.2635425627231598,0.7221249341964722,-0.021770764142274857,0.2805578410625458,0.6380857229232788,-0.024991042912006378,0.24713362753391266,0.5736094117164612,-0.026083871722221375,0.21374598145484924,0.5520589351654053,-0.026950599625706673,0.29220977425575256,0.5358014702796936,0.0006908882060088217,0.29542723298072815,0.4315396547317505,-0.004988272208720446,0.2938469648361206,0.3667958378791809,-0.01385614275932312,0.2901359796524048,0.3103979527950287,-0.021992022171616554,0.2616308033466339,0.525000810623169,0.001016237074509263,0.266177237033844,0.41659367084503174,-0.0028097275644540787,0.26515403389930725,0.34668704867362976,-0.014562233351171017,0.26468804478645325,0.28403449058532715,-0.02373187430202961,0.23247817158699036,0.5383554697036743,-0.002242491813376546,0.23606841266155243,0.4396534562110901,-0.013915764167904854,0.24014663696289062,0.3767436742782593,-0.031158141791820526,0.2427152395248413,0.3199390470981598,-0.0431075394153595,0.20454485714435577,0.568405032157898,-0.0073348768055438995,0.20378896594047546,0.5152300000190735,-0.022989695891737938,0.2089204043149948,0.5264809727668762,-0.029200226068496704,0.2125665247440338,0.544386088848114,-0.03220474720001221,Water
0.6632570028305054,0.7875832915306091,1.3628167039314576e-07,0.6446361541748047,0.7599708437919617,-0.007914772257208824,0.6370096206665039,0.7103123664855957,-0.008302226662635803,0.6501227617263794,0.6739362478256226,-0.008575575426220894,0.6660404801368713,0.65385502576828,-0.008703862316906452,0.6369559168815613,0.6458316445350647,0.0011368123814463615,0.634820818901062,0.5876840353012085,-0.001354805426672101,0.6356912851333618,0.5540786981582642,-0.004679968114942312,0.6362274289131165,0.5241408348083496,-0.00801905058324337,0.6513640284538269,0.6423068642616272,-0.0013338036369532347,0.6491304636001587,0.5817469954490662,-0.003660244634374976,0.6486127376556396,0.5466049313545227,-0.007898743264377117,0.6481004953384399,0.5150923728942871,-0.011291611939668655,0.6654069423675537,0.6500933170318604,-0.00569908507168293,0.6660759449005127,0.5952826142311096,-0.012481055222451687,0.662987470626831,0.5618165731430054,-0.020225485786795616,0.6600716710090637,0.5313794016838074,-0.025677520781755447,0.6808066368103027,0.668369472026825,-0.010922860354185104,0.6823126673698425,0.6274350881576538,-0.018035229295492172,0.6754142045974731,0.6392803192138672,-0.01947724260389805,0.6690874695777893,0.6600566506385803,-0.020479153841733932,Water
0.6500359773635864,0.7331959009170532,1.4803661940732127e-07,0.6350208520889282,0.7097557783126831,-0.009821133688092232,0.629011332988739,0.6658419370651245,-0.011429172940552235,0.6404110789299011,0.630720317363739,-0.01211736723780632,0.654292106628418,0.611426055431366,-0.012365002185106277,0.6256388425827026,0.6074966788291931,-0.0015043974854052067,0.6256898045539856,0.554491400718689,-0.004387951921671629,0.6275277733802795,0.5231937766075134,-0.007757122628390789,0.6285048723220825,0.4955894947052002,-0.010932686738669872,0.6378980875015259,0.6026957035064697,-0.0024379859678447247,0.6373360753059387,0.5476590991020203,-0.004902742337435484,0.638495683670044,0.5150120854377747,-0.008614877238869667,0.6387060880661011,0.48578840494155884,-0.01148106437176466,0.6503496170043945,0.6082569360733032,-0.0052383169531822205,0.6514150500297546,0.5603999495506287,-0.01158064417541027,0.6510029435157776,0.5303149819374084,-0.018237853422760963,0.6497808694839478,0.5023853182792664,-0.022917993366718292,0.6644507050514221,0.6235389113426208,-0.009062330238521099,0.6663602590560913,0.5900288820266724,-0.01588752493262291,0.6631165742874146,0.6039040088653564,-0.017010921612381935,0.6600981950759888,0.6236302256584167,-0.01760975457727909,Water
0.6459476351737976,0.6765450239181519,1.4717386420670664e-07,0.6346431374549866,0.6538218855857849,-0.00864623486995697,0.6299947500228882,0.6159786581993103,-0.010800483636558056,0.6417184472084045,0.5867518782615662,-0.012404615059494972,0.6555127501487732,0.5726277232170105,-0.013787377625703812,0.6253039240837097,0.5642642378807068,-0.001298982766456902,0.6258631348609924,0.5180500149726868,-0.004266616888344288,0.6278270483016968,0.49045494198799133,-0.008063365705311298,0.6286798119544983,0.4665786325931549,-0.011566629633307457,0.6360541582107544,0.560080885887146,-0.0020662392489612103,0.6362124085426331,0.5124965906143188,-0.003976671956479549,0.6373007297515869,0.4835352599620819,-0.007883482612669468,0.6373463273048401,0.4581381380558014,-0.01112381648272276,0.6471981406211853,0.5658305287361145,-0.004388634581118822,0.648343026638031,0.5232180953025818,-0.009187777526676655,0.6481226682662964,0.49640804529190063,-0.015139599330723286,0.6470215320587158,0.47274699807167053,-0.019673846662044525,0.6593334078788757,0.5794158577919006,-0.007674346212297678,0.6617169976234436,0.5518893003463745,-0.013813087716698647,0.6596434116363525,0.5593655705451965,-0.01547730341553688,0.657659649848938,0.5717325806617737,-0.01648828200995922,Water
0.6560494303703308,0.6524471044540405,1.1784796072333847e-07,0.6447941064834595,0.6294381022453308,-0.008036132901906967,0.6399978399276733,0.5912861227989197,-0.009523827582597733,0.6528429388999939,0.5637149810791016,-0.010498011484742165,0.6679278612136841,0.5527072548866272,-0.011427324265241623,0.6377701759338379,0.545312762260437,-0.0014742184430360794,0.6368309259414673,0.5006251335144043,-0.004124147817492485,0.6376978158950806,0.47443968057632446,-0.007398433517664671,0.6377820372581482,0.4508216381072998,-0.010580869391560555,0.6484865546226501,0.5423134565353394,-0.002526221564039588,0.6475372910499573,0.4969058632850647,-0.004626695066690445,0.6478723883628845,0.4696178138256073,-0.008377717807888985,0.6476712822914124,0.44448015093803406,-0.0114014046266675,0.6594633460044861,0.5479532480239868,-0.005033389665186405,0.6594652533531189,0.5067577362060547,-0.01051267422735691,0.6579471230506897,0.4809104800224304,-0.01662902720272541,0.6562406420707703,0.456743985414505,-0.021027950569987297,0.6715837121009827,0.5606725215911865,-0.008372198790311813,0.6725444793701172,0.5327008962631226,-0.014980304054915905,0.6696076989173889,0.542716383934021,-0.01653173379600048,0.667593777179718,0.5574339032173157,-0.017385659739375114,Water
0.759340226650238,0.6234903335571289,1.2217118694479723e-07,0.7513110041618347,0.5938218235969543,-0.005347326397895813,0.7522429823875427,0.5547654628753662,-0.006075682118535042,0.769261360168457,0.537948727607727,-0.007010563742369413,0.7854518890380859,0.5384178757667542,-0.008308217860758305,0.7543414831161499,0.5269351005554199,-0.0003927630896214396,0.7597065567970276,0.4886728525161743,-0.0034944305662065744,0.7644762396812439,0.46523717045783997,-0.007026476785540581,0.7679850459098816,0.44493043422698975,-0.010089249350130558,0.7647247314453125,0.53035968542099,-0.0022246968001127243,0.7699146270751953,0.49040916562080383,-0.004492965526878834,0.773366391658783,0.4650714695453644,-0.008410939946770668,0.7763113975524902,0.4429223835468292,-0.011420957744121552,0.774375319480896,0.5404424667358398,-0.0051705604419112206,0.7806347608566284,0.5030872225761414,-0.010012216866016388,0.7821305990219116,0.4776499271392822,-0.01579974964261055,0.7833066582679749,0.4557860493659973,-0.019819745793938637,0.7842414975166321,0.5565243363380432,-0.00868895836174488,0.789219856262207,0.5324761867523193,-0.014016338624060154,0.7840356826782227,0.5356854200363159,-0.015350510366261005,0.7790469527244568,0.5445098280906677,-0.01614242047071457,Water
0.8447092175483704,0.5755565166473389,1.0069547329294437e-07,0.8346152901649475,0.5442668795585632,-0.005866151303052902,0.8360112309455872,0.5054379105567932,-0.006535918917506933,0.854468822479248,0.4904969036579132,-0.007400629110634327,0.8710753917694092,0.49100273847579956,-0.008470384404063225,0.84149169921875,0.47297224402427673,0.0004937579506076872,0.8440425992012024,0.4327778220176697,-0.0019912896677851677,0.84610915184021,0.40848392248153687,-0.005391119979321957,0.8480037450790405,0.38655179738998413,-0.008600992150604725,0.8527476787567139,0.47570666670799255,-0.0011399401118978858,0.8558549284934998,0.43425461649894714,-0.0029514855705201626,0.8575894832611084,0.4086975157260895,-0.0068776835687458515,0.8595127463340759,0.3857617974281311,-0.010052645578980446,0.8630836009979248,0.4858691096305847,-0.004031979478895664,0.868322491645813,0.4469456672668457,-0.008364022709429264,0.8685462474822998,0.4218975007534027,-0.013864919543266296,0.8686152696609497,0.39998963475227356,-0.01780438981950283,0.8739438056945801,0.5021795630455017,-0.007658453192561865,0.8804898262023926,0.47328728437423706,-0.012126053683459759,0.8752483129501343,0.47578680515289307,-0.012927329167723656,0.8693850040435791,0.48541197180747986,-0.013524510897696018,Water
0.8976717591285706,0.5764625072479248,8.99345309335331e-08,0.8897578716278076,0.5419430732727051,-0.0052741458639502525,0.8947201371192932,0.5026056170463562,-0.0055651855655014515,0.9142530560493469,0.4915975034236908,-0.0061212340369820595,0.9306745529174805,0.49633505940437317,-0.0070184082724153996,0.9030790328979492,0.4721263349056244,0.0009564258507452905,0.9086517691612244,0.43262365460395813,-0.0014872587053105235,0.9126594662666321,0.40888190269470215,-0.004814034793525934,0.9161956310272217,0.3876399099826813,-0.007916240952908993,0.9148292541503906,0.47768309712409973,-0.0010672856587916613,0.9213404059410095,0.43629589676856995,-0.0029259813018143177,0.9248963594436646,0.41100141406059265,-0.006819339003413916,0.928205132484436,0.38864049315452576,-0.009889938868582249,0.9247738718986511,0.490746408700943,-0.0043252394534647465,0.9344154000282288,0.4521878659725189,-0.009531793184578419,0.9365738034248352,0.426286906003952,-0.01583806984126568,0.9381864666938782,0.40340128540992737,-0.020130760967731476,0.9346150159835815,0.5103706121444702,-0.008098915219306946,0.9441126585006714,0.4830143451690674,-0.013411330059170723,0.9381459951400757,0.48481205105781555,-0.014572307467460632,0.9308350682258606,0.4931167662143707,-0.015345637686550617,Water
0.8951288461685181,0.5353718400001526,9.985003401880022e-08,0.8832681179046631,0.4997413456439972,-0.006171079818159342,0.8853257894515991,0.45651689171791077,-0.0068685133010149,0.9050846695899963,0.4393872618675232,-0.007751450873911381,0.9224691987037659,0.44400253891944885,-0.008893368765711784,0.8944381475448608,0.4233325123786926,0.000881864398252219,0.8966891169548035,0.3793678283691406,-0.0014234097907319665,0.8986689448356628,0.35201090574264526,-0.004884315188974142,0.9006391763687134,0.32765066623687744,-0.008353146724402905,0.9068453311920166,0.42587533593177795,-0.0009466457995586097,0.909774899482727,0.38027438521385193,-0.002965220483019948,0.9107463359832764,0.3516255021095276,-0.007424537092447281,0.9119510650634766,0.326037734746933,-0.011070214211940765,0.9183323979377747,0.43653297424316406,-0.0040639787912368774,0.9241918921470642,0.393433541059494,-0.008910478092730045,0.9246824979782104,0.36369702219963074,-0.015209129080176353,0.9248587489128113,0.33922237157821655,-0.019684746861457825,0.9302548766136169,0.4544470012187958,-0.007893875241279602,0.9379708766937256,0.42216047644615173,-0.012425563298165798,0.9329923987388611,0.4236506223678589,-0.013193479739129543,0.9274120926856995,0.4343107342720032,-0.01380244828760624,Water
0.7730919122695923,0.5997397303581238,1.324227554277968e-07,0.7590814828872681,0.5654768943786621,-0.006224156357347965,0.7595829963684082,0.5186957716941833,-0.006760354619473219,0.7771167755126953,0.49304547905921936,-0.007665790617465973,0.7944192886352539,0.49027252197265625,-0.00887606292963028,0.7637112140655518,0.4731407165527344,0.0027788705192506313,0.766903281211853,0.42727911472320557,-0.000498332257848233,0.7701177000999451,0.3983433246612549,-0.0051127090118825436,0.7721622586250305,0.37248125672340393,-0.009313193149864674,0.7761944532394409,0.4730658233165741,0.00028446203214116395,0.779999315738678,0.42520129680633545,-0.0024923377204686403,0.7820459604263306,0.39468270540237427,-0.007240548729896545,0.7828254103660583,0.36535120010375977,-0.01080450788140297,0.7884080410003662,0.48263001441955566,-0.0038208679761737585,0.7927771210670471,0.43557265400886536,-0.009117291308939457,0.7925107479095459,0.40379804372787476,-0.015011950396001339,0.7910782694816589,0.3747493326663971,-0.019222551956772804,0.8010787963867188,0.5011727213859558,-0.008832370862364769,0.805320143699646,0.4687592089176178,-0.014156547375023365,0.7998868227005005,0.4727354645729065,-0.014667484909296036,0.7945203185081482,0.4827052652835846,-0.014909113757312298,Water
0.6865142583847046,0.5668522119522095,1.3593158598723676e-07,0.669692873954773,0.5387218594551086,-0.005909247789531946,0.6665732264518738,0.4919920265674591,-0.006337001919746399,0.67780601978302,0.4601356089115143,-0.006984244100749493,0.6870086789131165,0.44516509771347046,-0.007535308599472046,0.6711951494216919,0.43767249584198,0.0024810631293803453,0.6726638674736023,0.39032167196273804,0.00012941773456986994,0.6742286682128906,0.36114537715911865,-0.003494327887892723,0.675183892250061,0.33546972274780273,-0.006920254323631525,0.683307945728302,0.4373764395713806,9.45044303080067e-05,0.6848101615905762,0.38742098212242126,-0.0021683364175260067,0.6859626173973083,0.3571518063545227,-0.005991415586322546,0.6868767738342285,0.33107396960258484,-0.009032925590872765,0.6953741908073425,0.4468146860599518,-0.003843496786430478,0.6973547339439392,0.39716339111328125,-0.009352286346256733,0.6964970231056213,0.3678944408893585,-0.014668801799416542,0.6955814957618713,0.34322261810302734,-0.01847247965633869,0.7082284092903137,0.46480831503868103,-0.00852780882269144,0.7122665047645569,0.4272826313972473,-0.013759277760982513,0.7084373831748962,0.4321982264518738,-0.014059304259717464,0.7048009037971497,0.44537684321403503,-0.014262602664530277,Water
0.6592134833335876,0.3979279696941376,1.5279476883733878e-07,0.6389263868331909,0.37457022070884705,-0.006646720692515373,0.6293583512306213,0.3340325653553009,-0.00867980532348156,0.6393218040466309,0.3019598126411438,-0.010958394967019558,0.652391254901886,0.28326404094696045,-0.01349481288343668,0.6300867795944214,0.27368807792663574,-0.00093846331583336,0.6255306005477905,0.2223067432641983,-0.004665257874876261,0.6235870718955994,0.19095037877559662,-0.009059908799827099,0.62187659740448,0.16357840597629547,-0.012939708307385445,0.6435058116912842,0.2691152095794678,-0.003956942819058895,0.6386944055557251,0.2143697887659073,-0.007003665901720524,0.6364452838897705,0.1814851611852646,-0.011534028686583042,0.634610652923584,0.15311548113822937,-0.015075595118105412,0.6572204828262329,0.274513304233551,-0.008440961129963398,0.6551157236099243,0.22218994796276093,-0.014327394776046276,0.6513493657112122,0.19103771448135376,-0.02037007547914982,0.6479019522666931,0.16361317038536072,-0.024900497868657112,0.672467052936554,0.2885875701904297,-0.013707953505218029,0.6724077463150024,0.250144898891449,-0.019455375149846077,0.6680130362510681,0.2589872181415558,-0.01975678652524948,0.6645808815956116,0.2755661606788635,-0.019995152950286865,Water
0.2751147449016571,0.726110577583313,1.7423730014343164e-07,0.29090967774391174,0.7087079882621765,-0.013761762529611588,0.29863595962524414,0.675368070602417,-0.01889629289507866,0.29140010476112366,0.6380957365036011,-0.0224575437605381,0.2806267738342285,0.6158663034439087,-0.025675205513834953,0.31728750467300415,0.6318212747573853,-0.008147208951413631,0.32807594537734985,0.5845509767532349,-0.013913817703723907,0.33371350169181824,0.5542312860488892,-0.019775349646806717,0.33706343173980713,0.5280911922454834,-0.024200525134801865,0.3054450452327728,0.6205139756202698,-0.00653513427823782,0.31755855679512024,0.574678897857666,-0.0109579311683774,0.3241267502307892,0.5429010391235352,-0.016461320221424103,0.3294435441493988,0.5164662003517151,-0.02045704424381256,0.2911101281642914,0.6188930869102478,-0.006636075675487518,0.3027331531047821,0.5787472128868103,-0.012167971581220627,0.31104087829589844,0.5503374338150024,-0.018130531534552574,0.31790974736213684,0.5261616706848145,-0.02239774540066719,0.27397990226745605,0.6234697699546814,-0.00805461686104536,0.27639612555503845,0.5968888401985168,-0.014162535779178143,0.2762899398803711,0.589076042175293,-0.01618383638560772,0.274930477142334,0.5845463871955872,-0.017196962609887123,Water
0.3054749071598053,0.7190285921096802,1.2973312379926938e-07,0.31640973687171936,0.7014711499214172,-0.01543979998677969,0.32367441058158875,0.6651117205619812,-0.0186245646327734,0.31601545214653015,0.6314936280250549,-0.01939668133854866,0.30687713623046875,0.6100112795829773,-0.019908301532268524,0.3439335823059082,0.6245501041412354,-0.00545868743211031,0.3507947027683258,0.5785678625106812,-0.009225986897945404,0.3542032539844513,0.5486212968826294,-0.013936532661318779,0.356205016374588,0.5224290490150452,-0.017869073897600174,0.3337016999721527,0.6157770752906799,-0.0022945015225559473,0.3405698537826538,0.5694369673728943,-0.005142116919159889,0.3442034125328064,0.5380343198776245,-0.011035839095711708,0.3483803868293762,0.5109559297561646,-0.015196910127997398,0.3221855163574219,0.6159926056861877,-0.0010987853165715933,0.32989954948425293,0.5740698575973511,-0.008161861449480057,0.334657222032547,0.546122133731842,-0.017795231193304062,0.3398587107658386,0.5208364129066467,-0.024234330281615257,0.3104339838027954,0.623656153678894,-0.0010492043802514672,0.3083855211734772,0.606534481048584,-0.011669160798192024,0.30582019686698914,0.6171949505805969,-0.01684170588850975,0.30345192551612854,0.6297697424888611,-0.019249914214015007,Water
0.28181156516075134,0.6738181114196777,1.3716264390950528e-07,0.29723602533340454,0.6538723707199097,-0.01012792345136404,0.30346810817718506,0.6212623715400696,-0.01466502994298935,0.29574376344680786,0.5917839407920837,-0.018405834212899208,0.2851952910423279,0.5745932459831238,-0.021675772964954376,0.31373322010040283,0.5776453018188477,-0.005896296817809343,0.3190712630748749,0.5331475734710693,-0.01157540176063776,0.3203355073928833,0.5049089193344116,-0.01709660328924656,0.31983569264411926,0.481917142868042,-0.02096455544233322,0.301999032497406,0.5697556734085083,-0.005586861167103052,0.3083925247192383,0.5254085063934326,-0.010012393817305565,0.3103293478488922,0.49533483386039734,-0.014847778715193272,0.3112393021583557,0.4717700779438019,-0.018290892243385315,0.2896279990673065,0.5702933669090271,-0.006753029767423868,0.29588252305984497,0.5281658172607422,-0.010713580995798111,0.298370897769928,0.5009572505950928,-0.014970348216593266,0.29998165369033813,0.4802108407020569,-0.01796448603272438,0.2753649353981018,0.5768957138061523,-0.0090624475851655,0.2756236493587494,0.5452882647514343,-0.01275461632758379,0.2754575312137604,0.5248945951461792,-0.014547472819685936,0.27492666244506836,0.5083646774291992,-0.015596612356603146,Water
0.25687673687934875,0.6595560908317566,1.4291539685018506e-07,0.2721545100212097,0.6354442238807678,-0.009781003929674625,0.2778897285461426,0.5992116332054138,-0.012987216003239155,0.2670465409755707,0.5695467591285706,-0.015415600501000881,0.2544865012168884,0.5543441772460938,-0.01750020496547222,0.286964476108551,0.5529615879058838,-0.002891116077080369,0.29010775685310364,0.5060710310935974,-0.00728308130055666,0.28988420963287354,0.47611716389656067,-0.01215932983905077,0.288374662399292,0.450700044631958,-0.016029158607125282,0.27485033869743347,0.5472092032432556,-0.00277908518910408,0.2791515588760376,0.4993225336074829,-0.006157692521810532,0.27986380457878113,0.46751368045806885,-0.011353712528944016,0.2800864577293396,0.44075125455856323,-0.015259690582752228,0.2623150944709778,0.5509328246116638,-0.004186661448329687,0.2660703659057617,0.5067107677459717,-0.008547833189368248,0.26799529790878296,0.47752946615219116,-0.014366243034601212,0.2689892649650574,0.4534301161766052,-0.018589705228805542,0.24929946660995483,0.5613448619842529,-0.006627317983657122,0.250787615776062,0.5345717668533325,-0.011031202971935272,0.2520379424095154,0.5251944065093994,-0.013039161451160908,0.25251033902168274,0.5194059610366821,-0.014333491213619709,Water
0.28507721424102783,0.6132426261901855,2.0164276293144212e-07,0.30208081007003784,0.5978392958641052,-0.017398739233613014,0.31080004572868347,0.564821183681488,-0.023721883073449135,0.30442512035369873,0.5321108102798462,-0.027749044820666313,0.2937246561050415,0.5116618871688843,-0.031708188354969025,0.3212426006793976,0.5084137916564941,-0.010440625250339508,0.3265344202518463,0.4611339867115021,-0.016607075929641724,0.3280344307422638,0.43001076579093933,-0.022830814123153687,0.3273128271102905,0.4041427671909332,-0.027529878541827202,0.30963072180747986,0.5025060772895813,-0.007414562627673149,0.3156108260154724,0.45357996225357056,-0.012176759541034698,0.31789737939834595,0.4214279055595398,-0.01865975372493267,0.31929707527160645,0.3960319757461548,-0.023032553493976593,0.2965196371078491,0.5072658061981201,-0.006325192749500275,0.30297747254371643,0.46160662174224854,-0.014048066921532154,0.30655452609062195,0.4313811957836151,-0.02247879095375538,0.30949968099594116,0.4070448875427246,-0.028103869408369064,0.281921923160553,0.519611120223999,-0.006632694974541664,0.28504061698913574,0.5020419955253601,-0.016921324655413628,0.28793850541114807,0.510499894618988,-0.021048255264759064,0.2895777225494385,0.5238396525382996,-0.02267596125602722,Water
0.2997892498970032,0.5640466809272766,1.5456882351827517e-07,0.3207574188709259,0.5453726053237915,-0.010269539430737495,0.3326382040977478,0.5070103406906128,-0.011164269410073757,0.32158800959587097,0.47812679409980774,-0.01058712787926197,0.30612286925315857,0.4680536091327667,-0.01016783993691206,0.33717525005340576,0.4575137197971344,-0.0009379581897519529,0.3408623933792114,0.40989163517951965,-0.0029886055272072554,0.34182071685791016,0.37996017932891846,-0.00608601700514555,0.34127727150917053,0.3537231981754303,-0.008782243356108665,0.32476770877838135,0.4513656198978424,-0.0009761813562363386,0.32965099811553955,0.40103623270988464,-0.001840827870182693,0.33098268508911133,0.3682849705219269,-0.006119500380009413,0.33232372999191284,0.3400219976902008,-0.009037096053361893,0.31145355105400085,0.4543780982494354,-0.0026171968784183264,0.317303866147995,0.4092187285423279,-0.008909332565963268,0.32098081707954407,0.3781176805496216,-0.017700426280498505,0.32408517599105835,0.3487771451473236,-0.023474646732211113,0.29800304770469666,0.4661653935909271,-0.004981532227247953,0.30354997515678406,0.4498515725135803,-0.01444854773581028,0.3056607246398926,0.46967193484306335,-0.017334192991256714,0.3056774437427521,0.4905233085155487,-0.018092358484864235,Water
0.33406633138656616,0.5239436030387878,1.342010307325836e-07,0.3544740080833435,0.5103904604911804,-0.009952627122402191,0.3686589300632477,0.4743081331253052,-0.011428114026784897,0.35899603366851807,0.43916308879852295,-0.011426130309700966,0.34566494822502136,0.42036744952201843,-0.011643747799098492,0.3770410418510437,0.42152664065361023,-0.0032564825378358364,0.38337916135787964,0.3730970025062561,-0.00602696742862463,0.38569876551628113,0.3428635895252228,-0.009283119812607765,0.38639435172080994,0.3156563937664032,-0.01207030564546585,0.3647589087486267,0.4133250415325165,-0.0035854079760611057,0.3718864321708679,0.3623122274875641,-0.005083076190203428,0.3745845854282379,0.33016055822372437,-0.009251167066395283,0.37732037901878357,0.3016563355922699,-0.01215925719588995,0.35121798515319824,0.4149351119995117,-0.0052681611850857735,0.35820654034614563,0.36920788884162903,-0.012231188826262951,0.36320996284484863,0.3375944197177887,-0.02058938518166542,0.36785030364990234,0.30738550424575806,-0.026124924421310425,0.3366030156612396,0.425142765045166,-0.007528769783675671,0.34147539734840393,0.4065263271331787,-0.017337031662464142,0.34324726462364197,0.42604631185531616,-0.019937880337238312,0.34327343106269836,0.4462132453918457,-0.0205405093729496,Water
0.3616688847541809,0.5534723997116089,1.5541098719040747e-07,0.38209185004234314,0.5408596992492676,-0.012766977772116661,0.3940112292766571,0.5048560500144958,-0.016075320541858673,0.3820168375968933,0.4726834297180176,-0.017495961859822273,0.36650601029396057,0.4563383162021637,-0.01906539313495159,0.4020833671092987,0.4437805116176605,-0.006740826182067394,0.40833234786987305,0.39323216676712036,-0.011182726360857487,0.4104182720184326,0.361097127199173,-0.015737691894173622,0.41024982929229736,0.3331642150878906,-0.01926981285214424,0.38909605145454407,0.43586328625679016,-0.006591221317648888,0.3971813917160034,0.3835943937301636,-0.009676087647676468,0.3998536467552185,0.3490244150161743,-0.015295821242034435,0.4016483426094055,0.31878334283828735,-0.019118864089250565,0.37533050775527954,0.43839362263679504,-0.00800838228315115,0.38297733664512634,0.3917076289653778,-0.015967587009072304,0.3877531588077545,0.3587324619293213,-0.025905195623636246,0.39122438430786133,0.3274860382080078,-0.032663583755493164,0.3611825704574585,0.45051780343055725,-0.010286562144756317,0.36748185753822327,0.43564537167549133,-0.0204898864030838,0.36926114559173584,0.4556131064891815,-0.023864757269620895,0.36853352189064026,0.47658294439315796,-0.025228038430213928,Water
0.4064192473888397,0.6077804565429688,1.596373380152727e-07,0.42753520607948303,0.5984468460083008,-0.015332619659602642,0.4387824833393097,0.5642410516738892,-0.020357666537165642,0.43014344573020935,0.5273565649986267,-0.023264002054929733,0.4176563024520874,0.5033140778541565,-0.026131657883524895,0.4492131471633911,0.4992775619029999,-0.008028015494346619,0.45474773645401,0.4492948651313782,-0.013390332460403442,0.456732839345932,0.41702479124069214,-0.01880541630089283,0.4567374885082245,0.3894574046134949,-0.023029750213027,0.4372749328613281,0.49038538336753845,-0.006384070962667465,0.4433620870113373,0.43776050209999084,-0.010621459223330021,0.445982962846756,0.4030688405036926,-0.017018504440784454,0.4479995667934418,0.3737374544143677,-0.02139703929424286,0.42348235845565796,0.492978572845459,-0.006614801473915577,0.4306686818599701,0.44467276334762573,-0.01572437770664692,0.43528079986572266,0.4122026264667511,-0.02602941170334816,0.4387199580669403,0.3838418126106262,-0.032848991453647614,0.40864941477775574,0.5046600699424744,-0.007841776125133038,0.4140033721923828,0.4894602298736572,-0.019573938101530075,0.4160425066947937,0.5063883662223816,-0.024489423260092735,0.41577231884002686,0.5247758030891418,-0.0267458725720644,Water
0.36379650235176086,0.6834464073181152,1.75505590505054e-07,0.37959402799606323,0.6734582781791687,-0.02018018253147602,0.3873351514339447,0.6427809596061707,-0.02881227433681488,0.37894731760025024,0.6133031845092773,-0.03433798626065254,0.3674481213092804,0.5873932838439941,-0.040010686963796616,0.40140634775161743,0.5762088298797607,-0.01726423390209675,0.406101793050766,0.5250318646430969,-0.025034639984369278,0.40693148970603943,0.4914822578430176,-0.032165735960006714,0.4062400758266449,0.4620426595211029,-0.03754511848092079,0.38840705156326294,0.5680619478225708,-0.013881897553801537,0.3930152952671051,0.5136643648147583,-0.020809799432754517,0.3949632942676544,0.47862210869789124,-0.02856932021677494,0.39682599902153015,0.447464257478714,-0.03364603966474533,0.37495407462120056,0.5699805617332458,-0.01224610023200512,0.38096463680267334,0.5207651257514954,-0.023015659302473068,0.38494354486465454,0.4877285659313202,-0.03335282579064369,0.3882133364677429,0.45782336592674255,-0.040127214044332504,0.3619411587715149,0.5811500549316406,-0.011998324654996395,0.3656291663646698,0.5669292211532593,-0.025605589151382446,0.36661723256111145,0.5873593688011169,-0.030286721885204315,0.366174578666687,0.6106180548667908,-0.03194073960185051,Water
0.3273768126964569,0.7657315135002136,1.7400483898200036e-07,0.3413603901863098,0.7471773624420166,-0.01798284240067005,0.34559717774391174,0.7093548774719238,-0.024279503151774406,0.32862961292266846,0.6819899082183838,-0.027836574241518974,0.31207025051116943,0.6625020503997803,-0.03154885023832321,0.35177531838417053,0.6432182788848877,-0.012710795737802982,0.3537411391735077,0.5895604491233826,-0.01911427453160286,0.35293081402778625,0.5558298230171204,-0.025451339781284332,0.35077765583992004,0.525837242603302,-0.03050367534160614,0.33829164505004883,0.6386039853096008,-0.010154420509934425,0.3413828909397125,0.5820971727371216,-0.015506044961512089,0.3414650559425354,0.5463516116142273,-0.02288447506725788,0.34167933464050293,0.5144516825675964,-0.027980154380202293,0.32553043961524963,0.644332230091095,-0.009380926378071308,0.3283253312110901,0.5930900573730469,-0.0187827255576849,0.33005982637405396,0.559181809425354,-0.029356010258197784,0.33165881037712097,0.5281609892845154,-0.03657471016049385,0.31382787227630615,0.6594845056533813,-0.009854882955551147,0.3133081793785095,0.6417971253395081,-0.022482294589281082,0.31431832909584045,0.6599487066268921,-0.027279691770672798,0.3153146505355835,0.6799840927124023,-0.02931036613881588,Water
0.3086581230163574,0.811972439289093,1.7749960079527227e-07,0.3209948241710663,0.7882059812545776,-0.01862105168402195,0.3226524889469147,0.747922956943512,-0.025296906009316444,0.30655062198638916,0.7164693474769592,-0.029593538492918015,0.28997302055358887,0.6966536641120911,-0.03356200084090233,0.3325716257095337,0.6819941401481628,-0.01055096834897995,0.3343609869480133,0.6294390559196472,-0.01763972081243992,0.3333684206008911,0.5963776111602783,-0.025063320994377136,0.3315217196941376,0.5680091381072998,-0.031031370162963867,0.3184504210948944,0.6754797101020813,-0.0076355105265975,0.3204317092895508,0.6201333999633789,-0.0136484419927001,0.32039251923561096,0.5845590233802795,-0.02167331427335739,0.32099664211273193,0.5542237162590027,-0.027357645332813263,0.30519571900367737,0.6818758249282837,-0.006922571919858456,0.3065970838069916,0.6290313005447388,-0.015869857743382454,0.30829358100891113,0.5975463390350342,-0.025680355727672577,0.31002020835876465,0.571250855922699,-0.032197967171669006,0.29364386200904846,0.6976087689399719,-0.007718989625573158,0.2911512851715088,0.6729799509048462,-0.019464921206235886,0.29207539558410645,0.6787774562835693,-0.02473546750843525,0.2931176424026489,0.6892115473747253,-0.02709551341831684,Water
0.3404299020767212,0.965177595615387,1.9122836647511576e-07,0.3505438268184662,0.9406764507293701,-0.01935228705406189,0.34995824098587036,0.9012863039970398,-0.026760004460811615,0.3351934254169464,0.8734408617019653,-0.03163081407546997,0.3183543384075165,0.8520326018333435,-0.03627215325832367,0.3599492907524109,0.8242999315261841,-0.012254549190402031,0.3609137237071991,0.7687070369720459,-0.0197835061699152,0.3593730330467224,0.7329044938087463,-0.027373237535357475,0.3565879464149475,0.7020689845085144,-0.033416200429201126,0.3454929292201996,0.8196752071380615,-0.009983121417462826,0.3449983298778534,0.7587697505950928,-0.016500789672136307,0.3432985246181488,0.7212579846382141,-0.024413403123617172,0.3423463702201843,0.6884008646011353,-0.02969679795205593,0.33140474557876587,0.8283010125160217,-0.009913545101881027,0.3309997320175171,0.7734411358833313,-0.02047671563923359,0.3317806124687195,0.7381375432014465,-0.03082476556301117,0.33272480964660645,0.7071014642715454,-0.03756949305534363,0.31925955414772034,0.8473963737487793,-0.011338655836880207,0.31637051701545715,0.830045759677887,-0.025029761716723442,0.3187171220779419,0.8464872241020203,-0.029886947944760323,0.3215160369873047,0.8659708499908447,-0.03164972737431526,Water
0.32210874557495117,0.8650932908058167,2.2774742092224187e-07,0.33658111095428467,0.8456796407699585,-0.02034078538417816,0.34291455149650574,0.8084573745727539,-0.029030341655015945,0.3302423655986786,0.7720829844474792,-0.03500724956393242,0.3150350749492645,0.743759036064148,-0.04075615853071213,0.35712379217147827,0.7337793111801147,-0.015392299741506577,0.36022767424583435,0.6763649582862854,-0.024999627843499184,0.3596736490726471,0.6397368907928467,-0.0336262471973896,0.3582043945789337,0.6093207597732544,-0.03999403864145279,0.3422155976295471,0.7257762551307678,-0.012664668262004852,0.34675097465515137,0.6676897406578064,-0.020779503509402275,0.3471863865852356,0.6286015510559082,-0.029411625117063522,0.347947359085083,0.5973131060600281,-0.03509223461151123,0.32755759358406067,0.7317777276039124,-0.012143915519118309,0.3313344419002533,0.6786776781082153,-0.023145057260990143,0.3334621489048004,0.6454599499702454,-0.03312460705637932,0.3357711434364319,0.6184380650520325,-0.03953295573592186,0.31386882066726685,0.7485231161117554,-0.01319348718971014,0.3139112889766693,0.7323697805404663,-0.027143897488713264,0.31467342376708984,0.7416989803314209,-0.03273126110434532,0.31527042388916016,0.7541481852531433,-0.03481627628207207,Water
0.3161594271659851,0.6328988671302795,1.9506983051087445e-07,0.3372710645198822,0.6197303533554077,-0.014550341293215752,0.3501993715763092,0.5823569893836975,-0.01945585198700428,0.3365439772605896,0.5468040108680725,-0.022601740434765816,0.3244386315345764,0.5201313495635986,-0.02605060115456581,0.36566874384880066,0.5136681795120239,-0.008802586235105991,0.37391844391822815,0.45884689688682556,-0.015082155354321003,0.3767801821231842,0.42322155833244324,-0.021100463345646858,0.37732332944869995,0.39189377427101135,-0.025863008573651314,0.35090386867523193,0.5026573538780212,-0.008691424503922462,0.3598485291004181,0.4434112310409546,-0.013435805216431618,0.3628402352333069,0.40649470686912537,-0.020376678556203842,0.36581531167030334,0.3741455376148224,-0.02512217126786709,0.3351339101791382,0.5041518807411194,-0.01032902579754591,0.3433593213558197,0.45127999782562256,-0.01976158656179905,0.3486878573894501,0.4180794656276703,-0.029984088614583015,0.35320523381233215,0.3875192105770111,-0.03681594505906105,0.3188783526420593,0.5168479681015015,-0.012971636839210987,0.3240107595920563,0.5013566613197327,-0.025878911837935448,0.3245975971221924,0.5224884152412415,-0.03030136041343212,0.32371631264686584,0.5436804294586182,-0.03179430216550827,Water
0.29406580328941345,0.45466139912605286,1.839215144627815e-07,0.3169192671775818,0.44427621364593506,-0.013698063790798187,0.33303454518318176,0.40766823291778564,-0.017248831689357758,0.32408642768859863,0.3661487400531769,-0.0191291943192482,0.31286802887916565,0.3396959900856018,-0.021237432956695557,0.35070693492889404,0.3473118245601654,-0.00577179342508316,0.3621409833431244,0.2957604229450226,-0.010949122719466686,0.36742669343948364,0.262136310338974,-0.016286268830299377,0.37013569474220276,0.23199152946472168,-0.020530179142951965,0.33777108788490295,0.3342006504535675,-0.005360781215131283,0.3503204584121704,0.27895769476890564,-0.0093341413885355,0.3558899164199829,0.24334751069545746,-0.015490380115807056,0.36097297072410583,0.21216799318790436,-0.019541604444384575,0.3228691816329956,0.3323572278022766,-0.006773997563868761,0.33521586656570435,0.2815612256526947,-0.01565370336174965,0.34198787808418274,0.24967561662197113,-0.025120779871940613,0.3481900990009308,0.2203768789768219,-0.031196577474474907,0.306487113237381,0.34020206332206726,-0.009151283651590347,0.31328654289245605,0.3221900761127472,-0.021373899653553963,0.31232887506484985,0.3414779603481293,-0.025230079889297485,0.3103819191455841,0.3614756166934967,-0.026206715032458305,Water
0.2931375205516815,0.3271264433860779,1.387693089327513e-07,0.3170072138309479,0.31491824984550476,-0.010990049690008163,0.3351640999317169,0.2761267125606537,-0.011737257242202759,0.3255752921104431,0.23202894628047943,-0.010977440513670444,0.31348249316215515,0.2067592293024063,-0.010240762494504452,0.3514741063117981,0.229560986161232,-0.000898032623808831,0.3629339635372162,0.17869538068771362,-0.0033829882740974426,0.3681183457374573,0.14615455269813538,-0.0066631268709897995,0.37176433205604553,0.11688151955604553,-0.009661011397838593,0.3380369246006012,0.21640680730342865,-0.0009050577064044774,0.3504210412502289,0.16096903383731842,-0.0029727008659392595,0.3562290072441101,0.12722596526145935,-0.007407042663544416,0.3624211549758911,0.09713691473007202,-0.010269868187606335,0.3232235312461853,0.2128477394580841,-0.002633037744089961,0.33485081791877747,0.16228266060352325,-0.010630604811012745,0.34246960282325745,0.13250266015529633,-0.01890244148671627,0.35033470392227173,0.10286566615104675,-0.02392350323498249,0.30673307180404663,0.21834588050842285,-0.005093447398394346,0.3139367401599884,0.19462303817272186,-0.01589510589838028,0.3118325173854828,0.21594269573688507,-0.01815210096538067,0.3088681399822235,0.23742753267288208,-0.01814446784555912,Water
0.2734331786632538,0.2993754744529724,1.365908417483297e-07,0.29360532760620117,0.28242185711860657,-0.012792692519724369,0.3057680130004883,0.24123166501522064,-0.014198453165590763,0.29476964473724365,0.20182479918003082,-0.013812623918056488,0.2835536301136017,0.17940360307693481,-0.013369044288992882,0.3196614980697632,0.1926402598619461,-0.003076862543821335,0.327726811170578,0.1405957192182541,-0.005939390044659376,0.3305240869522095,0.10737428069114685,-0.009600662626326084,0.33231478929519653,0.07827889174222946,-0.012856489978730679,0.3063123822212219,0.18235528469085693,-0.001832315232604742,0.3145357668399811,0.12663798034191132,-0.003895754925906658,0.3177827298641205,0.09182968735694885,-0.008701702579855919,0.32125818729400635,0.061030901968479156,-0.011920842342078686,0.2920073866844177,0.1824943870306015,-0.0023535178042948246,0.2989877760410309,0.13084621727466583,-0.009666361846029758,0.30409273505210876,0.09965942054986954,-0.018107226118445396,0.30880114436149597,0.07022582739591599,-0.023379052057862282,0.27671104669570923,0.1923346221446991,-0.0038228004705160856,0.2782800495624542,0.1676708161830902,-0.014227325096726418,0.27827078104019165,0.1855563372373581,-0.017219303175807,0.27713534235954285,0.20549693703651428,-0.0177899282425642,Water
0.29073086380958557,0.3249259293079376,1.848279111982265e-07,0.31783029437065125,0.31787586212158203,-0.012652147561311722,0.3396635055541992,0.27942290902137756,-0.015109934844076633,0.3354264497756958,0.2302674800157547,-0.015851084142923355,0.32420578598976135,0.19782006740570068,-0.017081083729863167,0.35818397998809814,0.21970225870609283,-0.00440797908231616,0.37291839718818665,0.16558240354061127,-0.008236454799771309,0.3805232048034668,0.1305098682641983,-0.01282231230288744,0.38530707359313965,0.09898127615451813,-0.016687503084540367,0.343752384185791,0.20262521505355835,-0.0045494805090129375,0.3597216308116913,0.14501485228538513,-0.00679237162694335,0.3686939477920532,0.10869147628545761,-0.012304245494306087,0.3765660524368286,0.07727128267288208,-0.015890231356024742,0.32613039016723633,0.19860416650772095,-0.006306743714958429,0.34177908301353455,0.14303196966648102,-0.015321653336286545,0.35312867164611816,0.10856352746486664,-0.025934768840670586,0.3627687692642212,0.07638811320066452,-0.03286219388246536,0.3057018518447876,0.2046666294336319,-0.008719823323190212,0.31397679448127747,0.1864553689956665,-0.022623158991336823,0.3128795921802521,0.2098899930715561,-0.027120869606733322,0.3095245063304901,0.2326369732618332,-0.02829696424305439,Water
0.3109022080898285,0.33754783868789673,1.5966335809025622e-07,0.3420434892177582,0.32412829995155334,-0.01062487531453371,0.36744582653045654,0.27275773882865906,-0.010024783201515675,0.36100688576698303,0.2148420214653015,-0.007888253778219223,0.34422603249549866,0.18377187848091125,-0.005986559670418501,0.3826865255832672,0.21383117139339447,0.0009676020708866417,0.39722928404808044,0.15095067024230957,-0.0010121306404471397,0.40320029854774475,0.11230023950338364,-0.004614631645381451,0.4056726396083832,0.0777810588479042,-0.007832570932805538,0.3653865456581116,0.19616606831550598,-9.665454854257405e-05,0.3815147280693054,0.13033892214298248,9.814499935600907e-05,0.3893616795539856,0.08982384949922562,-0.004389945883303881,0.395433634519577,0.05405392125248909,-0.007681917864829302,0.34529832005500793,0.19291286170482635,-0.0029911547899246216,0.36052054166793823,0.13002580404281616,-0.011089223437011242,0.37170735001564026,0.09214039146900177,-0.021708756685256958,0.3802078664302826,0.055266447365283966,-0.028770174831151962,0.322752445936203,0.2004242241382599,-0.006377519574016333,0.3343716263771057,0.17207592725753784,-0.018592337146401405,0.33659622073173523,0.1958596110343933,-0.021509241312742233,0.33427169919013977,0.2195284366607666,-0.02207627147436142,Water
0.35728731751441956,0.41277849674224854,2.0150795876361371e-07,0.393189936876297,0.39333686232566833,-0.012907312251627445,0.4173097312450409,0.3225473165512085,-0.012642801739275455,0.40401414036750793,0.2582361400127411,-0.010170900262892246,0.380426824092865,0.2289089560508728,-0.007392756640911102,0.41493117809295654,0.2677161693572998,-0.0013209370663389564,0.4258113205432892,0.20082318782806396,-0.0025312674697488546,0.42955341935157776,0.1582573652267456,-0.004807712510228157,0.43020591139793396,0.12268146127462387,-0.007343406789004803,0.39439016580581665,0.25070640444755554,-0.0008062546257860959,0.4059569537639618,0.17649097740650177,-0.0003059824521187693,0.4123431444168091,0.13124971091747284,-0.003344504162669182,0.4157334268093109,0.09423115849494934,-0.005999674554914236,0.3739186227321625,0.24836616218090057,-0.002290927805006504,0.3835424780845642,0.17698971927165985,-0.009808599017560482,0.393497109413147,0.13099971413612366,-0.020128540694713593,0.39777371287345886,0.09228932112455368,-0.027487682178616524,0.351920485496521,0.25630083680152893,-0.004496783018112183,0.36606141924858093,0.221917524933815,-0.016263173893094063,0.37684333324432373,0.23263640701770782,-0.020946772769093513,0.3801211714744568,0.2474609613418579,-0.023436417803168297,Water
0.6721063256263733,0.5940622687339783,2.0608381134934461e-07,0.6448723673820496,0.5660271048545837,-0.010931640863418579,0.6273741722106934,0.4988155961036682,-0.010922691784799099,0.6445667147636414,0.442487508058548,-0.010283713229000568,0.6684298515319824,0.4156220853328705,-0.00982598401606083,0.6180816888809204,0.43450289964675903,-0.0002286061062477529,0.6092894077301025,0.3593771159648895,-0.0027036124374717474,0.6073089241981506,0.3155088424682617,-0.005820147227495909,0.6048297882080078,0.2791039049625397,-0.009224372915923595,0.6370269060134888,0.422773540019989,-0.0017910716123878956,0.6265770792961121,0.34521758556365967,-0.003534883027896285,0.6221293210983276,0.2990325689315796,-0.008290844038128853,0.6179394125938416,0.2609325349330902,-0.012221666052937508,0.6571473479270935,0.42392995953559875,-0.005614572670310736,0.651554524898529,0.3553430736064911,-0.013364820741117,0.6443801522254944,0.31176602840423584,-0.024187782779335976,0.637525737285614,0.27397647500038147,-0.03204504773020744,0.67933589220047,0.43553104996681213,-0.010461855679750443,0.6752771735191345,0.39132753014564514,-0.020775550976395607,0.6696149110794067,0.4096909463405609,-0.024444537237286568,0.6658692955970764,0.4356851875782013,-0.026843756437301636,Water
0.707911491394043,0.5909360647201538,2.3657435122004244e-07,0.6869024634361267,0.5578117966651917,-0.010744651779532433,0.6744486689567566,0.48928892612457275,-0.011218849569559097,0.6946510076522827,0.4389505386352539,-0.011126692406833172,0.717898428440094,0.4165889322757721,-0.011394978500902653,0.6616460084915161,0.43898728489875793,-0.0008234113338403404,0.6587693691253662,0.3674849271774292,-0.004865073598921299,0.6603478789329529,0.3229144811630249,-0.009608578868210316,0.6610068678855896,0.2872060537338257,-0.01369529403746128,0.6783431768417358,0.4308376610279083,-0.002392395632341504,0.6738452315330505,0.35640960931777954,-0.004436707589775324,0.67271488904953,0.3101813495159149,-0.009474406950175762,0.6715692281723022,0.2721731960773468,-0.013427479192614555,0.6964893937110901,0.43486160039901733,-0.006136208772659302,0.6940374374389648,0.36940649151802063,-0.012917764484882355,0.6893879175186157,0.3278292715549469,-0.02216033637523651,0.6855143308639526,0.2912535071372986,-0.02896299585700035,0.7164670825004578,0.44867008924484253,-0.011064644902944565,0.7144860029220581,0.41072142124176025,-0.020527441054582596,0.710340678691864,0.42616426944732666,-0.023134665563702583,0.7091125249862671,0.445555180311203,-0.024568386375904083,Water
0.6854081153869629,0.6784089803695679,2.020577056782713e-07,0.6606722474098206,0.6478623151779175,-0.01120766345411539,0.6480781435966492,0.5831822752952576,-0.012509281747043133,0.6658276319503784,0.5296627283096313,-0.013036132790148258,0.6885986924171448,0.5028900504112244,-0.013584437780082226,0.6422022581100464,0.5107551217079163,-0.003216356737539172,0.638496458530426,0.4331478476524353,-0.007771075703203678,0.6392238140106201,0.3885340988636017,-0.012144879437983036,0.6394453048706055,0.3506132662296295,-0.016136303544044495,0.661312460899353,0.5022904276847839,-0.005892579443752766,0.6566089391708374,0.42041367292404175,-0.010362830013036728,0.6559256911277771,0.3727476894855499,-0.015436800196766853,0.6543446779251099,0.33182182908058167,-0.018911786377429962,0.6801549196243286,0.507721483707428,-0.010727593675255775,0.6783492565155029,0.43441417813301086,-0.020192433148622513,0.6738901734352112,0.3900797963142395,-0.029229355975985527,0.6685250401496887,0.34981977939605713,-0.035167645663022995,0.7012948989868164,0.5275821685791016,-0.01662476547062397,0.7001621723175049,0.4755958318710327,-0.026041027158498764,0.6942449808120728,0.49344852566719055,-0.026812823489308357,0.6893470287322998,0.5215814709663391,-0.026909850537776947,Water
0.7353551983833313,0.777755081653595,2.2920903575140983e-07,0.7192009687423706,0.7383319139480591,-0.011842037551105022,0.7131860852241516,0.6656495332717896,-0.01231942605227232,0.7369341850280762,0.6199220418930054,-0.012084300629794598,0.7616965770721436,0.6015141606330872,-0.012113512493669987,0.702656090259552,0.6006028652191162,0.00099040602799505,0.7063708305358887,0.5262483358383179,-0.003160208696499467,0.7119305729866028,0.4805851876735687,-0.008655926212668419,0.7155721187591553,0.4416154623031616,-0.013593173585832119,0.7201324105262756,0.5954317450523376,-0.0011429678415879607,0.7225893139839172,0.5159708857536316,-0.0037962680216878653,0.7256783246994019,0.4671323001384735,-0.009618151932954788,0.7269395589828491,0.42429155111312866,-0.014103847555816174,0.7375709414482117,0.6039499044418335,-0.005845184903591871,0.7420333623886108,0.5308495759963989,-0.014636912383139133,0.7415566444396973,0.4864247441291809,-0.024977922439575195,0.7395091652870178,0.4444108009338379,-0.03232155367732048,0.7567545175552368,0.625438392162323,-0.011772993952035904,0.7611059546470642,0.5809308886528015,-0.02291480265557766,0.7582551836967468,0.602531909942627,-0.02524813637137413,0.7566048502922058,0.6279634833335876,-0.026408810168504715,Water
0.7470595240592957,0.984052836894989,2.0356613106287114e-07,0.7262545228004456,0.9476926922798157,-0.01694309711456299,0.7208882570266724,0.8778315186500549,-0.02014511078596115,0.7466873526573181,0.8287461400032043,-0.021637363359332085,0.7713826894760132,0.8016888499259949,-0.022966042160987854,0.7151771783828735,0.7927663326263428,-0.0031695629004389048,0.7183598279953003,0.7147233486175537,-0.00772316288203001,0.7231888175010681,0.6700321435928345,-0.014094156213104725,0.7261847853660583,0.6307685971260071,-0.020088190212845802,0.7353242635726929,0.7858763933181763,-0.003474696772173047,0.7384189367294312,0.7040033936500549,-0.006173261441290379,0.7420024871826172,0.6568149924278259,-0.01310300175100565,0.7431696653366089,0.6143584251403809,-0.019086306914687157,0.7540518045425415,0.7947397232055664,-0.006697592791169882,0.7587053179740906,0.7211006879806519,-0.0150862792506814,0.7594889402389526,0.6768861413002014,-0.025954898446798325,0.758506715297699,0.6343525648117065,-0.034486543387174606,0.7735148668289185,0.8179128766059875,-0.011677241884171963,0.7789199352264404,0.7678088545799255,-0.02257283590734005,0.7749525904655457,0.7856009602546692,-0.025415033102035522,0.7709671854972839,0.808612585067749,-0.027441417798399925,Water
0.6043989658355713,1.0097788572311401,1.4024597305706266e-07,0.577304482460022,0.9771201610565186,-0.008854792453348637,0.5603507161140442,0.9120246171951294,-0.010423931293189526,0.5721649527549744,0.8591911792755127,-0.012444938533008099,0.5950209498405457,0.8324235081672668,-0.015080451965332031,0.5621492266654968,0.8192550539970398,0.004488047212362289,0.5573651194572449,0.7553125023841858,0.00019482127390801907,0.5561466813087463,0.7149029970169067,-0.0064308675937354565,0.5539747476577759,0.678504228591919,-0.0128560122102499,0.5817722678184509,0.8125998973846436,-0.001219546771608293,0.5763729214668274,0.736290693283081,-0.004684071056544781,0.5726634860038757,0.6894674301147461,-0.011988304555416107,0.5680568814277649,0.6489720940589905,-0.017966989427804947,0.6020328998565674,0.8220383524894714,-0.00932268239557743,0.600968062877655,0.7499682903289795,-0.01979265734553337,0.5937598943710327,0.7039023637771606,-0.030909795314073563,0.5861714482307434,0.6628546118736267,-0.03918357565999031,0.6242849230766296,0.8457017540931702,-0.018314823508262634,0.621512770652771,0.801508367061615,-0.031200332567095757,0.6128085255622864,0.8231508135795593,-0.03401971235871315,0.6052860021591187,0.8512250185012817,-0.03575325012207031,Water
0.4648817479610443,1.1034986972808838,2.0868714045718662e-07,0.4346047341823578,1.0705312490463257,-0.0097579350695014,0.41703346371650696,1.0085906982421875,-0.012509986758232117,0.42998334765434265,0.9542484283447266,-0.015618422068655491,0.44712063670158386,0.9128076434135437,-0.01943063735961914,0.41989725828170776,0.8933125734329224,0.001559214317239821,0.40788203477859497,0.8099737167358398,-0.00492063956335187,0.40268123149871826,0.7596846222877502,-0.012164111249148846,0.39857596158981323,0.7120984792709351,-0.018696196377277374,0.4393386244773865,0.8900856971740723,-0.0051246266812086105,0.4275239408016205,0.7978569269180298,-0.01416868343949318,0.41908302903175354,0.7413564920425415,-0.024534106254577637,0.41262421011924744,0.6886479258537292,-0.031263567507267,0.45972901582717896,0.9027163982391357,-0.01409329567104578,0.45205026865005493,0.8130992650985718,-0.031313881278038025,0.44016504287719727,0.7644311785697937,-0.04350254312157631,0.4309038817882538,0.7175034880638123,-0.050200700759887695,0.48350220918655396,0.9332091808319092,-0.023523615673184395,0.4739004969596863,0.8661903738975525,-0.0396694615483284,0.46648862957954407,0.8963485360145569,-0.04006318375468254,0.4651643633842468,0.9346446990966797,-0.0387093722820282,Water
0.4139665365219116,0.8219444751739502,2.2050053871680575e-07,0.3790263831615448,0.7798762321472168,-0.01009519211947918,0.36529749631881714,0.7021282315254211,-0.01128746010363102,0.3804367184638977,0.6449094414710999,-0.01287020556628704,0.40348803997039795,0.6108705401420593,-0.014768809080123901,0.37640827894210815,0.6097684502601624,0.0035686809569597244,0.370703786611557,0.5256674885749817,-0.0006245819386094809,0.3696824908256531,0.47512146830558777,-0.005994100123643875,0.3692985475063324,0.42979684472084045,-0.011201122775673866,0.39653199911117554,0.6065354943275452,-0.001232700771652162,0.39110326766967773,0.5150208473205566,-0.006887613330036402,0.38666436076164246,0.45859888195991516,-0.014446026645600796,0.38262537121772766,0.40955063700675964,-0.019998524338006973,0.4165886640548706,0.6170603632926941,-0.008613131940364838,0.41591349244117737,0.5325698852539062,-0.021381555125117302,0.4084145724773407,0.4817284643650055,-0.032926902174949646,0.4019867479801178,0.4377973973751068,-0.04062598943710327,0.4376221001148224,0.6399367451667786,-0.016910575330257416,0.4358576536178589,0.5795463919639587,-0.029397275298833847,0.42627790570259094,0.6044946908950806,-0.03100302442908287,0.4189625680446625,0.6395807862281799,-0.03183522820472717,Water
0.326943963766098,0.7093308568000793,1.1341752781390824e-07,0.2878391742706299,0.6669167876243591,-0.0039895582012832165,0.27798211574554443,0.6025691628456116,-0.0021931887604296207,0.286872535943985,0.5454079508781433,-0.0029791388660669327,0.3013213574886322,0.5022686123847961,-0.003918059170246124,0.2997250556945801,0.5200733542442322,0.01739112101495266,0.29377907514572144,0.4495820701122284,0.01624770648777485,0.2868088483810425,0.40200892090797424,0.011993725784122944,0.2813488841056824,0.3604241609573364,0.007244204171001911,0.31470412015914917,0.5135563015937805,0.009999934583902359,0.31034886837005615,0.4291798174381256,0.005372091196477413,0.29990947246551514,0.37633538246154785,-0.001867186278104782,0.29163503646850586,0.3321601152420044,-0.007009449880570173,0.3295050263404846,0.519540011882782,-9.449358185520396e-05,0.32949385046958923,0.43254247307777405,-0.01110996026545763,0.31535282731056213,0.38469117879867554,-0.02101835608482361,0.3042147159576416,0.3483901619911194,-0.027007851749658585,0.34390658140182495,0.5378523468971252,-0.010939602740108967,0.34066110849380493,0.4681244194507599,-0.020167188718914986,0.32758471369743347,0.4809412956237793,-0.020637979730963707,0.3189423680305481,0.512729823589325,-0.0206008143723011,Water
0.41965001821517944,0.6789374947547913,1.370201943018401e-07,0.3918555974960327,0.6304057836532593,-0.007319814525544643,0.3821433484554291,0.5584009885787964,-0.00883566215634346,0.3988691568374634,0.5063403844833374,-0.01162145845592022,0.4231465458869934,0.47412341833114624,-0.014568026177585125,0.39549076557159424,0.4691646695137024,0.007425238378345966,0.39175233244895935,0.3944067656993866,0.002931257477030158,0.3923075795173645,0.3510127365589142,-0.003208443056792021,0.39542457461357117,0.3130064010620117,-0.008966072462499142,0.41575852036476135,0.46769776940345764,0.0011201995657756925,0.41285738348960876,0.3811191916465759,-0.004131742753088474,0.41090789437294006,0.3296728730201721,-0.012323706410825253,0.41017666459083557,0.2857397496700287,-0.01867993175983429,0.4357793927192688,0.4819011092185974,-0.00781963299959898,0.4419761896133423,0.3993014395236969,-0.01979353092610836,0.4360988140106201,0.3481740951538086,-0.031745828688144684,0.43098512291908264,0.3053377568721771,-0.03999824449419975,0.4562830328941345,0.5093973278999329,-0.017452452331781387,0.45883429050445557,0.4486674964427948,-0.029154708608984947,0.4476691782474518,0.4617236852645874,-0.03154667466878891,0.4370945990085602,0.4874061048030853,-0.0332123301923275,Water
0.5385215282440186,0.6983530521392822,1.7103521088301932e-07,0.5083237886428833,0.6569288969039917,-0.012020324356853962,0.49712830781936646,0.5694881081581116,-0.012042532674968243,0.5215409398078918,0.5098936557769775,-0.012050229124724865,0.5503814220428467,0.4811600148677826,-0.012231926433742046,0.5077666640281677,0.47790446877479553,0.0023730737157166004,0.5074964165687561,0.3950578272342682,-0.0014074606588110328,0.5104773640632629,0.3457813262939453,-0.00663449103012681,0.513968825340271,0.30018386244773865,-0.012187568470835686,0.5315458178520203,0.47696375846862793,-0.0016557673225179315,0.5309044122695923,0.38594070076942444,-0.005689498968422413,0.5312173366546631,0.33208969235420227,-0.012124302797019482,0.5333248376846313,0.2809939682483673,-0.017459599301218987,0.5540947914123535,0.4915556013584137,-0.008670381270349026,0.5561175346374512,0.40938594937324524,-0.020383629947900772,0.5509658455848694,0.35963043570518494,-0.03155432268977165,0.5485261082649231,0.31215474009513855,-0.03945386782288551,0.5779146552085876,0.5185292959213257,-0.017075926065444946,0.5816128849983215,0.45660528540611267,-0.029638785868883133,0.5703493356704712,0.47804200649261475,-0.031825821846723557,0.5617050528526306,0.5098966360092163,-0.0334293507039547,Water
0.6929972171783447,0.7125277519226074,1.6334425367858785e-07,0.6668248772621155,0.6575668454170227,-0.012637163512408733,0.6636905670166016,0.5630486011505127,-0.011040965095162392,0.6940625905990601,0.5149304866790771,-0.009093811735510826,0.7244254350662231,0.5012151598930359,-0.007775185164064169,0.6681286096572876,0.490540474653244,0.0045179929584264755,0.6713670492172241,0.41191115975379944,0.0005148749332875013,0.6773922443389893,0.36374837160110474,-0.005616408307105303,0.6824544072151184,0.3204621374607086,-0.011312218382954597,0.6902767419815063,0.49077048897743225,0.0010131936287507415,0.692551851272583,0.40504780411720276,-0.0011105326702818274,0.6950997710227966,0.3550778329372406,-0.007829507812857628,0.6985583305358887,0.31039488315582275,-0.013152948580682278,0.7117303609848022,0.5053919553756714,-0.005834933836013079,0.7182542681694031,0.4294818639755249,-0.016467129811644554,0.7141368985176086,0.37864136695861816,-0.030145365744829178,0.7119470238685608,0.33193764090538025,-0.0398324616253376,0.7334939241409302,0.5330970287322998,-0.014168915338814259,0.7358909845352173,0.48175323009490967,-0.027642594650387764,0.7250280976295471,0.508056104183197,-0.031396787613630295,0.7167223691940308,0.5412003993988037,-0.03367837518453598,Water
0.2928681969642639,0.7026240825653076,2.0029796132803313e-07,0.32515737414360046,0.670362651348114,-0.01790197566151619,0.34079429507255554,0.6005420088768005,-0.01922953873872757,0.3177146911621094,0.5391343832015991,-0.017922233790159225,0.29452675580978394,0.5082871317863464,-0.01611856371164322,0.3578033745288849,0.5103653073310852,0.0008184032631106675,0.3668428957462311,0.4280138611793518,-0.0029830632265657187,0.3683275878429413,0.3796204924583435,-0.008816603571176529,0.3664052188396454,0.3355189859867096,-0.014127104543149471,0.33560362458229065,0.4950149655342102,0.0016000859905034304,0.3472091257572174,0.40862607955932617,-0.0010279122507199645,0.35006195306777954,0.35649585723876953,-0.008074556477367878,0.3516278564929962,0.3084006607532501,-0.013046124950051308,0.31194061040878296,0.4986000061035156,-0.0006998173194006085,0.32282376289367676,0.4222118854522705,-0.011677970178425312,0.33018699288368225,0.37605470418930054,-0.023548724129796028,0.33485737442970276,0.32984817028045654,-0.031083913519978523,0.28745272755622864,0.517737627029419,-0.004421558231115341,0.29368212819099426,0.47796452045440674,-0.019219348207116127,0.2965940237045288,0.5069991946220398,-0.021925363689661026,0.29630494117736816,0.5372044444084167,-0.021818578243255615,Water
0.2704700231552124,0.6982618570327759,1.822969295517396e-07,0.2993110120296478,0.6642009615898132,-0.01692231371998787,0.314376562833786,0.5940132141113281,-0.01725924015045166,0.29023194313049316,0.53574138879776,-0.014963832683861256,0.26621013879776,0.5095757246017456,-0.012221661396324635,0.3302435576915741,0.5181658267974854,0.002464295132085681,0.33882176876068115,0.43915078043937683,-0.00016678872634656727,0.3404023349285126,0.39246779680252075,-0.004814582876861095,0.3396362066268921,0.3501124083995819,-0.00926177203655243,0.3087823987007141,0.5063638091087341,0.0032330795656889677,0.31995856761932373,0.42572441697120667,0.002711979206651449,0.3229562044143677,0.3772828280925751,-0.0026976275257766247,0.32544007897377014,0.3322586715221405,-0.0067423670552670956,0.2865581810474396,0.51042240858078,0.0008993211667984724,0.2967512607574463,0.43776628375053406,-0.008730822242796421,0.3035794794559479,0.3940575122833252,-0.020069999620318413,0.30824577808380127,0.348160982131958,-0.02741772122681141,0.2647682726383209,0.5286439657211304,-0.0028109520208090544,0.2686084806919098,0.49312692880630493,-0.017612945288419724,0.27032190561294556,0.5236476063728333,-0.02060108073055744,0.2688066065311432,0.5535860061645508,-0.02063913643360138,Water
0.21155397593975067,0.7073164582252502,2.5156194283226796e-07,0.23588305711746216,0.6728976368904114,-0.022497164085507393,0.24318988621234894,0.607927143573761,-0.02767065353691578,0.2184552401304245,0.558476984500885,-0.029786525294184685,0.19653083384037018,0.5345768332481384,-0.03126809746026993,0.2647041380405426,0.5270035266876221,-0.007391238119453192,0.27383241057395935,0.4504794776439667,-0.013095972128212452,0.2763228714466095,0.403911292552948,-0.020165368914604187,0.2765056788921356,0.36366885900497437,-0.026314223185181618,0.24513597786426544,0.5164059996604919,-0.003568034851923585,0.2550005316734314,0.4379701018333435,-0.006962412968277931,0.2588993012905121,0.38895201683044434,-0.015003472566604614,0.2628782093524933,0.3463992476463318,-0.021145476028323174,0.2254311889410019,0.523389458656311,-0.0028964204248040915,0.23309768736362457,0.44969457387924194,-0.011093969456851482,0.23917122185230255,0.40778011083602905,-0.023739134892821312,0.2448028028011322,0.3708459734916687,-0.03247205913066864,0.2070942372083664,0.5430099964141846,-0.0041944002732634544,0.20459933578968048,0.5078519582748413,-0.017038831487298012,0.2048267126083374,0.5170042514801025,-0.02345316670835018,0.20492151379585266,0.530958354473114,-0.026514505967497826,Water
0.31753215193748474,0.6802291870117188,2.2744282546227623e-07,0.34958669543266296,0.6492173671722412,-0.012283374555408955,0.36968231201171875,0.5847079157829285,-0.013642850331962109,0.35175421833992004,0.5339696407318115,-0.01358936820179224,0.3296920955181122,0.5098862648010254,-0.014503865502774715,0.37315547466278076,0.49912476539611816,-0.0023031902965158224,0.3806893527507782,0.4251592457294464,-0.006113419309258461,0.383726567029953,0.37892642617225647,-0.011105886660516262,0.3837490677833557,0.33691662549972534,-0.01548243872821331,0.35188689827919006,0.48940029740333557,-0.004951711744070053,0.3612094223499298,0.4069399833679199,-0.006604522466659546,0.3647545874118805,0.3570007383823395,-0.0125937694683671,0.3675926923751831,0.3117808699607849,-0.017016105353832245,0.3291824758052826,0.49778708815574646,-0.009438096545636654,0.3380747139453888,0.42067858576774597,-0.01990072801709175,0.3448764681816101,0.3745987117290497,-0.03182494267821312,0.3498208522796631,0.3289409875869751,-0.039947401732206345,0.3050060570240021,0.5206987261772156,-0.014561647549271584,0.31589004397392273,0.4857727885246277,-0.029735935851931572,0.32252606749534607,0.5192649960517883,-0.03246857598423958,0.32521292567253113,0.5526295900344849,-0.03262203559279442,Water
0.4492442011833191,0.6827162504196167,2.2902951002379268e-07,0.481876015663147,0.6513786911964417,-0.014399180188775063,0.503554105758667,0.5819032788276672,-0.017139535397291183,0.49134328961372375,0.5259548425674438,-0.018125614151358604,0.47159627079963684,0.4907785654067993,-0.019904332235455513,0.4942935109138489,0.4794573187828064,-0.006182153709232807,0.5009495615959167,0.3999442160129547,-0.010474156588315964,0.5031895637512207,0.3509562909603119,-0.015242150984704494,0.502241313457489,0.30679625272750854,-0.019246576353907585,0.4737648367881775,0.47302523255348206,-0.008071688935160637,0.4807926118373871,0.38148999214172363,-0.01019554864615202,0.48364022374153137,0.3274767994880676,-0.016271326690912247,0.4847159683704376,0.27929502725601196,-0.020919213071465492,0.4520629346370697,0.4853067100048065,-0.011795139871537685,0.46045026183128357,0.4009796380996704,-0.023390747606754303,0.46817588806152344,0.34925973415374756,-0.036331258714199066,0.4720461070537567,0.3014051020145416,-0.04545033350586891,0.42880183458328247,0.5131483674049377,-0.016158966347575188,0.4470653831958771,0.4738597571849823,-0.0317317359149456,0.45791637897491455,0.5097421407699585,-0.03492952138185501,0.46168965101242065,0.5486981272697449,-0.03583197668194771,Water
0.5849220752716064,0.6595715284347534,2.4747262727942143e-07,0.6215773820877075,0.6183594465255737,-0.011158145032823086,0.6444661617279053,0.5459471940994263,-0.012271621264517307,0.6374134421348572,0.4845934510231018,-0.011917469091713428,0.6131126880645752,0.4497724771499634,-0.011444373056292534,0.6245965361595154,0.45553886890411377,-0.00026396854082122445,0.6270434856414795,0.37314507365226746,-0.003247808199375868,0.6263213753700256,0.32332584261894226,-0.006097934674471617,0.6230066418647766,0.27876266837120056,-0.008613643236458302,0.6052950620651245,0.4481232464313507,-0.003638398600742221,0.6115012764930725,0.35395878553390503,-0.008356116712093353,0.6142910718917847,0.29771628975868225,-0.01364196091890335,0.6144192218780518,0.24840770661830902,-0.0160994753241539,0.5853807330131531,0.4590786397457123,-0.00893707200884819,0.5917292237281799,0.37167686223983765,-0.023375364020466805,0.5968308448791504,0.3156887888908386,-0.03446710482239723,0.5980797410011292,0.2617834508419037,-0.04064122587442398,0.5661128163337708,0.48823362588882446,-0.014499852433800697,0.5906382203102112,0.43667617440223694,-0.028212256729602814,0.6027337312698364,0.46955153346061707,-0.027954336255788803,0.607970654964447,0.5087281465530396,-0.026126395910978317,Water
0.6191661953926086,0.6592059135437012,2.3825467110327736e-07,0.6580730676651001,0.6305327415466309,-0.013959822244942188,0.6856114864349365,0.5730710625648499,-0.015435311943292618,0.6808953881263733,0.513882577419281,-0.014489896595478058,0.6608496904373169,0.4809618890285492,-0.013288435526192188,0.6745010614395142,0.47065606713294983,-0.006469106767326593,0.6843066215515137,0.3889974057674408,-0.011610082350671291,0.6875878572463989,0.34086060523986816,-0.015599194914102554,0.6877721548080444,0.29752638936042786,-0.018562432378530502,0.6559637784957886,0.4585891366004944,-0.008064846508204937,0.6703358888626099,0.36996152997016907,-0.013911893591284752,0.6762714385986328,0.315888911485672,-0.019978107884526253,0.6796507239341736,0.26847952604293823,-0.023125071078538895,0.6354482769966125,0.46494409441947937,-0.011602076701819897,0.6476753950119019,0.38823366165161133,-0.02466561272740364,0.6561667919158936,0.3345012366771698,-0.036103371530771255,0.6613739728927612,0.2835144102573395,-0.04260779917240143,0.6129615902900696,0.49208489060401917,-0.01580088958144188,0.6323455572128296,0.4503944516181946,-0.02777031622827053,0.6460428833961487,0.4730391204357147,-0.02834578976035118,0.652365505695343,0.5033804774284363,-0.027107011526823044,Water
0.6184470653533936,0.6757442951202393,1.4379932622432534e-07,0.6598243713378906,0.6542885303497314,-0.01957901380956173,0.6904374361038208,0.6102418303489685,-0.0216266680508852,0.6870591640472412,0.5370378494262695,-0.020055139437317848,0.6693309545516968,0.497844934463501,-0.01682981289923191,0.7001628875732422,0.5058256387710571,-0.009940007701516151,0.7239598631858826,0.42046573758125305,-0.01778460294008255,0.7309764623641968,0.3713042140007019,-0.024400850757956505,0.7346516847610474,0.3263484239578247,-0.02934294193983078,0.6807520985603333,0.48196113109588623,-0.008761676959693432,0.7073769569396973,0.39877450466156006,-0.01612023077905178,0.7180154919624329,0.3427841365337372,-0.02382826618850231,0.7247394919395447,0.29363036155700684,-0.028844045475125313,0.6588847041130066,0.4795210659503937,-0.010521774180233479,0.6781531572341919,0.408774733543396,-0.019909076392650604,0.6906099915504456,0.35584115982055664,-0.03165382891893387,0.6997970938682556,0.30335599184036255,-0.039074793457984924,0.6307118535041809,0.5017633438110352,-0.013993410393595695,0.634352445602417,0.44220173358917236,-0.01992061547935009,0.6322576403617859,0.42082488536834717,-0.021830784156918526,0.6221909523010254,0.4099239110946655,-0.022914573550224304,Water
0.6650311350822449,0.6334690451622009,2.18414939467948e-07,0.7038282155990601,0.6420220732688904,-0.013399779796600342,0.7425428628921509,0.6133307218551636,-0.016039978712797165,0.7563328146934509,0.5521602034568787,-0.01690565049648285,0.7529816627502441,0.503753125667572,-0.017426438629627228,0.7520397305488586,0.5476906299591064,-0.004591251257807016,0.7832369208335876,0.49190279841423035,-0.009206324815750122,0.7978044748306274,0.45525723695755005,-0.012928123585879803,0.8067132830619812,0.42065349221229553,-0.01562616229057312,0.7409218549728394,0.5191203951835632,-0.004678882192820311,0.7759451866149902,0.45666590332984924,-0.007837023586034775,0.7939257621765137,0.4198281466960907,-0.0115464823320508,0.8074249625205994,0.38520580530166626,-0.01394151896238327,0.7244815230369568,0.5012881755828857,-0.006778506096452475,0.757765531539917,0.441791832447052,-0.016614563763141632,0.7779618501663208,0.4098237156867981,-0.024812443181872368,0.7920103073120117,0.37907761335372925,-0.030108802020549774,0.7021917104721069,0.49139243364334106,-0.009630299173295498,0.7286547422409058,0.469910204410553,-0.020983919501304626,0.7335339188575745,0.4932900071144104,-0.022752171382308006,0.7305330634117126,0.516147255897522,-0.02282276563346386,Water
0.5043807029724121,0.7856389284133911,2.548730435592006e-07,0.5363323092460632,0.7455193996429443,-0.014599359594285488,0.551953911781311,0.6672328114509583,-0.017183974385261536,0.5299288034439087,0.6131982207298279,-0.0179583877325058,0.5053977966308594,0.5862219333648682,-0.019331157207489014,0.5396745800971985,0.562681257724762,-0.006245479453355074,0.5388396978378296,0.4724152386188507,-0.011072370223701,0.5366450548171997,0.41848403215408325,-0.016166308894753456,0.5310514569282532,0.3724314868450165,-0.02041766606271267,0.5169883370399475,0.5589568614959717,-0.008064325898885727,0.5190114378929138,0.45992806553840637,-0.010930207557976246,0.5170709490776062,0.40163037180900574,-0.01758546009659767,0.5124489665031433,0.35297054052352905,-0.02267642132937908,0.49517732858657837,0.5744645595550537,-0.011854160577058792,0.4945369362831116,0.4865341782569885,-0.022221360355615616,0.49524033069610596,0.4276544451713562,-0.03476778417825699,0.4926645755767822,0.37743619084358215,-0.043981194496154785,0.472527414560318,0.6056287884712219,-0.01655556820333004,0.48263564705848694,0.5546003580093384,-0.0300599355250597,0.4971833825111389,0.5796197056770325,-0.032760247588157654,0.5064003467559814,0.6122736930847168,-0.03367689624428749,Water
0.40626055002212524,0.7449023127555847,2.433051520256413e-07,0.4362372159957886,0.7049941420555115,-0.018026893958449364,0.4454774856567383,0.6256869435310364,-0.0216037817299366,0.4126201570034027,0.5775631666183472,-0.022789128124713898,0.3832199275493622,0.5546772480010986,-0.02453220635652542,0.43761003017425537,0.5147054195404053,-0.00647109467536211,0.43067729473114014,0.4252821207046509,-0.012692034244537354,0.4249219000339508,0.3727630078792572,-0.01949208416044712,0.4169987440109253,0.32695281505584717,-0.0250774584710598,0.41206738352775574,0.5166335701942444,-0.007020158227533102,0.4073192775249481,0.42234891653060913,-0.011208424344658852,0.4012410342693329,0.3669099807739258,-0.018945982679724693,0.39520058035850525,0.3176109790802002,-0.02449622005224228,0.3892408013343811,0.5369163751602173,-0.010097586549818516,0.3876933753490448,0.45276114344596863,-0.022655833512544632,0.38625815510749817,0.3988698422908783,-0.035713281482458115,0.3830948770046234,0.34810808300971985,-0.04441191628575325,0.36836934089660645,0.572429358959198,-0.014373437501490116,0.3724404275417328,0.5299341678619385,-0.031093081459403038,0.3816862106323242,0.5596607327461243,-0.03454538434743881,0.38790813088417053,0.5913805365562439,-0.03495245799422264,Water
0.4655316174030304,0.9108831882476807,2.467754427470936e-07,0.4994814693927765,0.8848686218261719,-0.014383183792233467,0.5236955285072327,0.8298302888870239,-0.02056804858148098,0.5107460618019104,0.7839201092720032,-0.02542022056877613,0.49063920974731445,0.7557036280632019,-0.031427327543497086,0.5128426551818848,0.7084954380989075,-0.012403980828821659,0.518462598323822,0.6242799758911133,-0.020827915519475937,0.5201292634010315,0.5734837651252747,-0.02835189923644066,0.5181556344032288,0.5292509198188782,-0.03410821035504341,0.4921685457229614,0.7038999795913696,-0.01624193787574768,0.5001632571220398,0.6118342280387878,-0.022130848839879036,0.5008355379104614,0.557268500328064,-0.03064603917300701,0.4996495544910431,0.5087421536445618,-0.037008270621299744,0.47118914127349854,0.719163715839386,-0.021587882190942764,0.4802112281322479,0.637261688709259,-0.03318985551595688,0.4871516525745392,0.5841789841651917,-0.04542946815490723,0.49193018674850464,0.5349530577659607,-0.05459257587790489,0.4489316940307617,0.7528598308563232,-0.027758870273828506,0.4615541100502014,0.7185657024383545,-0.04208417981863022,0.47458934783935547,0.7436416745185852,-0.0447499044239521,0.4844174385070801,0.771977424621582,-0.04550700634717941,Water
0.39759987592697144,0.895840048789978,2.811420927173458e-07,0.4276866912841797,0.8584785461425781,-0.016886457800865173,0.44184422492980957,0.786850094795227,-0.021839316934347153,0.4141286313533783,0.7431612014770508,-0.024693002924323082,0.38792744278907776,0.717632532119751,-0.028189245611429214,0.43991410732269287,0.675627589225769,-0.010638924315571785,0.4397280514240265,0.5899072885513306,-0.01748546212911606,0.4370422661304474,0.5356069207191467,-0.023555917665362358,0.4308410882949829,0.4876159131526947,-0.02832813933491707,0.4149516820907593,0.6716762185096741,-0.01267339289188385,0.41622546315193176,0.5756276249885559,-0.01781097799539566,0.4139673709869385,0.5171104073524475,-0.024695217609405518,0.4104573726654053,0.4664615988731384,-0.02916652150452137,0.39179912209510803,0.6869866847991943,-0.016762450337409973,0.39418211579322815,0.6053717732429504,-0.02909504622220993,0.39569276571273804,0.5482128262519836,-0.04206198826432228,0.3948136568069458,0.49671077728271484,-0.05095334351062775,0.37027615308761597,0.7187907695770264,-0.022047456353902817,0.3830347955226898,0.6908863186836243,-0.03740980103611946,0.3899737596511841,0.7274943590164185,-0.04056185856461525,0.3926120102405548,0.7653186321258545,-0.04111132025718689,Water
0.35159820318222046,0.7316818833351135,2.1432119012843032e-07,0.3782045841217041,0.6871026754379272,-0.01663566753268242,0.3831823468208313,0.6132597923278809,-0.018045665696263313,0.35442134737968445,0.5630464553833008,-0.0172291100025177,0.32793593406677246,0.5368803143501282,-0.016114795580506325,0.38771575689315796,0.5175170302391052,-0.0006485786871053278,0.3863952159881592,0.43260177969932556,-0.005677901674062014,0.3833266794681549,0.3845319449901581,-0.012043208815157413,0.376451313495636,0.34267657995224,-0.017415082082152367,0.3636683523654938,0.5136712789535522,-0.0009779644897207618,0.36388954520225525,0.4228990375995636,-0.0039140405133366585,0.360780268907547,0.37064802646636963,-0.01086808368563652,0.35585397481918335,0.3237954378128052,-0.0158710777759552,0.3405170440673828,0.5308276414871216,-0.00427791615948081,0.33993101119995117,0.45423731207847595,-0.014971110038459301,0.3410903215408325,0.40404048562049866,-0.026785679161548615,0.3388654887676239,0.354753702878952,-0.034524787217378616,0.31938645243644714,0.563106894493103,-0.008858989924192429,0.32130587100982666,0.5232822299003601,-0.022888077422976494,0.3285768926143646,0.5443357229232788,-0.02553023211658001,0.33147314190864563,0.568206250667572,-0.025691203773021698,Water
0.34979525208473206,0.69797283411026,2.0060730321347364e-07,0.3771664500236511,0.6530603766441345,-0.017299123108386993,0.38324111700057983,0.5777228474617004,-0.020547281950712204,0.35335293412208557,0.5277332067489624,-0.02212378941476345,0.32546189427375793,0.5015798807144165,-0.023390425369143486,0.3910228908061981,0.48179149627685547,-0.001491919974796474,0.38998842239379883,0.3961675763130188,-0.007492039352655411,0.3862970471382141,0.3446063995361328,-0.015254557132720947,0.3795374929904938,0.3006190061569214,-0.021820111200213432,0.36540237069129944,0.47581565380096436,-0.0018617663299664855,0.36530807614326477,0.38580983877182007,-0.00528037128970027,0.3615114390850067,0.3306954503059387,-0.013552051037549973,0.3567872643470764,0.282500296831131,-0.01975587196648121,0.3411045968532562,0.48961594700813293,-0.005094960331916809,0.34295716881752014,0.4096514880657196,-0.014563863165676594,0.34440040588378906,0.3605203926563263,-0.02624600939452648,0.3420599699020386,0.3154691457748413,-0.03444793447852135,0.3183850049972534,0.5172613263130188,-0.009932390414178371,0.3210369348526001,0.4820229411125183,-0.023498278111219406,0.32737234234809875,0.4991515874862671,-0.027107197791337967,0.32972803711891174,0.5202317833900452,-0.02799244225025177,Water
0.5340069532394409,0.7016445994377136,1.9136210482884053e-07,0.5793070197105408,0.6614876389503479,-0.01706675812602043,0.6060239672660828,0.6108246445655823,-0.016115788370370865,0.5968494415283203,0.537672221660614,-0.011225685477256775,0.573966383934021,0.5017365217208862,-0.00399854127317667,0.6041181683540344,0.496443510055542,-0.0010380987077951431,0.6166526675224304,0.4000147879123688,-0.004979676567018032,0.6177583336830139,0.35059303045272827,-0.008800778537988663,0.6164695620536804,0.3038395047187805,-0.011711553670465946,0.5828412771224976,0.4793184995651245,-0.00031602231319993734,0.5984053611755371,0.37988176941871643,-0.007658406626433134,0.6011185646057129,0.32428911328315735,-0.013062012381851673,0.6020364761352539,0.2736170291900635,-0.01483837328851223,0.5604216456413269,0.48494482040405273,-0.0023443149402737617,0.5708417892456055,0.4032154083251953,-0.012248406186699867,0.5767530798912048,0.35263222455978394,-0.015858305618166924,0.5830563902854919,0.2982167601585388,-0.015611870214343071,0.5352131128311157,0.5212100744247437,-0.006099887192249298,0.5466663241386414,0.4481221139431,-0.007890336215496063,0.5559563040733337,0.45906341075897217,0.002052369760349393,0.5580006837844849,0.4862244427204132,0.010745695792138577,Water
0.4927738904953003,0.7494465708732605,2.5349004317831714e-07,0.5341611504554749,0.7150295972824097,-0.01973658613860607,0.557012140750885,0.6516519784927368,-0.02688249759376049,0.5404594540596008,0.5945650339126587,-0.03231615945696831,0.5223923921585083,0.555144190788269,-0.03741264343261719,0.5479863286018372,0.5343164801597595,-0.009513527154922485,0.552740752696991,0.45113131403923035,-0.01890609599649906,0.5533367991447449,0.40294164419174194,-0.02766585536301136,0.5527397394180298,0.3624493479728699,-0.034149739891290665,0.5247498154640198,0.5249343514442444,-0.009724532254040241,0.5292026996612549,0.4274674952030182,-0.015399627387523651,0.5297079682350159,0.3727978765964508,-0.02359088324010372,0.5290730595588684,0.32953593134880066,-0.029929276555776596,0.5025155544281006,0.5374690890312195,-0.01281675323843956,0.5060104727745056,0.4578891396522522,-0.022240912541747093,0.5120040774345398,0.4098563492298126,-0.032436445355415344,0.5153404474258423,0.3691768944263458,-0.040205299854278564,0.47939223051071167,0.568402111530304,-0.017855482175946236,0.49142366647720337,0.5322214365005493,-0.028738467022776604,0.5038180351257324,0.5379171371459961,-0.032429151237010956,0.5105221271514893,0.5484781265258789,-0.03452581539750099,Water
0.3602837920188904,0.6900992393493652,1.7981692224111612e-07,0.38847750425338745,0.6485074162483215,-0.017302725464105606,0.3993167579174042,0.571211576461792,-0.019167205318808556,0.3717329800128937,0.5194738507270813,-0.01890547201037407,0.3444962799549103,0.49177029728889465,-0.018374284729361534,0.4056839048862457,0.47191524505615234,0.0007729309145361185,0.4020392894744873,0.3880429267883301,-0.004591304808855057,0.3959713578224182,0.33972951769828796,-0.011891672387719154,0.38740524649620056,0.2963205873966217,-0.01787441410124302,0.380198210477829,0.46582701802253723,0.0008461021934635937,0.37923383712768555,0.3780314326286316,-0.0018078002613037825,0.37467122077941895,0.3252744674682617,-0.00907550472766161,0.36952289938926697,0.2768687307834625,-0.014473137445747852,0.35604968667030334,0.47872698307037354,-0.0022654852364212275,0.3562403917312622,0.40016964077949524,-0.012617353349924088,0.35700103640556335,0.354459673166275,-0.023579051718115807,0.3551590144634247,0.30916547775268555,-0.030637331306934357,0.3333563804626465,0.505157470703125,-0.006912111304700375,0.3371819257736206,0.46128883957862854,-0.021037207916378975,0.34281331300735474,0.48688989877700806,-0.0233054980635643,0.3443586528301239,0.5133426189422607,-0.022941526025533676,Water
0.7163347005844116,0.6163294315338135,1.6376152700559032e-07,0.6820346117019653,0.5723575353622437,-0.01201249472796917,0.6716435551643372,0.4875391721725464,-0.011019183322787285,0.7015687227249146,0.42999911308288574,-0.009553286246955395,0.7321080565452576,0.40865540504455566,-0.008642959408462048,0.6726732850074768,0.43393418192863464,0.001151756732724607,0.6610106229782104,0.3537236154079437,-0.0004925195244140923,0.6562288999557495,0.30601173639297485,-0.0042625353671610355,0.6520732641220093,0.2635073959827423,-0.008826015517115593,0.6976369619369507,0.42505764961242676,-0.00022091114078648388,0.6851378679275513,0.34607264399528503,-0.0016940261702984571,0.6756744980812073,0.2946450114250183,-0.009019465185701847,0.6685501337051392,0.2505022883415222,-0.015375064685940742,0.7224444150924683,0.4312994182109833,-0.0039990744553506374,0.720299243927002,0.35985347628593445,-0.012753383256494999,0.7107671499252319,0.3070373833179474,-0.02706770785152912,0.7028810381889343,0.2630774974822998,-0.03756297007203102,0.747920572757721,0.4457537531852722,-0.008805173449218273,0.7493106126785278,0.3913410007953644,-0.020616043359041214,0.7406865358352661,0.39998021721839905,-0.026389669626951218,0.7328419089317322,0.4204294979572296,-0.030455928295850754,Water
0.6786513328552246,0.9549818634986877,7.295160031617343e-08,0.6481683254241943,0.9160094261169434,-0.01208238024264574,0.6352840662002563,0.8386210799217224,-0.013974207453429699,0.6574737429618835,0.7854695916175842,-0.015920918434858322,0.6856629252433777,0.7641628980636597,-0.018007269129157066,0.6476007699966431,0.7540484070777893,0.00012991533731110394,0.642568051815033,0.676974892616272,-0.003988858312368393,0.6388530135154724,0.6321533918380737,-0.009811491705477238,0.6349016427993774,0.5927804112434387,-0.015871398150920868,0.6683368682861328,0.7506003975868225,-0.0036664395593106747,0.6600762009620667,0.6689963340759277,-0.007620791904628277,0.6534462571144104,0.6235494017601013,-0.013990707695484161,0.648253858089447,0.5854439735412598,-0.01954837515950203,0.6897387504577637,0.7616317272186279,-0.010153061710298061,0.6904341578483582,0.6832862496376038,-0.020592570304870605,0.6835014820098877,0.6377819776535034,-0.03050336241722107,0.6786662936210632,0.600240170955658,-0.03783751651644707,0.7135707139968872,0.785751461982727,-0.01799563132226467,0.716373085975647,0.7246207594871521,-0.028866833075881004,0.704889714717865,0.7421936988830566,-0.030154019594192505,0.6955185532569885,0.77530437707901,-0.031222915276885033,Water
0.7113195657730103,0.48180267214775085,-3.1034898029247415e-07,0.6721054911613464,0.4961845874786377,-0.010976061224937439,0.6278590559959412,0.4708862900733948,-0.01390311773866415,0.5971586108207703,0.4449561834335327,-0.018138397485017776,0.5724871754646301,0.44417500495910645,-0.020112138241529465,0.6305671334266663,0.3982706665992737,0.007285417057573795,0.6114539504051208,0.3720741868019104,-0.0102261733263731,0.6301240921020508,0.40551167726516724,-0.020796295255422592,0.6434972286224365,0.4228890836238861,-0.025306807830929756,0.6466575860977173,0.3712960481643677,0.004798554815351963,0.6261205673217773,0.34152957797050476,-0.013296063058078289,0.6452727913856506,0.3877373933792114,-0.018855877220630646,0.6551806926727295,0.4008208215236664,-0.017566142603754997,0.6669890284538269,0.3526970446109772,-0.0015903671737760305,0.6489684581756592,0.32227256894111633,-0.02020827867090702,0.664535641670227,0.3693664073944092,-0.015410133637487888,0.672630786895752,0.3833758533000946,-0.006686151959002018,0.6906030774116516,0.3396458029747009,-0.00919568445533514,0.6762424111366272,0.31529584527015686,-0.01900695450603962,0.6829254627227783,0.35335347056388855,-0.012691538780927658,0.6879433989524841,0.3697367310523987,-0.004955854266881943,Drink
0.6875068545341492,0.34051835536956787,-2.7538303015717247e-07,0.6510420441627502,0.37338483333587646,-0.008664954453706741,0.6137925982475281,0.3838076591491699,-0.014460963197052479,0.5857446789741516,0.38258758187294006,-0.022210311144590378,0.5647092461585999,0.3924243748188019,-0.02868293970823288,0.6056779026985168,0.2990933954715729,0.003172684460878372,0.5810643434524536,0.27896344661712646,-0.013325965031981468,0.5980169773101807,0.2986604571342468,-0.025994889438152313,0.615992546081543,0.3159153163433075,-0.03206038847565651,0.6192665100097656,0.26781409978866577,-0.00029844054370187223,0.5942970514297485,0.24235977232456207,-0.016884325072169304,0.6134887337684631,0.2741069197654724,-0.024923106655478477,0.6297267079353333,0.29540112614631653,-0.02635491080582142,0.6366848945617676,0.2411072999238968,-0.006666345521807671,0.6117121577262878,0.21383829414844513,-0.02201412245631218,0.6287223100662231,0.24803510308265686,-0.020358769223093987,0.6438823938369751,0.2703094184398651,-0.01484088134020567,0.6585161089897156,0.21753397583961487,-0.014028891921043396,0.6371460556983948,0.1952281892299652,-0.02315942570567131,0.645413339138031,0.225023552775383,-0.018687577918171883,0.6559555530548096,0.2486288696527481,-0.012572885490953922,Drink
0.7192012667655945,0.6312533020973206,-3.912859938282054e-07,0.6795757412910461,0.6308660507202148,-0.007126440294086933,0.6379672884941101,0.5871230959892273,-0.007995828054845333,0.6124129295349121,0.5528321266174316,-0.011033494025468826,0.5883575081825256,0.5402233600616455,-0.011548178270459175,0.64390629529953,0.503594160079956,0.010755503550171852,0.6201245188713074,0.4885146915912628,-0.007556076627224684,0.6381008625030518,0.5328432321548462,-0.01821000501513481,0.6537263989448547,0.5491958856582642,-0.022525567561388016,0.6630687713623047,0.48289597034454346,0.0066545382142066956,0.6374654769897461,0.46445173025131226,-0.011851642280817032,0.6558367609977722,0.5224614143371582,-0.014815816655755043,0.6713912487030029,0.5326226949691772,-0.011455205269157887,0.6861313581466675,0.47081559896469116,-0.0015067331260070205,0.6612115502357483,0.4488081932067871,-0.020220261067152023,0.6759523153305054,0.5101031064987183,-0.011884698644280434,0.6902559995651245,0.5218252539634705,-0.0007529126014560461,0.7126176357269287,0.4647621512413025,-0.010876668617129326,0.6930795311927795,0.4477584660053253,-0.021043695509433746,0.6963416934013367,0.4944721758365631,-0.013354752212762833,0.7051716446876526,0.5089192390441895,-0.004376367200165987,Drink
0.29884135723114014,0.39354610443115234,-1.692922495521998e-07,0.34483540058135986,0.41633766889572144,-0.010165520012378693,0.3886927664279938,0.4244963228702545,-0.015963638201355934,0.4274176359176636,0.4213513433933258,-0.02230800688266754,0.45152702927589417,0.435490220785141,-0.025290057063102722,0.3938249349594116,0.3321799635887146,-0.002089106012135744,0.4148317873477936,0.3050912916660309,-0.018048377707600594,0.39051225781440735,0.34001705050468445,-0.024696987122297287,0.3778653144836426,0.3560982346534729,-0.026839885860681534,0.376802533864975,0.29857856035232544,-0.003444549860432744,0.396714448928833,0.2723023295402527,-0.02445356734097004,0.37134507298469543,0.32010018825531006,-0.029722241684794426,0.3630611002445221,0.33354249596595764,-0.02922629937529564,0.3562956750392914,0.27560991048812866,-0.006643455941230059,0.37553298473358154,0.24727274477481842,-0.025887226685881615,0.35490936040878296,0.297268807888031,-0.017444614320993423,0.34586915373802185,0.31395331025123596,-0.006898833904415369,0.33216628432273865,0.25658008456230164,-0.01056438684463501,0.3473648428916931,0.2297540009021759,-0.020269345492124557,0.33858799934387207,0.2722586989402771,-0.011091671884059906,0.33301812410354614,0.28925207257270813,-0.0011581669095903635,Drink
0.28706878423690796,0.5388023853302002,-2.209418141774222e-07,0.3288000226020813,0.5533210039138794,-0.010588548146188259,0.37625178694725037,0.5187757611274719,-0.013262145221233368,0.4093644618988037,0.488677442073822,-0.015364423394203186,0.43493345379829407,0.49379977583885193,-0.014036894775927067,0.3696994483470917,0.4396911859512329,-0.005178396124392748,0.39125531911849976,0.4097801744937897,-0.01763860322535038,0.3695717453956604,0.4547743499279022,-0.019679199904203415,0.3611963391304016,0.4648096263408661,-0.019986530765891075,0.3487415015697479,0.4140031039714813,-0.00625683693215251,0.37211874127388,0.38090360164642334,-0.020571427419781685,0.34995386004447937,0.43906959891319275,-0.01871362328529358,0.3414452075958252,0.44383808970451355,-0.014048581942915916,0.32434961199760437,0.3957093358039856,-0.009708927012979984,0.34495779871940613,0.3637942671775818,-0.0260057020932436,0.3292714059352875,0.42557492852211,-0.015932181850075722,0.32139071822166443,0.43431442975997925,-0.0053101652301847935,0.297652930021286,0.3809814751148224,-0.013752772472798824,0.3133139908313751,0.3559974431991577,-0.022757969796657562,0.30899104475975037,0.40403491258621216,-0.013681515119969845,0.30401885509490967,0.4187266528606415,-0.004742494784295559,Drink
0.3139045536518097,0.7164669632911682,-2.3811183780253486e-07,0.3569289445877075,0.7002715468406677,-0.00614008866250515,0.3929503262042999,0.6286008358001709,-0.005979763809591532,0.41783687472343445,0.5823785662651062,-0.006611344404518604,0.4415678381919861,0.5702347159385681,-0.0043269796296954155,0.37570175528526306,0.5567982792854309,0.002700216369703412,0.39592909812927246,0.5405418872833252,-0.009846675209701061,0.3807860016822815,0.5910389423370361,-0.013665641658008099,0.37079888582229614,0.5951889157295227,-0.01580173335969448,0.35024192929267883,0.5445575714111328,-0.0011354259913787246,0.373201459646225,0.523571789264679,-0.017222827300429344,0.36000388860702515,0.5876877903938293,-0.017798997461795807,0.3488016426563263,0.5886322259902954,-0.014781143516302109,0.32315531373023987,0.5439703464508057,-0.007322621997445822,0.3433414101600647,0.5253523588180542,-0.025331998243927956,0.3380393385887146,0.5899185538291931,-0.017328016459941864,0.32866406440734863,0.594756543636322,-0.008088099770247936,0.29546022415161133,0.5492780208587646,-0.013739080168306828,0.31264322996139526,0.5328342318534851,-0.02371387742459774,0.3162594735622406,0.5800800919532776,-0.01540871150791645,0.311305433511734,0.5895455479621887,-0.007015360984951258,Drink
0.38764289021492004,0.7962304949760437,-2.848459814686066e-07,0.42855900526046753,0.7599461674690247,-0.005574471317231655,0.4561307728290558,0.6826741099357605,-0.007363737095147371,0.46992671489715576,0.6313116550445557,-0.010728703811764717,0.4876786768436432,0.5965911149978638,-0.010899663902819157,0.4373336732387543,0.5860085487365723,0.0038765682838857174,0.4709847569465637,0.6000481247901917,-0.012810260988771915,0.45962679386138916,0.6582027077674866,-0.02043221704661846,0.44580358266830444,0.6765133738517761,-0.024038301780819893,0.4128014147281647,0.5752482414245605,-0.0015688647981733084,0.451252281665802,0.6040000915527344,-0.01827954314649105,0.4387211501598358,0.6717923283576965,-0.019559195265173912,0.4253217279911041,0.6796941161155701,-0.016777800396084785,0.38784217834472656,0.5842698812484741,-0.009954637847840786,0.4242429733276367,0.6131067276000977,-0.02888365648686886,0.4160023033618927,0.6786862015724182,-0.022343959659337997,0.4039599895477295,0.6870761513710022,-0.013739129528403282,0.36285820603370667,0.6049391627311707,-0.018977902829647064,0.3935616910457611,0.624361515045166,-0.03005233034491539,0.3952140808105469,0.6722930073738098,-0.02317877858877182,0.38847944140434265,0.6812735795974731,-0.014896856620907784,Drink
0.4724081754684448,0.9027513861656189,-2.7846553507515637e-07,0.5229765772819519,0.8390928506851196,0.004301096312701702,0.5313782691955566,0.7575006484985352,0.0031758849509060383,0.5301427841186523,0.699597954750061,-0.0007916896138340235,0.5273517966270447,0.6499059796333313,-0.0016024094074964523,0.5037735104560852,0.6734294891357422,0.004311007913202047,0.5690476298332214,0.7003872394561768,-0.011638172902166843,0.558412492275238,0.7488719820976257,-0.02107340842485428,0.5380499362945557,0.7501579523086548,-0.027790769934654236,0.4951118528842926,0.6819599270820618,-0.00640740804374218,0.5678845047950745,0.7202208042144775,-0.018519818782806396,0.5551800727844238,0.7662744522094727,-0.017513656988739967,0.5362725257873535,0.764838457107544,-0.017442796379327774,0.4908462166786194,0.7091460824012756,-0.018993593752384186,0.5569770932197571,0.7453834414482117,-0.028652753680944443,0.5457543730735779,0.7887364029884338,-0.020650794729590416,0.5276743173599243,0.7914432883262634,-0.016312064602971077,0.490999698638916,0.7459983825683594,-0.03238222375512123,0.537960946559906,0.7714717984199524,-0.038382600992918015,0.5298922061920166,0.8043065071105957,-0.03434107080101967,0.5127949714660645,0.8072317242622375,-0.031810540705919266,Drink
0.5542240738868713,0.8429622054100037,-3.8186220763236634e-07,0.5196959376335144,0.7679064273834229,-0.008845087140798569,0.5118290781974792,0.6818677186965942,-0.01280748937278986,0.5154514312744141,0.6163325905799866,-0.016112348064780235,0.5156565308570862,0.5584748387336731,-0.015619317069649696,0.5553911328315735,0.6101469993591309,-0.005142730660736561,0.49520623683929443,0.6268439292907715,-0.020876683294773102,0.49762558937072754,0.6718102097511292,-0.027398578822612762,0.5133829116821289,0.6801872253417969,-0.03013959899544716,0.5708727240562439,0.6293703317642212,-0.008653862401843071,0.5006192922592163,0.658715546131134,-0.02510465309023857,0.5080582499504089,0.705169677734375,-0.02584737166762352,0.5236116051673889,0.7117042541503906,-0.024101747199892998,0.5792735815048218,0.6634972095489502,-0.014942663721740246,0.5140513181686401,0.6904909014701843,-0.030634822323918343,0.5210743546485901,0.7330971956253052,-0.024421701207756996,0.5354747176170349,0.7370676398277283,-0.017939772456884384,0.5831266045570374,0.7085776925086975,-0.022802121937274933,0.5335411429405212,0.7276639938354492,-0.03342386707663536,0.535025954246521,0.7565680742263794,-0.03152991831302643,0.5466116070747375,0.7613306045532227,-0.027405178174376488,Drink
0.6787004470825195,0.7301014065742493,-3.9010706132103223e-07,0.6354227066040039,0.6981974244117737,-0.00989973172545433,0.6037039160728455,0.6180649995803833,-0.012401500716805458,0.5837312340736389,0.5630136132240295,-0.016185807064175606,0.5595987439155579,0.535492479801178,-0.01708577759563923,0.634894847869873,0.5290090441703796,0.008781025186181068,0.6099449396133423,0.5261290669441223,-0.009016054682433605,0.6209914684295654,0.5821474194526672,-0.020477918907999992,0.6325691342353821,0.6023648381233215,-0.026488784700632095,0.6600562930107117,0.5217922925949097,0.005009593907743692,0.633211612701416,0.5276805758476257,-0.012424992397427559,0.641661524772644,0.5934767127037048,-0.01589345559477806,0.6537472009658813,0.6032227873802185,-0.014455316588282585,0.6861577033996582,0.5317516326904297,-0.0029319741297513247,0.6618041396141052,0.5337463021278381,-0.02145957760512829,0.6642154455184937,0.5984585881233215,-0.013125970959663391,0.6747913360595703,0.6078017950057983,-0.0032783816568553448,0.7114730477333069,0.5515977144241333,-0.012490981258451939,0.6920551657676697,0.5509266257286072,-0.02227628044784069,0.6859101057052612,0.5965332388877869,-0.014442537911236286,0.6917805671691895,0.6056952476501465,-0.005920968018472195,Drink
0.6024640798568726,0.8032979965209961,-5.069256872047845e-07,0.565620481967926,0.7522974610328674,-0.009008104912936687,0.543952226638794,0.6715204119682312,-0.012827581726014614,0.5361185073852539,0.6115403771400452,-0.017645616084337234,0.5324482917785645,0.5606045722961426,-0.01828358694911003,0.5841521620750427,0.5674006342887878,0.006148332264274359,0.5360644459724426,0.5749211311340332,-0.016466595232486725,0.5359824895858765,0.6347387433052063,-0.029219064861536026,0.5473403334617615,0.6593239903450012,-0.03469831123948097,0.60504150390625,0.5704982876777649,0.0010159898083657026,0.5496060848236084,0.5927308201789856,-0.021078305318951607,0.551464855670929,0.6624962091445923,-0.02409694343805313,0.5646994113922119,0.677203357219696,-0.02094070427119732,0.6239010691642761,0.594107449054718,-0.008482825011014938,0.572198212146759,0.6172806620597839,-0.031185757368803024,0.5735329389572144,0.68116694688797,-0.023296071216464043,0.5864846706390381,0.691871702671051,-0.01238865777850151,0.6405641436576843,0.6307836174964905,-0.01975259743630886,0.6010926365852356,0.6483832597732544,-0.0349276065826416,0.5975565910339355,0.690893292427063,-0.030481994152069092,0.6069090962409973,0.7006331086158752,-0.022296303883194923,Drink
0.3392049968242645,0.7623117566108704,-2.696024239412509e-07,0.38406693935394287,0.7147190570831299,-0.007956038229167461,0.4141172468662262,0.6270756125450134,-0.010942606255412102,0.4361685812473297,0.5708491206169128,-0.014503938145935535,0.4612324833869934,0.5415058732032776,-0.014546358026564121,0.37798556685447693,0.5483860969543457,-0.0010504605015739799,0.40437227487564087,0.5523790717124939,-0.014655106700956821,0.39507222175598145,0.612067461013794,-0.019074317067861557,0.3811578154563904,0.6145401000976562,-0.02225377783179283,0.3491056263446808,0.5417981743812561,-0.005487818270921707,0.3796374499797821,0.5583059787750244,-0.02145620621740818,0.37335389852523804,0.6243561506271362,-0.023373296484351158,0.35937389731407166,0.6157386302947998,-0.0226388368755579,0.32184872031211853,0.5576378107070923,-0.01211098674684763,0.34953078627586365,0.5678602457046509,-0.029138809069991112,0.3507014214992523,0.6294892430305481,-0.02162645384669304,0.33874744176864624,0.62492436170578,-0.014411533251404762,0.29719191789627075,0.5822782516479492,-0.01956137642264366,0.32087984681129456,0.5915809273719788,-0.0297471322119236,0.3289577066898346,0.6347202658653259,-0.022516397759318352,0.3215130567550659,0.6357797980308533,-0.015150517225265503,Drink
0.3099992573261261,0.5966657400131226,-2.3602693488555815e-07,0.35332363843917847,0.5811261534690857,-0.0070875356905162334,0.3891909122467041,0.5140606164932251,-0.007377267815172672,0.4123519957065582,0.4644879400730133,-0.008239536546170712,0.43596526980400085,0.4521605372428894,-0.006027076859027147,0.368054062128067,0.4454489052295685,0.0021002653520554304,0.3870399594306946,0.4158875644207001,-0.010318178683519363,0.3742489516735077,0.47157225012779236,-0.013198747299611568,0.36521226167678833,0.48380139470100403,-0.01391882449388504,0.3437122702598572,0.4326607286930084,-0.000663219834677875,0.36528533697128296,0.3993993401527405,-0.015247066505253315,0.35324978828430176,0.46744152903556824,-0.014616057276725769,0.34206998348236084,0.47266441583633423,-0.010524732060730457,0.31766512989997864,0.42990842461586,-0.005937524605542421,0.3371289074420929,0.39298921823501587,-0.02301405556499958,0.33273300528526306,0.4613778293132782,-0.014088070951402187,0.322910875082016,0.470869779586792,-0.0040411255322396755,0.289092481136322,0.4328480660915375,-0.011472121812403202,0.30609601736068726,0.40459907054901123,-0.02120782807469368,0.3100825846195221,0.454917848110199,-0.01226816140115261,0.3050997853279114,0.4705081582069397,-0.0031980115454643965,Drink
0.29783234000205994,0.5477080941200256,-2.0203765416226815e-07,0.3413006663322449,0.5594373345375061,-0.01179677713662386,0.3894811272621155,0.514518141746521,-0.013719418086111546,0.4229586124420166,0.4772115647792816,-0.014696632511913776,0.44988739490509033,0.47647613286972046,-0.012119621969759464,0.3793226182460785,0.4452286660671234,-0.0038542794063687325,0.39758944511413574,0.4160514175891876,-0.015125327743589878,0.3762846887111664,0.4598509669303894,-0.01700074039399624,0.3699493408203125,0.465519517660141,-0.017800375819206238,0.35801494121551514,0.4195733964443207,-0.003910804633051157,0.37945228815078735,0.3862133324146271,-0.017307698726654053,0.35849541425704956,0.4424879848957062,-0.01521126925945282,0.3516172468662262,0.4461209774017334,-0.010503606870770454,0.33327972888946533,0.4028331935405731,-0.006657165475189686,0.3528517782688141,0.3680994510650635,-0.021999342367053032,0.3389720320701599,0.4293978214263916,-0.012175139039754868,0.3320038318634033,0.43808022141456604,-0.002066943794488907,0.30689409375190735,0.3895393908023834,-0.010241362266242504,0.3212635815143585,0.3672158122062683,-0.018945565447211266,0.31822580099105835,0.41253015398979187,-0.010821721516549587,0.31482791900634766,0.42365390062332153,-0.002823255257681012,Drink
0.6754377484321594,0.5336825251579285,-3.2283577411362785e-07,0.6282592415809631,0.521070659160614,9.230017167283222e-05,0.5958335399627686,0.4904463291168213,-0.004862327128648758,0.566537082195282,0.4567297697067261,-0.009838405065238476,0.5405104160308838,0.44662073254585266,-0.014112010598182678,0.6088295578956604,0.3846636414527893,-0.004274977371096611,0.6197428107261658,0.38549476861953735,-0.0012651631841436028,0.6301956176757812,0.4143622815608978,-0.0009586752275936306,0.6337915658950806,0.4360111653804779,-0.0023811645805835724,0.6330114603042603,0.36036786437034607,-0.006046848371624947,0.6419559121131897,0.37162232398986816,0.003482657251879573,0.6475683450698853,0.4005238115787506,0.004781860858201981,0.6508451700210571,0.42010027170181274,0.0007594713824801147,0.6597880125045776,0.356381893157959,-0.0063384356908500195,0.6628738045692444,0.3663015365600586,0.002488352358341217,0.6661279797554016,0.3917303681373596,0.006114454008638859,0.6681838631629944,0.4135008752346039,0.003637159476056695,0.6847698092460632,0.36120185256004333,-0.0066830869764089584,0.6860590577125549,0.36461141705513,0.001393444137647748,0.686654806137085,0.39019912481307983,0.0084462258964777,0.6874591112136841,0.41137415170669556,0.011545023880898952,Drink
0.6761374473571777,0.47105735540390015,-3.2048856724031793e-07,0.6275244951248169,0.4771486520767212,0.00028587281121872365,0.5918331146240234,0.46128594875335693,-0.003826553001999855,0.5608104467391968,0.4362637996673584,-0.00835180189460516,0.5335445404052734,0.43437841534614563,-0.012224387377500534,0.598901093006134,0.34867021441459656,0.001370726735331118,0.6099955439567566,0.35699450969696045,0.004938364960253239,0.6223365664482117,0.38422027230262756,0.004273441154509783,0.6281758546829224,0.405846506357193,0.0024502931628376245,0.6220769286155701,0.31940868496894836,6.712241884088144e-05,0.6304996013641357,0.334989994764328,0.009862328879535198,0.637692928314209,0.3625866770744324,0.010345716960728168,0.642948567867279,0.3820919692516327,0.006032065022736788,0.6476766467094421,0.3100535273551941,-0.00011277048179181293,0.6503098607063293,0.3260151445865631,0.008976222015917301,0.6550830602645874,0.3495297431945801,0.011914472095668316,0.658947765827179,0.3699270188808441,0.009295927360653877,0.6711653470993042,0.3106248080730438,-0.0003645647957455367,0.6712785363197327,0.3196133077144623,0.008328321389853954,0.6726491451263428,0.3446061313152313,0.015439985319972038,0.6745160818099976,0.36450180411338806,0.018509751185774803,Drink
0.38986364006996155,0.5370356440544128,-1.199007044760947e-07,0.43670332431793213,0.5251979231834412,-0.004503729287534952,0.4758273959159851,0.49498969316482544,-0.0093085253611207,0.5071495175361633,0.4659292697906494,-0.014526881277561188,0.5335829257965088,0.46033501625061035,-0.020315304398536682,0.44936755299568176,0.37919551134109497,-0.0014283325290307403,0.44653016328811646,0.41144371032714844,-0.0030830344185233116,0.4401108920574188,0.43907392024993896,-0.010272247716784477,0.43509843945503235,0.4500848948955536,-0.01670590229332447,0.42100101709365845,0.3627505302429199,-0.0026301806792616844,0.4208429157733917,0.3988354504108429,0.0011158980196341872,0.4171203672885895,0.42445108294487,-0.0036110898945480585,0.41250109672546387,0.4385542869567871,-0.010208416730165482,0.3947373330593109,0.3623887002468109,-0.0033751712180674076,0.3972894847393036,0.390874981880188,-0.0010512105654925108,0.39670637249946594,0.41713619232177734,-0.0015395383816212416,0.39457589387893677,0.4331234097480774,-0.004221044480800629,0.37040644884109497,0.36935365200042725,-0.0048650046810507774,0.3748917281627655,0.3872276842594147,-0.0032460279762744904,0.37615257501602173,0.4142599105834961,0.0012220347998663783,0.37582913041114807,0.43073219060897827,0.004435712471604347,Drink
0.4253857731819153,0.41359639167785645,-7.173598248755297e-08,0.4716236889362335,0.4276644289493561,-0.0074800243601202965,0.5092569589614868,0.42830055952072144,-0.014838878065347672,0.5421803593635559,0.42596471309661865,-0.02216283231973648,0.5662835240364075,0.43087080121040344,-0.03011036477982998,0.49659475684165955,0.30266815423965454,-0.009448396041989326,0.49143946170806885,0.3291667103767395,-0.011522885411977768,0.48312339186668396,0.35094231367111206,-0.017569176852703094,0.4769296646118164,0.3593656122684479,-0.023126758635044098,0.4701973795890808,0.2762863039970398,-0.009549222886562347,0.4677084982395172,0.3094186782836914,-0.005879515316337347,0.4626482129096985,0.3320828676223755,-0.009372659958899021,0.4576987326145172,0.3443549871444702,-0.015730807557702065,0.44446977972984314,0.26881444454193115,-0.009080440737307072,0.44469037652015686,0.2976177930831909,-0.005893472582101822,0.44257333874702454,0.32026153802871704,-0.005961296148598194,0.4392702877521515,0.334523469209671,-0.009187464602291584,0.4201652705669403,0.2691384255886078,-0.009658882394433022,0.4216328561306,0.29316502809524536,-0.0073132943361997604,0.42144063115119934,0.3166690766811371,-0.003274464514106512,0.42000889778137207,0.33124762773513794,-0.0011196312261745334,Drink
0.4254681169986725,0.3642824590206146,-8.345129742792778e-08,0.46868640184402466,0.38883110880851746,-0.004510809667408466,0.5050634145736694,0.39839011430740356,-0.010110595263540745,0.5374419093132019,0.4022994637489319,-0.016183871775865555,0.560397207736969,0.4148102104663849,-0.023164965212345123,0.49903956055641174,0.26908451318740845,-0.00402874406427145,0.4900924265384674,0.2946600914001465,-0.004021880682557821,0.4801027178764343,0.3163427710533142,-0.009566618129611015,0.4741705656051636,0.3259628117084503,-0.01470065489411354,0.47536730766296387,0.2370513379573822,-0.0048197852447628975,0.4678976237773895,0.27084919810295105,0.002253173850476742,0.46120789647102356,0.29182103276252747,-0.000848915136884898,0.4570405185222626,0.30622950196266174,-0.007261212915182114,0.45068490505218506,0.22399470210075378,-0.004795268177986145,0.44655856490135193,0.2540440559387207,0.0006649125134572387,0.4433615803718567,0.27663174271583557,0.00046193093294277787,0.4406130015850067,0.293342649936676,-0.003024538978934288,0.42603346705436707,0.21867181360721588,-0.005583610851317644,0.42357704043388367,0.2431308925151825,-0.0016542540397495031,0.42191657423973083,0.26696205139160156,0.003158062929287553,0.4203492999076843,0.2836402654647827,0.005927359219640493,Drink
0.42478957772254944,0.635899007320404,-1.2682598082847107e-07,0.4620715081691742,0.6080545783042908,0.0007754966500215232,0.4879380762577057,0.5748719573020935,-0.0019453228451311588,0.5086789131164551,0.5452693700790405,-0.007520293351262808,0.5297808051109314,0.5397541522979736,-0.013830387964844704,0.45127642154693604,0.4703800082206726,0.010731506161391735,0.43739748001098633,0.47776341438293457,0.006722893100231886,0.43328428268432617,0.5050690770149231,-0.002508377656340599,0.4356735646724701,0.525492250919342,-0.009285354986786842,0.4256437122821808,0.45283135771751404,0.005978822708129883,0.41061529517173767,0.47138795256614685,0.007629416882991791,0.40943610668182373,0.4986145794391632,0.00223857001401484,0.41613027453422546,0.518903374671936,-0.0030259243212640285,0.3995029628276825,0.4544554352760315,0.0008244996424764395,0.38623562455177307,0.4757561683654785,0.0007736318511888385,0.3871263265609741,0.5021118521690369,-0.0022300828713923693,0.395572692155838,0.5215322971343994,-0.0052867550402879715,0.3727520704269409,0.4644775688648224,-0.004936076235026121,0.35871395468711853,0.49248355627059937,-0.006040055304765701,0.36231136322021484,0.51972895860672,-0.004632622469216585,0.3711651861667633,0.5374847054481506,-0.0026344547513872385,Drink
0.4319643974304199,0.1403893232345581,-1.3497668760464876e-07,0.4620586931705475,0.2070198655128479,-0.0035148600582033396,0.4742653965950012,0.2589137852191925,-0.007416824344545603,0.4958595931529999,0.3036749064922333,-0.012798923067748547,0.5044808983802795,0.3360197842121124,-0.014252970926463604,0.5160337686538696,0.190793976187706,0.010478219017386436,0.544233500957489,0.1827157586812973,-0.004086342640221119,0.5190623998641968,0.18910039961338043,-0.014313814230263233,0.5002933144569397,0.1936189830303192,-0.018559571355581284,0.5141370296478271,0.14741827547550201,0.009574458934366703,0.539620578289032,0.14065562188625336,-0.009148306213319302,0.5068551898002625,0.1556711196899414,-0.017746152356266975,0.49169713258743286,0.16352885961532593,-0.020342884585261345,0.5060599446296692,0.11049456149339676,0.007347777485847473,0.5308190584182739,0.1074971854686737,-0.005709553603082895,0.503871500492096,0.12178780138492584,0.0015513298567384481,0.4886922538280487,0.13024963438510895,0.009983544237911701,0.49369677901268005,0.07899410277605057,0.004540472757071257,0.514842689037323,0.07403028011322021,0.0019177441718056798,0.49771013855934143,0.0916711837053299,0.012404187582433224,0.48938995599746704,0.1007469967007637,0.022079607471823692,Drink
0.44060900807380676,0.12209189683198929,-1.1742888972321452e-07,0.46900174021720886,0.18988949060440063,-0.0067761121317744255,0.48211565613746643,0.24203507602214813,-0.012302282266318798,0.5049620866775513,0.2923378050327301,-0.019334368407726288,0.513672411441803,0.33072108030319214,-0.0227015633136034,0.5222827792167664,0.1830015927553177,0.010276226326823235,0.5504394173622131,0.169598788022995,-0.005148355849087238,0.5261155962944031,0.17211876809597015,-0.0160235408693552,0.5078083872795105,0.17860765755176544,-0.020504159852862358,0.5200477838516235,0.14130300283432007,0.010196694172918797,0.5452263951301575,0.1304744929075241,-0.008306014351546764,0.5136798024177551,0.14034296572208405,-0.01572118140757084,0.5003015995025635,0.15119285881519318,-0.017220839858055115,0.5126599073410034,0.10470068454742432,0.007858997210860252,0.5371137261390686,0.0980445146560669,-0.005871168803423643,0.5116888880729675,0.10858561843633652,0.0009098404552787542,0.4964711368083954,0.12152398377656937,0.009190649725496769,0.5015050768852234,0.07503817230463028,0.004428359679877758,0.5205204486846924,0.0662655159831047,0.0005265644285827875,0.5049282312393188,0.08195342123508453,0.008970821276307106,0.4954303801059723,0.09604303538799286,0.017388809472322464,Drink
0.5220320820808411,0.1788560450077057,-4.271229414598565e-08,0.5448983907699585,0.25426334142684937,-0.004725940991193056,0.5498296022415161,0.3006118834018707,-0.007577461656183004,0.5639664530754089,0.351419061422348,-0.01276393886655569,0.5722759962081909,0.3851744532585144,-0.015012696385383606,0.5910966396331787,0.23798908293247223,0.019842088222503662,0.6228111386299133,0.23906700313091278,0.009894483722746372,0.6034461259841919,0.24472849071025848,-0.00031822684104554355,0.5844969153404236,0.2446703314781189,-0.00478978781029582,0.5929235816001892,0.19583314657211304,0.020284680649638176,0.621242344379425,0.19516490399837494,0.00877408031374216,0.5944006443023682,0.20457053184509277,-0.00023201279691420496,0.5775099992752075,0.20770145952701569,-0.0037922800984233618,0.5895493030548096,0.1584378331899643,0.01839602366089821,0.6172008514404297,0.1596338301897049,0.012029599398374557,0.5935491919517517,0.1684560924768448,0.015513787046074867,0.5767035484313965,0.17259585857391357,0.02030894160270691,0.5815020799636841,0.12295868992805481,0.015372665598988533,0.6034142971038818,0.12466411292552948,0.016499623656272888,0.5904009342193604,0.1373370885848999,0.024576572701334953,0.5799311399459839,0.1445474475622177,0.0318320132791996,Drink
0.46322524547576904,0.2554008662700653,-1.0668160399518456e-07,0.4915589392185211,0.3269411623477936,-0.008143013343214989,0.504257321357727,0.3709569275379181,-0.013704664073884487,0.5233087539672852,0.4087059497833252,-0.0212359931319952,0.5340805649757385,0.4359809160232544,-0.026085881516337395,0.5451467633247375,0.28480252623558044,0.006754403933882713,0.5757595300674438,0.2807944715023041,-0.007280596997588873,0.5511491894721985,0.2902566194534302,-0.01715281791985035,0.5295630693435669,0.2918696105480194,-0.021277664229273796,0.5437164902687073,0.2403566986322403,0.005946285091340542,0.5719920992851257,0.23367057740688324,-0.014447084628045559,0.5396496057510376,0.2549372613430023,-0.025248421356081963,0.5186994671821594,0.26218870282173157,-0.028720343485474586,0.5352829694747925,0.2019616961479187,0.0034711631014943123,0.5635372996330261,0.19535505771636963,-0.011659236624836922,0.5360278487205505,0.2182113081216812,-0.007904790341854095,0.516610324382782,0.2251495122909546,-0.001042684423737228,0.5213158130645752,0.16476820409297943,8.339476335095242e-05,0.5469882488250732,0.15685062110424042,-0.006177485920488834,0.531989336013794,0.18093718588352203,0.0013503186637535691,0.5204706192016602,0.19007492065429688,0.009395752102136612,Drink
0.4333899915218353,0.38588401675224304,-1.3179133873109095e-07,0.46301567554473877,0.4346255660057068,-0.005977468099445105,0.4861776530742645,0.45688384771347046,-0.01206505112349987,0.5085899829864502,0.4691024124622345,-0.020947763696312904,0.5253985524177551,0.48047980666160583,-0.027843352407217026,0.5179309248924255,0.35825392603874207,0.0010399562306702137,0.5538154244422913,0.3498038053512573,-0.016235221177339554,0.5314760208129883,0.3828316926956177,-0.02552781254053116,0.5066100358963013,0.394415944814682,-0.027840621769428253,0.5127670168876648,0.32428398728370667,-0.0033929513301700354,0.5486708879470825,0.3151426315307617,-0.020763928070664406,0.5186040997505188,0.35315799713134766,-0.026334337890148163,0.49472033977508545,0.35983580350875854,-0.025799976661801338,0.5033632516860962,0.2887631952762604,-0.010263721458613873,0.5420469641685486,0.27746209502220154,-0.02739572525024414,0.5148900747299194,0.3184150457382202,-0.022637344896793365,0.49053075909614563,0.324394553899765,-0.014166364446282387,0.4882034957408905,0.24856890738010406,-0.01757766120135784,0.5219891667366028,0.24193276464939117,-0.02747236005961895,0.5089399218559265,0.27874431014060974,-0.019596431404352188,0.4906036853790283,0.292402058839798,-0.010296739637851715,Drink
0.4163338840007782,0.509146511554718,-2.3252127334671968e-07,0.4558178782463074,0.5382697582244873,0.002191368490457535,0.4844662845134735,0.5276297926902771,0.002059566555544734,0.5061126947402954,0.5163856148719788,-0.0028206976130604744,0.5256339907646179,0.5073497295379639,-0.005036150570958853,0.5040243268013,0.4468912184238434,0.015025032684206963,0.5455625057220459,0.42482247948646545,-0.0015913103707134724,0.5264649391174316,0.4682205617427826,-0.009926211088895798,0.5062676668167114,0.47977930307388306,-0.011836064979434013,0.49693652987480164,0.41847288608551025,0.006282364018261433,0.5399510860443115,0.39974188804626465,-0.00861236359924078,0.5143734812736511,0.4497610926628113,-0.012111353687942028,0.4937410354614258,0.45345455408096313,-0.010713783092796803,0.4859424829483032,0.38588735461235046,-0.0054770042188465595,0.5303776860237122,0.37168920040130615,-0.021401263773441315,0.50517737865448,0.42182502150535583,-0.01465352438390255,0.4834383726119995,0.42559579014778137,-0.005445507820695639,0.4687598943710327,0.3493099510669708,-0.01723753660917282,0.5073261857032776,0.3482816815376282,-0.025511614978313446,0.4939972758293152,0.3904828131198883,-0.016146864742040634,0.47577914595603943,0.3991335332393646,-0.006644005887210369,Drink
0.43906450271606445,0.6872958540916443,-4.039901284613734e-07,0.4971664547920227,0.674569845199585,0.014584619551897049,0.5280996561050415,0.6181538701057434,0.020439686253666878,0.5475690960884094,0.5747318863868713,0.019015390425920486,0.5632136464118958,0.5372535586357117,0.0201187152415514,0.5158026218414307,0.5011186003684998,0.030041754245758057,0.5687646865844727,0.5548902153968811,0.011996893212199211,0.5462467670440674,0.6134702563285828,0.0017953870119526982,0.5238661170005798,0.6236636638641357,-0.002589852549135685,0.5074163675308228,0.48424622416496277,0.013394538313150406,0.5682496428489685,0.5543847680091858,-0.0042501166462898254,0.5404156446456909,0.6168461441993713,-0.005473218858242035,0.5171608924865723,0.6232835650444031,-0.001716174534521997,0.4980952739715576,0.47869956493377686,-0.006202721502631903,0.5605379343032837,0.5485259294509888,-0.02532402239739895,0.5306611657142639,0.612740159034729,-0.01697525568306446,0.5043197870254517,0.6186795234680176,-0.006055838894098997,0.48750951886177063,0.484546959400177,-0.025437040254473686,0.5396342873573303,0.531298816204071,-0.03600398451089859,0.5221816301345825,0.5819284915924072,-0.027883779257535934,0.5010952353477478,0.588311493396759,-0.018524710088968277,Drink
0.5259611010551453,0.24056243896484375,-2.3010775862530863e-07,0.5043644309043884,0.3048403561115265,0.0031531129498034716,0.49228349328041077,0.3558647632598877,0.004470296669751406,0.47883373498916626,0.39482009410858154,0.0018328543519601226,0.4687294363975525,0.42200967669487,-0.00016932959260884672,0.471788614988327,0.27732256054878235,0.026324372738599777,0.4381982982158661,0.28130918741226196,0.02320081740617752,0.4484141767024994,0.2844734191894531,0.01534152403473854,0.4642200767993927,0.2860523462295532,0.011174243874847889,0.4724529981613159,0.23842017352581024,0.022958550602197647,0.437633216381073,0.23473428189754486,0.01902872696518898,0.4527581036090851,0.24339252710342407,0.008865907788276672,0.471515953540802,0.24704447388648987,0.003278175136074424,0.4768878221511841,0.20065510272979736,0.018257003277540207,0.4456527829170227,0.1937553733587265,0.018216095864772797,0.45891350507736206,0.20750559866428375,0.01618485525250435,0.47579655051231384,0.21137480437755585,0.015799207612872124,0.486162930727005,0.1591486632823944,0.013437043875455856,0.4585862159729004,0.1501171588897705,0.01966438814997673,0.4642978608608246,0.16696156561374664,0.02556358464062214,0.4759734570980072,0.17481598258018494,0.02951408363878727,Drink
0.5932663083076477,0.2398248314857483,-2.5477561393927317e-07,0.5707371830940247,0.30536818504333496,-0.011671732179820538,0.5487996935844421,0.3554697036743164,-0.020487001165747643,0.5277201533317566,0.3905581831932068,-0.030959345400333405,0.5127473473548889,0.41471928358078003,-0.039613060653209686,0.5185539126396179,0.2775469124317169,-0.0013853770215064287,0.49245598912239075,0.2743041515350342,-0.01939629763364792,0.5136322975158691,0.2756531536579132,-0.03325449302792549,0.5350795388221741,0.2750422954559326,-0.040124062448740005,0.5245760083198547,0.23587018251419067,-0.0036625543143600225,0.49589404463768005,0.2295665293931961,-0.024207409471273422,0.5214375853538513,0.24137210845947266,-0.03377765044569969,0.5430107712745667,0.24700967967510223,-0.0359756276011467,0.5335953235626221,0.19923105835914612,-0.008835743181407452,0.5071994066238403,0.19109705090522766,-0.026949306949973106,0.5294927358627319,0.20816291868686676,-0.026007870212197304,0.5495641827583313,0.21756352484226227,-0.020262418314814568,0.5456458330154419,0.1638837605714798,-0.015253711491823196,0.5235186815261841,0.15333327651023865,-0.024936910718679428,0.534956157207489,0.1706569641828537,-0.02103501744568348,0.5481438040733337,0.18206366896629333,-0.01535242423415184,Drink
0.514755368232727,0.3057112395763397,-2.3750904176722543e-07,0.4870264530181885,0.36455807089805603,0.016910532489418983,0.47600799798965454,0.40611129999160767,0.0285248551517725,0.46676304936408997,0.4389306604862213,0.03412643074989319,0.45943745970726013,0.4659776985645294,0.03941169008612633,0.4622655510902405,0.32311052083969116,0.052226267755031586,0.4323198199272156,0.3322979509830475,0.05768950283527374,0.4348052740097046,0.33661186695098877,0.05183248966932297,0.442017525434494,0.3384242057800293,0.04806763306260109,0.4612501561641693,0.2883303463459015,0.046901021152734756,0.42543157935142517,0.28845199942588806,0.05028033256530762,0.43644747138023376,0.3000810444355011,0.037520989775657654,0.4540124237537384,0.30553826689720154,0.029498036950826645,0.4630083441734314,0.2521975338459015,0.04117663577198982,0.4295373260974884,0.24783135950565338,0.049316175282001495,0.4406636953353882,0.2685505449771881,0.043599583208560944,0.4583863317966461,0.2725713551044464,0.039485614746809006,0.4699743986129761,0.21201607584953308,0.03651266545057297,0.4429353177547455,0.20316338539123535,0.04947870969772339,0.44682636857032776,0.22506316006183624,0.0543903224170208,0.4591718018054962,0.23335000872612,0.05682561919093132,Drink
0.4984913468360901,0.390320748090744,-3.726186719177349e-07,0.4746178388595581,0.4343567192554474,0.019951779395341873,0.46424466371536255,0.44508472084999084,0.03564681112766266,0.45558100938796997,0.4498247504234314,0.04450630024075508,0.4461202323436737,0.4500211477279663,0.05236903578042984,0.44836264848709106,0.37667348980903625,0.054920539259910583,0.42459723353385925,0.3819633424282074,0.05998602509498596,0.43003252148628235,0.4015522301197052,0.05655248463153839,0.4434692859649658,0.41063544154167175,0.055256858468055725,0.4479202330112457,0.3476191759109497,0.04718371480703354,0.41926345229148865,0.34685418009757996,0.0521908774971962,0.4336668848991394,0.37497150897979736,0.04448920860886574,0.45342305302619934,0.38420334458351135,0.04112226516008377,0.45090964436531067,0.312014639377594,0.038352951407432556,0.4224136769771576,0.31095635890960693,0.042614903301000595,0.43648916482925415,0.34484508633613586,0.03839706629514694,0.4577324092388153,0.3532527685165405,0.037137821316719055,0.45907509326934814,0.2715429365634918,0.030780112370848656,0.43425917625427246,0.2736172378063202,0.03620331734418869,0.4411918520927429,0.30403000116348267,0.03872004151344299,0.45863795280456543,0.315958172082901,0.04167262837290764,Drink
0.46883320808410645,0.3688688576221466,-2.1089851998112863e-07,0.4720677137374878,0.40544334053993225,-0.005828383378684521,0.4715847074985504,0.4399963617324829,-0.01162151712924242,0.4743509590625763,0.4659014344215393,-0.01755659282207489,0.47912222146987915,0.48901137709617615,-0.024000434204936028,0.44502466917037964,0.4506961405277252,-0.013733320869505405,0.45443516969680786,0.4784280061721802,-0.026747267693281174,0.47097113728523254,0.4872780740261078,-0.03513695299625397,0.484872430562973,0.48945844173431396,-0.039019349962472916,0.44362568855285645,0.42846378684043884,-0.016950394958257675,0.4580555260181427,0.45433101058006287,-0.02897900715470314,0.47986090183258057,0.4596578776836395,-0.03273877501487732,0.49403586983680725,0.45634230971336365,-0.03344740346074104,0.44745901226997375,0.40185946226119995,-0.020973311737179756,0.4623439610004425,0.4263315498828888,-0.03278113156557083,0.4827507734298706,0.4300099015235901,-0.03277049586176872,0.494500070810318,0.4241737723350525,-0.030358172953128815,0.4546336829662323,0.3751324415206909,-0.025246120989322662,0.46866682171821594,0.39631181955337524,-0.03489360585808754,0.4837697446346283,0.4035826325416565,-0.034128934144973755,0.49271488189697266,0.40036076307296753,-0.03125284984707832,Drink
0.47690120339393616,0.4345512092113495,-1.7696142151635286e-07,0.48058009147644043,0.46037328243255615,-0.009101660922169685,0.4800698757171631,0.48827311396598816,-0.016360869631171227,0.48022761940956116,0.5077275037765503,-0.022462977096438408,0.4824480712413788,0.523433268070221,-0.029053492471575737,0.4521109163761139,0.4966605305671692,-0.021943794563412666,0.4652034640312195,0.5281561017036438,-0.034366391599178314,0.48197463154792786,0.5345427393913269,-0.04085470363497734,0.4960896372795105,0.5354123711585999,-0.043789006769657135,0.4510544538497925,0.4792833626270294,-0.02318228967487812,0.46741414070129395,0.5117079615592957,-0.035161092877388,0.4876682460308075,0.5205143690109253,-0.039278894662857056,0.5024523138999939,0.5231104493141174,-0.041143983602523804,0.45536813139915466,0.4602113962173462,-0.024822993203997612,0.4725622236728668,0.49240902066230774,-0.03672562912106514,0.4923661947250366,0.5010095834732056,-0.03813444450497627,0.5049435496330261,0.5013192892074585,-0.03752593323588371,0.4636912941932678,0.4419650733470917,-0.026731640100479126,0.4792110025882721,0.46936869621276855,-0.03715749457478523,0.4933445155620575,0.4801560342311859,-0.03807549923658371,0.5022416114807129,0.4815339148044586,-0.03692512959241867,Drink
0.3057118058204651,0.24695169925689697,-2.0067000150447711e-07,0.3498390316963196,0.2859096825122833,-0.008631001226603985,0.39042893052101135,0.3119930922985077,-0.011791656725108624,0.4304327368736267,0.3241828382015228,-0.01501921284943819,0.4550706148147583,0.34423765540122986,-0.013468332588672638,0.4133340120315552,0.23417310416698456,0.0047977338545024395,0.43743908405303955,0.21084514260292053,-0.010740078054368496,0.4074459373950958,0.2338217794895172,-0.01867584139108658,0.3947589695453644,0.24795223772525787,-0.021840287372469902,0.4015083909034729,0.19489449262619019,0.004335529170930386,0.4212662875652313,0.17382103204727173,-0.014006150886416435,0.3883136510848999,0.20846502482891083,-0.0185746680945158,0.3826530873775482,0.22102539241313934,-0.018545404076576233,0.38438862562179565,0.16272154450416565,0.0015678295167163014,0.40462279319763184,0.14205729961395264,-0.015292052179574966,0.37591108679771423,0.17774388194084167,-0.00476317061111331,0.36763837933540344,0.19595423340797424,0.006213243119418621,0.36415040493011475,0.13873964548110962,-0.002105514984577894,0.3794034421443939,0.11559955775737762,-0.009643707424402237,0.3620882034301758,0.15093213319778442,0.0012488156789913774,0.35577887296676636,0.168105810880661,0.012068613432347775,Drink
0.32919982075691223,0.1739552766084671,-1.8435655135817797e-07,0.36577108502388,0.21644462645053864,-0.012501884251832962,0.4004474878311157,0.252064049243927,-0.017172763124108315,0.43821048736572266,0.2778766453266144,-0.0203842893242836,0.45897620916366577,0.31131798028945923,-0.01847894676029682,0.4309234619140625,0.18343573808670044,0.0006741580436937511,0.44974812865257263,0.1496848315000534,-0.014594068750739098,0.422554075717926,0.16881343722343445,-0.022983098402619362,0.41550377011299133,0.1879301220178604,-0.026420719921588898,0.41938698291778564,0.14611409604549408,0.0033807060681283474,0.43709179759025574,0.11610370129346848,-0.009300606325268745,0.4054839611053467,0.1427970975637436,-0.009730083867907524,0.405027836561203,0.15939456224441528,-0.007989551872015,0.4056665003299713,0.11304759979248047,0.002897729864344001,0.4236910343170166,0.0874176099896431,-0.009184364229440689,0.39709416031837463,0.11175819486379623,0.0008438372751697898,0.3929564356803894,0.1350955367088318,0.010134612210094929,0.39063602685928345,0.09129244834184647,0.0008866136195138097,0.40348920226097107,0.06369189918041229,-0.002856388222426176,0.3871610760688782,0.08840470761060715,0.0067964885383844376,0.3817286193370819,0.112050361931324,0.01579885184764862,Drink
0.2660505473613739,0.3787357807159424,-1.9213464952372306e-07,0.3041178584098816,0.4095032215118408,-0.016281941905617714,0.35542958974838257,0.41212937235832214,-0.022295769304037094,0.3961263597011566,0.4088747203350067,-0.027258973568677902,0.4224691689014435,0.4289194643497467,-0.028179531916975975,0.3700528144836426,0.323707640171051,-0.0031295660883188248,0.388112336397171,0.2946380376815796,-0.0189562626183033,0.3604987859725952,0.3282681405544281,-0.025948386639356613,0.3502066731452942,0.3439808487892151,-0.028527092188596725,0.3530597984790802,0.2874997854232788,-0.0013870211550965905,0.368502140045166,0.2629363238811493,-0.01706954650580883,0.33976250886917114,0.30943670868873596,-0.017586058005690575,0.33580029010772705,0.3205111026763916,-0.013940899632871151,0.3330809473991394,0.25995150208473206,-0.0033559175208210945,0.34685763716697693,0.23733502626419067,-0.019468389451503754,0.3238188922405243,0.28366339206695557,-0.010486307553946972,0.3199080526828766,0.2966722846031189,-0.000333445641444996,0.31114596128463745,0.2373199462890625,-0.006925951223820448,0.3214948773384094,0.2206745445728302,-0.015046443790197372,0.3074589669704437,0.25903934240341187,-0.006407387088984251,0.3033444285392761,0.2740216851234436,0.0028629947919398546,Drink
0.2704944312572479,0.43511345982551575,-2.3987121267055045e-07,0.31736814975738525,0.46078839898109436,-0.008228656835854053,0.367521196603775,0.45863568782806396,-0.010447432287037373,0.40584275126457214,0.4503408670425415,-0.013203817419707775,0.42964762449264526,0.46411463618278503,-0.012056424282491207,0.37845656275749207,0.36785888671875,-0.00020543615391943604,0.40372157096862793,0.3359193503856659,-0.015681669116020203,0.37473055720329285,0.37329092621803284,-0.02080722153186798,0.3601364195346832,0.38949155807495117,-0.021735472604632378,0.36110350489616394,0.3316171169281006,-0.0020901383832097054,0.3830893337726593,0.3035373091697693,-0.022353213280439377,0.35278862714767456,0.35519251227378845,-0.02552904561161995,0.3429788649082184,0.3677857518196106,-0.0231497623026371,0.338818222284317,0.3056224286556244,-0.005896361079066992,0.36066198348999023,0.2761344313621521,-0.02571950852870941,0.3353268802165985,0.3321940302848816,-0.01576933264732361,0.32435157895088196,0.3483915627002716,-0.003866753075271845,0.3120664358139038,0.2840656340122223,-0.010140055790543556,0.3300696611404419,0.2599082291126251,-0.02133307233452797,0.31678518652915955,0.3073517978191376,-0.01157624926418066,0.3084529638290405,0.3230009377002716,-0.0007459415937773883,Drink
0.32985416054725647,0.3521701991558075,-1.8296502446446539e-07,0.3779861330986023,0.39448243379592896,-0.0009717902867123485,0.4137727618217468,0.4135388135910034,-0.0009403968579135835,0.4442989230155945,0.4163162112236023,-0.00336278579197824,0.4582761526107788,0.4347488284111023,-0.0024377121590077877,0.4317868947982788,0.30489102005958557,0.010060913860797882,0.4653099775314331,0.2828914523124695,-0.0053315735422074795,0.43816331028938293,0.3149530589580536,-0.011500324122607708,0.41713955998420715,0.333271861076355,-0.012111835181713104,0.41897889971733093,0.2672656178474426,0.005476781632751226,0.4496302604675293,0.24760639667510986,-0.016844477504491806,0.416707307100296,0.29223453998565674,-0.023499634116888046,0.3992660641670227,0.30750396847724915,-0.02224976010620594,0.4003813564777374,0.23863700032234192,-0.0003947844379581511,0.43073007464408875,0.21889746189117432,-0.01934666559100151,0.402762770652771,0.26383501291275024,-0.010337058454751968,0.3860014081001282,0.27456098794937134,0.0018778665689751506,0.3753213584423065,0.21000640094280243,-0.0061501869931817055,0.40254339575767517,0.19491459429264069,-0.014569436199963093,0.3874909579753876,0.23476570844650269,-0.0031275246292352676,0.375954806804657,0.24396103620529175,0.009116027504205704,Drink
0.6723502278327942,0.08031970262527466,-2.4207491833294625e-07,0.6514222025871277,0.13794586062431335,-0.020693229511380196,0.6117758750915527,0.18314488232135773,-0.028449533507227898,0.5788388252258301,0.21340186893939972,-0.034935466945171356,0.5595439076423645,0.2490064650774002,-0.03855229914188385,0.5753765106201172,0.13529632985591888,-0.0029119239188730717,0.5582727193832397,0.09135214239358902,-0.02099079266190529,0.5851614475250244,0.08891154825687408,-0.031956009566783905,0.6016148328781128,0.10179855674505234,-0.036550119519233704,0.5766115784645081,0.09351849555969238,0.00034207035787403584,0.5576635599136353,0.05921204015612602,-0.01985102705657482,0.5929182767868042,0.06690143793821335,-0.026668721809983253,0.6090899705886841,0.08641133457422256,-0.025648517534136772,0.5818870067596436,0.05726826190948486,-0.00048712725401856005,0.5660332441329956,0.029135853052139282,-0.022676976397633553,0.5977986454963684,0.041238829493522644,-0.02148723043501377,0.6129651665687561,0.06221279874444008,-0.013672713190317154,0.5905322432518005,0.027164986357092857,-0.002604549750685692,0.5749770402908325,0.008577057160437107,-0.01589287631213665,0.5975008606910706,0.018866388127207756,-0.012044542469084263,0.6096017956733704,0.036248937249183655,-0.004829606506973505,Drink
0.6580542922019958,0.06552954763174057,-2.4087051997412345e-07,0.6340268850326538,0.1254134178161621,-0.018787911161780357,0.5946692228317261,0.17442861199378967,-0.025623956695199013,0.5629458427429199,0.20806895196437836,-0.03171743080019951,0.5459043979644775,0.24649178981781006,-0.034912146627902985,0.5595230460166931,0.12245066463947296,0.0007508121198043227,0.5398836731910706,0.08132582902908325,-0.01636054553091526,0.5661810636520386,0.07851642370223999,-0.02780439332127571,0.5855745077133179,0.0921616479754448,-0.0328938290476799,0.5607619285583496,0.0784822627902031,0.003427743911743164,0.5385968089103699,0.047337669879198074,-0.016299625858664513,0.5728476047515869,0.05173089727759361,-0.02428651787340641,0.5932935476303101,0.07097969949245453,-0.02409479394555092,0.5673736929893494,0.04124917834997177,0.00223032059147954,0.5468251705169678,0.01609749160706997,-0.01851324737071991,0.5766567587852478,0.024258116260170937,-0.017957475036382675,0.5956340432167053,0.044066157191991806,-0.0107974698767066,0.5783315896987915,0.010862491093575954,-0.0002023724518949166,0.5613411068916321,-0.004745567217469215,-0.01270579919219017,0.5815799236297607,0.004872274585068226,-0.009503048844635487,0.595201849937439,0.021996622905135155,-0.0029500997625291348,Drink
0.6360358595848083,0.036953747272491455,-2.2954523615226208e-07,0.6185226440429688,0.10776152461767197,-0.022896936163306236,0.5794985890388489,0.16205953061580658,-0.02876345068216324,0.5457797050476074,0.19849728047847748,-0.03276743367314339,0.5275837182998657,0.23760241270065308,-0.033635564148426056,0.5450839400291443,0.11637937277555466,0.0007320130243897438,0.5234097838401794,0.07285095751285553,-0.015378167852759361,0.549089789390564,0.06422052532434464,-0.025561098009347916,0.5693170428276062,0.07402799278497696,-0.02941538393497467,0.5435996651649475,0.07037372142076492,0.006898160558193922,0.5193232893943787,0.04097818210721016,-0.0119127556681633,0.5538577437400818,0.03993305191397667,-0.01933303475379944,0.5754972696304321,0.056016091257333755,-0.018419621512293816,0.5476619005203247,0.0324324406683445,0.008729065768420696,0.5287950038909912,0.00903778150677681,-0.012129053473472595,0.5597866773605347,0.014542699791491032,-0.012358512729406357,0.5782497525215149,0.03255225718021393,-0.005103530827909708,0.5555741786956787,9.618915646569803e-05,0.009255535900592804,0.5391930341720581,-0.015145858749747276,-0.0022982649970799685,0.560957670211792,-0.007249859627336264,0.000996739137917757,0.5745711922645569,0.009759796783328056,0.0077035739086568356,Drink
0.5591382384300232,0.08743414282798767,-2.4299802703353635e-07,0.536297082901001,0.1613062024116516,-0.015868758782744408,0.5059185028076172,0.22090236842632294,-0.025420881807804108,0.47698643803596497,0.26591935753822327,-0.035712141543626785,0.4611568748950958,0.30805426836013794,-0.043325986713171005,0.46343857049942017,0.15658679604530334,5.366274854168296e-05,0.4364422559738159,0.14187483489513397,-0.019217906519770622,0.4624711275100708,0.1375829577445984,-0.03408993408083916,0.48540574312210083,0.14116352796554565,-0.0419718436896801,0.46628591418266296,0.10825958847999573,-0.0008910070173442364,0.4342701733112335,0.09787315130233765,-0.02203361503779888,0.4664674997329712,0.10277153551578522,-0.032092392444610596,0.4893718659877777,0.11273722350597382,-0.03452069312334061,0.47491785883903503,0.06552775949239731,-0.00551464082673192,0.44521579146385193,0.051819391548633575,-0.025324588641524315,0.4731808304786682,0.06305280327796936,-0.024159641936421394,0.49499592185020447,0.07608333975076675,-0.018171200528740883,0.48789265751838684,0.025672273710370064,-0.011640754528343678,0.467757910490036,0.015436380170285702,-0.023131554946303368,0.48535099625587463,0.03147009760141373,-0.019589532166719437,0.5002232789993286,0.047245580703020096,-0.014006846584379673,Drink
0.5119189023971558,0.11956591159105301,-2.540813852647261e-07,0.49522486329078674,0.1952284872531891,-0.014589999802410603,0.47247013449668884,0.25827842950820923,-0.024248048663139343,0.45006027817726135,0.30732157826423645,-0.03501597419381142,0.4363243877887726,0.34664681553840637,-0.043371059000492096,0.43117040395736694,0.19486579298973083,-0.0024291041772812605,0.40020835399627686,0.1906655728816986,-0.022379735484719276,0.42393970489501953,0.18314456939697266,-0.037480734288692474,0.4468938708305359,0.18079018592834473,-0.045217327773571014,0.43329325318336487,0.14876556396484375,-0.003901164513081312,0.40027564764022827,0.14527545869350433,-0.025727465748786926,0.43044134974479675,0.14760610461235046,-0.035698939114809036,0.4538744390010834,0.1537792980670929,-0.0384012870490551,0.4394436776638031,0.1079014241695404,-0.008857661858201027,0.4093457758426666,0.10120858997106552,-0.028402196243405342,0.43554556369781494,0.10944640636444092,-0.027381394058465958,0.45749202370643616,0.11797358095645905,-0.021841654554009438,0.44885703921318054,0.06827185302972794,-0.015289849601686,0.4253034293651581,0.05875987559556961,-0.02653207629919052,0.43992218375205994,0.07058032602071762,-0.023193232715129852,0.4548506736755371,0.0828021764755249,-0.018033193424344063,Drink
0.2957466244697571,0.28943532705307007,-1.3429308864942868e-07,0.33434543013572693,0.3292350172996521,-0.016003135591745377,0.3790914714336395,0.35373032093048096,-0.02123086526989937,0.4224390387535095,0.36405855417251587,-0.02432723343372345,0.4501616954803467,0.3903482258319855,-0.02242443710565567,0.4034716784954071,0.2830953001976013,4.677293418353656e-06,0.41481813788414,0.2507500648498535,-0.013904106803238392,0.3883759081363678,0.27438923716545105,-0.02070852741599083,0.3892512619495392,0.2942403554916382,-0.023649215698242188,0.3900083303451538,0.24375668168067932,0.004199416376650333,0.4048110842704773,0.21514467895030975,-0.005555565468966961,0.37402233481407166,0.24502333998680115,-0.0026054163463413715,0.3787776827812195,0.2593856453895569,0.0016852020053192973,0.3744877278804779,0.2095717340707779,0.0043609971180558205,0.3903470039367676,0.18270611763000488,-0.0052701691165566444,0.363819420337677,0.21179203689098358,0.005561793223023415,0.36695563793182373,0.23244504630565643,0.014900614507496357,0.35827404260635376,0.1825220137834549,0.0025504406075924635,0.36841481924057007,0.15969783067703247,0.0017784798983484507,0.35317984223365784,0.1834321767091751,0.012008565478026867,0.3517286479473114,0.2037850320339203,0.020770519971847534,Drink
0.33073559403419495,0.2673250138759613,-1.575899517547441e-07,0.36807355284690857,0.31281810998916626,-0.014545870013535023,0.4114684760570526,0.3459031581878662,-0.019464341923594475,0.45397597551345825,0.36656925082206726,-0.0225717443972826,0.4789394736289978,0.397443950176239,-0.020808899775147438,0.43745219707489014,0.27620840072631836,-0.0012994263088330626,0.4545982778072357,0.24749669432640076,-0.016344787552952766,0.42535120248794556,0.2665632367134094,-0.023810066282749176,0.42067909240722656,0.2845023274421692,-0.0271954033523798,0.42721667885780334,0.23432570695877075,0.0011449457379058003,0.4470058083534241,0.20767606794834137,-0.012328616343438625,0.4130999743938446,0.23404648900032043,-0.011827351525425911,0.41205212473869324,0.24955040216445923,-0.008686850778758526,0.4132084846496582,0.198571115732193,0.00013727607438340783,0.4322662353515625,0.17348165810108185,-0.012891875579953194,0.4033171236515045,0.2008437216281891,-0.0019694992806762457,0.40143275260925293,0.22151143848896027,0.008370956405997276,0.3971720337867737,0.17048011720180511,-0.0025540522765368223,0.40988054871559143,0.14649495482444763,-0.006714818999171257,0.392927348613739,0.17195649445056915,0.003591584973037243,0.3894651532173157,0.19217237830162048,0.013181823305785656,Drink
0.352426677942276,0.25607696175575256,-1.650700482969114e-07,0.3894798755645752,0.3049940764904022,-0.014566060155630112,0.42919427156448364,0.34379979968070984,-0.020258715376257896,0.4725528061389923,0.3647262454032898,-0.02400295063853264,0.4995250701904297,0.3931996822357178,-0.02249552682042122,0.4601266384124756,0.27276891469955444,-0.0016627098666504025,0.4770970344543457,0.24533145129680634,-0.016386687755584717,0.44720223546028137,0.26444488763809204,-0.023612646386027336,0.4431918263435364,0.28232187032699585,-0.026945501565933228,0.45076826214790344,0.22952574491500854,0.0019587529823184013,0.47091853618621826,0.20446176826953888,-0.011325097642838955,0.4360511302947998,0.23029696941375732,-0.010405736975371838,0.436388224363327,0.2454277127981186,-0.007429026532918215,0.43792787194252014,0.19201524555683136,0.002405148698017001,0.4582192301750183,0.1678219735622406,-0.009725026786327362,0.4289260804653168,0.19314239919185638,0.0023284342605620623,0.42695003747940063,0.21544936299324036,0.012871374376118183,0.42367416620254517,0.16247676312923431,0.0011862716637551785,0.43659013509750366,0.13872487843036652,-0.001566678867675364,0.41974911093711853,0.16252461075782776,0.009432445280253887,0.41686487197875977,0.1843879222869873,0.019113153219223022,Drink
0.63567715883255,0.2849111557006836,-2.3713222674359713e-07,0.6061273217201233,0.3518213629722595,-0.014652373269200325,0.5706738829612732,0.39623090624809265,-0.02168147824704647,0.5378292202949524,0.4235258102416992,-0.029793033376336098,0.5165696144104004,0.4476947486400604,-0.03509167954325676,0.5415248870849609,0.32148638367652893,0.004331901203840971,0.5126219987869263,0.2980099022388458,-0.01620776578783989,0.5363503694534302,0.2965555191040039,-0.03237777575850487,0.5601356029510498,0.3037988841533661,-0.04011116921901703,0.5518386363983154,0.2773955762386322,0.0031339770648628473,0.5222694277763367,0.2564159035682678,-0.01894727163016796,0.5502709150314331,0.26813435554504395,-0.030691156163811684,0.5714772343635559,0.28540048003196716,-0.03382716700434685,0.5645634531974792,0.24076783657073975,-0.00214752578176558,0.5391110181808472,0.21966367959976196,-0.0224926620721817,0.5631288886070251,0.23807621002197266,-0.022442717105150223,0.5819737911224365,0.2583443820476532,-0.016759905964136124,0.5808910131454468,0.20657365024089813,-0.008986013010144234,0.5626903176307678,0.18697836995124817,-0.02059417963027954,0.5766645669937134,0.20566000044345856,-0.017343083396553993,0.5895684957504272,0.22753304243087769,-0.011613400653004646,Drink
0.6496521234512329,0.24720646440982819,-2.3830348538922408e-07,0.6192932724952698,0.3136107921600342,-0.015624205581843853,0.5828558802604675,0.35805439949035645,-0.02314046211540699,0.5470739603042603,0.38749533891677856,-0.03157268092036247,0.5256891846656799,0.4159323275089264,-0.037021610885858536,0.5581077337265015,0.27931785583496094,0.004071924835443497,0.5270131230354309,0.2466130554676056,-0.015319808386266232,0.5511021614074707,0.2502632737159729,-0.030563959851861,0.5737243890762329,0.26295042037963867,-0.03818989545106888,0.5689632296562195,0.23602797091007233,0.003856025170534849,0.537563145160675,0.2100566327571869,-0.016947753727436066,0.5645102262496948,0.2240966111421585,-0.027925897389650345,0.5840722322463989,0.24450773000717163,-0.03142571821808815,0.5814981460571289,0.20067216455936432,-0.0004673310904763639,0.5542561411857605,0.1772232949733734,-0.0197664275765419,0.5772300958633423,0.19552095234394073,-0.019074128940701485,0.5953992605209351,0.2174127697944641,-0.013708063401281834,0.5970450639724731,0.16804787516593933,-0.006490181665867567,0.5782958269119263,0.1463472545146942,-0.017588168382644653,0.5917856693267822,0.16437216103076935,-0.014356983825564384,0.6045686602592468,0.18686862289905548,-0.009218837134540081,Drink
0.6388629078865051,0.2604360580444336,-2.2814701594597864e-07,0.6100416779518127,0.32912132143974304,-0.014887329190969467,0.5746820569038391,0.37466567754745483,-0.022331902757287025,0.5406613349914551,0.4060894846916199,-0.030835099518299103,0.5213567614555359,0.43756330013275146,-0.036541517823934555,0.5495004057884216,0.2980762720108032,0.0035609358455985785,0.5182099938392639,0.2686060667037964,-0.016012271866202354,0.5415398478507996,0.2706327736377716,-0.03117760270833969,0.5631809830665588,0.2810535430908203,-0.038788970559835434,0.5599503517150879,0.25525709986686707,0.002692014677450061,0.5289095044136047,0.2322988659143448,-0.017952755093574524,0.5550876259803772,0.244940847158432,-0.0287697184830904,0.573746383190155,0.2631928324699402,-0.032327800989151,0.572187602519989,0.21974429488182068,-0.002189263701438904,0.5447905659675598,0.19956587255001068,-0.02115635946393013,0.5672720074653625,0.21730227768421173,-0.020369702950119972,0.5847858190536499,0.23729084432125092,-0.015172259882092476,0.5871778726577759,0.18626637756824493,-0.008721726946532726,0.5678119659423828,0.1668163686990738,-0.0195245873183012,0.5807631015777588,0.1836513727903366,-0.016100484877824783,0.5931872725486755,0.20385953783988953,-0.010922501794993877,Drink
0.6778205633163452,0.8396795988082886,-5.408945185081393e-07,0.6315925717353821,0.8107925653457642,-0.0058225649408996105,0.595794141292572,0.7366249561309814,-0.007069972809404135,0.5760613083839417,0.6856232285499573,-0.011143437586724758,0.5557019710540771,0.6395476460456848,-0.011981462128460407,0.6132490038871765,0.6231228709220886,0.015289518982172012,0.5803878307342529,0.6202487945556641,-0.008898235857486725,0.594581663608551,0.6882683038711548,-0.025014828890562057,0.6105401515960693,0.7272930145263672,-0.03163301572203636,0.6386163234710693,0.6111068725585938,0.00892290472984314,0.6010578870773315,0.6031889319419861,-0.01524545717984438,0.6162435412406921,0.6842766404151917,-0.020734604448080063,0.6338003277778625,0.7149850130081177,-0.017436442896723747,0.6673401594161987,0.6119721531867981,-0.0021597477607429028,0.6309961080551147,0.6028695702552795,-0.02498808316886425,0.6412298679351807,0.6809466481208801,-0.016291260719299316,0.656614363193512,0.7050122618675232,-0.003510094480589032,0.6979025602340698,0.625789999961853,-0.014633710496127605,0.6669961810112,0.6201375722885132,-0.026979131624102592,0.6656230688095093,0.675846517086029,-0.018729697912931442,0.6750853657722473,0.6954574584960938,-0.008109659887850285,Drink
0.6200537085533142,0.885658323764801,-5.842695145474863e-07,0.5799374580383301,0.8355801105499268,-0.0013517554616555572,0.5573509335517883,0.7612342834472656,-0.003967612516134977,0.5433551669120789,0.7053816318511963,-0.010320036672055721,0.5338901281356812,0.6546825170516968,-0.012941163033246994,0.5955069065093994,0.6364554166793823,0.019784418866038322,0.5459408164024353,0.6438852548599243,-0.005028505809605122,0.5474427342414856,0.7150694727897644,-0.021782897412776947,0.5614291429519653,0.7495929598808289,-0.029354918748140335,0.6142557859420776,0.6331012845039368,0.010580407455563545,0.5536177158355713,0.6496676206588745,-0.01366482488811016,0.5590268969535828,0.7331167459487915,-0.018252085894346237,0.5763420462608337,0.7567946314811707,-0.015069235116243362,0.63284832239151,0.6468474864959717,-0.003233634866774082,0.5730357766151428,0.6625549793243408,-0.025936830788850784,0.5779755115509033,0.7397732734680176,-0.016813013702630997,0.5941353440284729,0.7596954703330994,-0.004445917438715696,0.6498158574104309,0.6759828329086304,-0.01846775971353054,0.6003314256668091,0.6862548589706421,-0.031883541494607925,0.5990985631942749,0.7372164130210876,-0.02533804066479206,0.612689197063446,0.7533543109893799,-0.015433970838785172,Drink
0.33001795411109924,0.7821738123893738,-2.850351563665754e-07,0.37852609157562256,0.752769947052002,-0.006707845721393824,0.41492658853530884,0.6659041047096252,-0.007224483415484428,0.4386211931705475,0.6106000542640686,-0.008696986362338066,0.4661738872528076,0.588573157787323,-0.006449119187891483,0.3863871097564697,0.5680815577507019,0.0047638071700930595,0.4182742238044739,0.5748365521430969,-0.008258044719696045,0.40444815158843994,0.6366333961486816,-0.012284028343856335,0.38928675651550293,0.6400884389877319,-0.014847149141132832,0.3576384484767914,0.5554548501968384,0.0003750158939510584,0.3945024311542511,0.5748118162155151,-0.016027947887778282,0.3811662495136261,0.6459049582481384,-0.01727871410548687,0.3646456301212311,0.6413521766662598,-0.015105865895748138,0.32987546920776367,0.563838005065918,-0.006582896690815687,0.3656093180179596,0.5781617760658264,-0.024683520197868347,0.3593640625476837,0.6502009630203247,-0.016590023413300514,0.3435269594192505,0.6527078747749329,-0.007844101637601852,0.304829865694046,0.5822378993034363,-0.014262259006500244,0.33725130558013916,0.5925905704498291,-0.025239994749426842,0.3385585844516754,0.6449331641197205,-0.017906848341226578,0.3258236348628998,0.6508513689041138,-0.009831969626247883,Drink
0.3727167844772339,0.8203777074813843,-2.958477125503123e-07,0.4142898619174957,0.7700748443603516,-0.00021511806698981673,0.4365624189376831,0.6766919493675232,0.0010613325284793973,0.4478417634963989,0.6237866282463074,-0.00017224908515345305,0.4649180769920349,0.5904589891433716,0.0020735044963657856,0.4075496196746826,0.5936669111251831,0.009663271717727184,0.44278204441070557,0.58701092004776,-0.00344645231962204,0.4354378283023834,0.6488828659057617,-0.008121561259031296,0.4217759966850281,0.6616621017456055,-0.011074117384850979,0.38138505816459656,0.5859456658363342,0.0014935230137780309,0.4246004521846771,0.5878695249557495,-0.01290872786194086,0.41778242588043213,0.6606203317642212,-0.013192275539040565,0.4020406901836395,0.66518634557724,-0.01054783258587122,0.35687288641929626,0.5985219478607178,-0.009060068987309933,0.3999403715133667,0.5953283905982971,-0.025605257600545883,0.3980638384819031,0.6679682731628418,-0.016853848472237587,0.3815360367298126,0.6773104071617126,-0.008034243248403072,0.3346458971500397,0.6232398748397827,-0.0198654904961586,0.3725973665714264,0.6178343296051025,-0.030835656449198723,0.3780173361301422,0.6695564389228821,-0.022703366354107857,0.3664250671863556,0.6807345747947693,-0.014103176072239876,Drink
0.4251563251018524,0.899861216545105,-3.783530075907038e-07,0.4639008343219757,0.8034458160400391,0.00919286347925663,0.46427467465400696,0.7171194553375244,0.009743393398821354,0.46669521927833557,0.660304844379425,0.005279179196804762,0.4746111035346985,0.6149322390556335,0.0037957385648041964,0.4022308588027954,0.6380137205123901,0.015761956572532654,0.47203245759010315,0.6228330135345459,-0.000707026687450707,0.4774905741214752,0.685194730758667,-0.011057303287088871,0.4592646360397339,0.702247142791748,-0.01836150325834751,0.392962247133255,0.6452993154525757,0.0011347566032782197,0.4725645184516907,0.633740246295929,-0.014029465615749359,0.47606486082077026,0.7027473449707031,-0.014757774770259857,0.45702314376831055,0.7186753749847412,-0.01379871740937233,0.39236190915107727,0.6677824854850769,-0.015553675591945648,0.4666915833950043,0.6523092985153198,-0.029836367815732956,0.47063350677490234,0.7198511362075806,-0.021343441680073738,0.4514901340007782,0.7395275235176086,-0.014229818247258663,0.39802682399749756,0.6996368169784546,-0.032448042184114456,0.45028138160705566,0.6818510293960571,-0.04048187658190727,0.4550141394138336,0.730336606502533,-0.03340749815106392,0.4402461647987366,0.7483266592025757,-0.027051623910665512,Drink
0.6820005178451538,0.4652659296989441,-2.8412350161488575e-07,0.6379633545875549,0.49838995933532715,-0.006504615303128958,0.5963578224182129,0.5045300126075745,-0.010779649019241333,0.5646176338195801,0.4984450340270996,-0.018076270818710327,0.5396628379821777,0.503153920173645,-0.02463282085955143,0.5982518196105957,0.4162895083427429,0.008274728432297707,0.5685652494430542,0.3883381187915802,-0.008894553408026695,0.5809171199798584,0.40647605061531067,-0.023509658873081207,0.6007727980613708,0.42825961112976074,-0.030612310394644737,0.6138710379600525,0.38466355204582214,0.0032980439718812704,0.5840823650360107,0.35034269094467163,-0.014299738220870495,0.6001884341239929,0.38461726903915405,-0.024513332173228264,0.6198940873146057,0.4135183095932007,-0.027022846043109894,0.6327816843986511,0.3569393754005432,-0.004668974317610264,0.6034072637557983,0.3218976557254791,-0.020208463072776794,0.6189896464347839,0.36066484451293945,-0.01930968463420868,0.6371877193450928,0.38962146639823914,-0.014004708267748356,0.656691312789917,0.33201515674591064,-0.013655186630785465,0.6324933767318726,0.30505087971687317,-0.023244937881827354,0.6382743716239929,0.33681371808052063,-0.018981071189045906,0.6495031714439392,0.36431559920310974,-0.012773954309523106,Drink
0.6355768442153931,0.51816326379776,-4.559797730507853e-07,0.5914108157157898,0.5423569679260254,0.005938531365245581,0.5640110373497009,0.5385891199111938,0.010964697226881981,0.5445243120193481,0.5231990218162537,0.010635809041559696,0.529060423374176,0.5100184679031372,0.011230874806642532,0.572519838809967,0.43815362453460693,0.028641970828175545,0.5406904220581055,0.4132123589515686,0.016753120347857475,0.5456360578536987,0.4469324052333832,0.004332637879997492,0.5611381530761719,0.47733476758003235,-0.0009717361535876989,0.5855316519737244,0.41537025570869446,0.021257637068629265,0.5534709692001343,0.379580557346344,0.008324230089783669,0.5684279203414917,0.42710936069488525,-0.00191818131133914,0.5907752513885498,0.4597585201263428,-0.0036588741932064295,0.6033430099487305,0.3883666396141052,0.011553364805877209,0.5720220804214478,0.34896907210350037,-6.759486859664321e-05,0.5863072276115417,0.40371260046958923,-0.0011068055173382163,0.6089236736297607,0.4361813962459564,0.003458327380940318,0.6272334456443787,0.36170175671577454,0.0018446663161739707,0.601181149482727,0.32870733737945557,-0.005063011310994625,0.6020568013191223,0.3700421154499054,-0.0015977272996678948,0.6149354577064514,0.40103766322135925,0.004647054709494114,Drink
0.5831307172775269,0.5554280281066895,-4.993589186597092e-07,0.5427870750427246,0.5522124171257019,0.016240162774920464,0.5277153849601746,0.5241968631744385,0.02680150605738163,0.5191010236740112,0.4914025664329529,0.029741128906607628,0.512376070022583,0.4630899429321289,0.03266788646578789,0.5431249141693115,0.451324999332428,0.045666106045246124,0.5191161036491394,0.4244530200958252,0.0380958653986454,0.5186052322387695,0.46089813113212585,0.02700244076550007,0.5306149125099182,0.4922265410423279,0.02206401340663433,0.5526794195175171,0.43172553181648254,0.035022057592868805,0.5221498608589172,0.3955322206020355,0.025219229981303215,0.5291230082511902,0.4502330720424652,0.01369667612016201,0.5499547719955444,0.48484769463539124,0.010949981398880482,0.567584753036499,0.4051520824432373,0.022498439997434616,0.5351952314376831,0.3726206421852112,0.013865415938198566,0.5415387153625488,0.4335930645465851,0.010260607115924358,0.5640735626220703,0.46797776222229004,0.012744431383907795,0.5889986157417297,0.37630435824394226,0.010773046873509884,0.5586854219436646,0.35116416215896606,0.00890620518475771,0.5561574697494507,0.3974013328552246,0.013012965209782124,0.5706762075424194,0.4296209216117859,0.018977871164679527,Drink
0.3467302918434143,0.7456159591674805,-2.516128461138578e-07,0.39248859882354736,0.7160366773605347,-0.0036663829814642668,0.4259459376335144,0.6447513699531555,-0.0038382678758352995,0.447143018245697,0.5966556072235107,-0.006506051402539015,0.47020673751831055,0.5716457962989807,-0.006032904610037804,0.41238781809806824,0.5731682181358337,0.009302280843257904,0.4377886950969696,0.5573389530181885,-0.006907647475600243,0.42222708463668823,0.6150751709938049,-0.01330522634088993,0.40893521904945374,0.6285691261291504,-0.015290522947907448,0.38743096590042114,0.5597361922264099,0.004120262339711189,0.41750410199165344,0.5446392297744751,-0.014374676160514355,0.40152508020401,0.6138420701026917,-0.015627095475792885,0.3871329426765442,0.6218748688697815,-0.011570746079087257,0.3608369529247284,0.5568591356277466,-0.004073963966220617,0.39050182700157166,0.542242169380188,-0.02366441674530506,0.3804570436477661,0.6114708185195923,-0.01510788407176733,0.3664930462837219,0.6234201192855835,-0.004147819709032774,0.33267462253570557,0.5600872039794922,-0.012427566573023796,0.3622846007347107,0.5479711294174194,-0.02211807668209076,0.3604055345058441,0.5987981557846069,-0.012448830530047417,0.34937429428100586,0.6116341352462769,-0.002088416600599885,Drink
0.3273257911205292,0.6690022945404053,-2.4425824562968046e-07,0.3734526038169861,0.6718286871910095,-0.010568109340965748,0.42131489515304565,0.6147895455360413,-0.012311422266066074,0.4519263207912445,0.5707916617393494,-0.01368759199976921,0.4795607626438141,0.5644068717956543,-0.011217542923986912,0.4068114757537842,0.536865770816803,-0.0018756184726953506,0.4320669174194336,0.5163323879241943,-0.01549100037664175,0.41091692447662354,0.5687820911407471,-0.017939837649464607,0.3992379307746887,0.5774779915809631,-0.01827055960893631,0.3823053240776062,0.5148729085922241,-0.0031640438828617334,0.41113507747650146,0.49135082960128784,-0.02005920000374317,0.3900594711303711,0.5565043687820435,-0.019445784389972687,0.3779999613761902,0.557479202747345,-0.014792771078646183,0.3562546670436859,0.5028204321861267,-0.007256628014147282,0.3817601203918457,0.4825098514556885,-0.025391211733222008,0.36882612109184265,0.5482047200202942,-0.016290511935949326,0.35773247480392456,0.5496726632118225,-0.006034998223185539,0.32870346307754517,0.4952504336833954,-0.011895892210304737,0.35254791378974915,0.48266589641571045,-0.021144604310393333,0.3483206331729889,0.5310425758361816,-0.012095647864043713,0.3388712406158447,0.5359895825386047,-0.003241965314373374,Drink
0.33905142545700073,0.6409921646118164,-2.3268167126389017e-07,0.3841177523136139,0.6555923819541931,-0.01324891485273838,0.4339282810688019,0.6083803176879883,-0.015369848348200321,0.4680405557155609,0.5684359073638916,-0.016338517889380455,0.4964478611946106,0.5676599144935608,-0.013089201413094997,0.4230426549911499,0.5297972559928894,-0.0022245869040489197,0.44353559613227844,0.5079201459884644,-0.01568884775042534,0.41946688294410706,0.5560956597328186,-0.01859806291759014,0.41104987263679504,0.5603535771369934,-0.01957898773252964,0.40050214529037476,0.504740297794342,-0.0017598969861865044,0.4236375093460083,0.47878581285476685,-0.017530014738440514,0.39980292320251465,0.5395598411560059,-0.01601261831820011,0.39220717549324036,0.5392622351646423,-0.010819739662110806,0.37553268671035767,0.48794764280319214,-0.00462221959605813,0.3954088091850281,0.4640445113182068,-0.02138325199484825,0.3795229196548462,0.5258872509002686,-0.011568170040845871,0.3734288811683655,0.5269630551338196,-0.0010237798560410738,0.3500501215457916,0.4742167592048645,-0.008524855598807335,0.3652971684932709,0.4617924392223358,-0.016482088714838028,0.35934871435165405,0.5069333910942078,-0.007799367420375347,0.3551405370235443,0.5112762451171875,0.0005916311056353152,Drink
0.6367984414100647,0.5414379239082336,-3.7615879477925773e-07,0.5913108587265015,0.5539900064468384,-0.003143904497846961,0.5550680160522461,0.5412054657936096,-0.0041289543733000755,0.531501054763794,0.5173697471618652,-0.00900405365973711,0.5134785771369934,0.5005549192428589,-0.012731436640024185,0.5666995048522949,0.4413333237171173,0.015589826740324497,0.5388441681861877,0.4034506380558014,-0.0004324281762819737,0.5481786727905273,0.437062531709671,-0.01371729001402855,0.5646956562995911,0.4682479798793793,-0.019571539014577866,0.5834589004516602,0.41698119044303894,0.009554268792271614,0.5548843741416931,0.3671051561832428,-0.00747044337913394,0.5673191547393799,0.41688433289527893,-0.016582239419221878,0.5866843461990356,0.4528826177120209,-0.016926640644669533,0.6047109961509705,0.3964758813381195,0.00038844611844979227,0.5781166553497314,0.3460136950016022,-0.015157990157604218,0.5889057517051697,0.4024029076099396,-0.013689668849110603,0.6065098643302917,0.4394189715385437,-0.0067785051651299,0.6322993636131287,0.3811979591846466,-0.0096913306042552,0.6102334856987,0.3410334289073944,-0.019851088523864746,0.6105703115463257,0.3829250931739807,-0.015610270202159882,0.6208264231681824,0.4161442816257477,-0.008383022621273994,Drink
0.6241991519927979,0.49288657307624817,-3.05846839410151e-07,0.5839025378227234,0.5185562372207642,-0.0062269484624266624,0.5471898913383484,0.5202877521514893,-0.011076643131673336,0.5232146978378296,0.5116507411003113,-0.0188768208026886,0.5050132274627686,0.5110251903533936,-0.025733062997460365,0.5460502505302429,0.4120010435581207,0.005464734043926001,0.5150226354598999,0.3799722492694855,-0.012390704825520515,0.5258662104606628,0.40501928329467773,-0.026548488065600395,0.5451397895812988,0.4307410717010498,-0.032865192741155624,0.5618832111358643,0.3841271698474884,6.817033136030659e-05,0.5316239595413208,0.3427319824695587,-0.018567677587270737,0.546066164970398,0.3852970600128174,-0.02800075151026249,0.5665831565856934,0.41706815361976624,-0.028853001073002815,0.5823025703430176,0.36117351055145264,-0.008219258859753609,0.5538796782493591,0.31648150086402893,-0.0244646854698658,0.5668385028839111,0.36545151472091675,-0.02366543747484684,0.5847494602203369,0.3984845280647278,-0.017618436366319656,0.6088970303535461,0.3429672122001648,-0.017497237771749496,0.5863924026489258,0.30660581588745117,-0.02798580192029476,0.5885382890701294,0.3449915647506714,-0.024278100579977036,0.598648190498352,0.37729841470718384,-0.017737628892064095,Drink
0.5935086607933044,0.4843146502971649,-4.4346776917336683e-07,0.5488936901092529,0.5082205533981323,0.0003810137859545648,0.5137036442756653,0.49184173345565796,0.00268339435569942,0.49640047550201416,0.4563639461994171,0.0004669328627642244,0.48471900820732117,0.42830541729927063,-0.0004983255639672279,0.5185530185699463,0.40081796050071716,0.02022836171090603,0.48841392993927,0.3737553060054779,0.0037497119046747684,0.49981123208999634,0.4107031524181366,-0.009102876298129559,0.51887446641922,0.4405142664909363,-0.01411993708461523,0.5331606864929199,0.375667929649353,0.013797551393508911,0.5012467503547668,0.3364139199256897,-0.0034887061920017004,0.519497275352478,0.38839271664619446,-0.011451270431280136,0.5418149828910828,0.4172377586364746,-0.010377187281847,0.5521412491798401,0.34985214471817017,0.00421237014234066,0.5213198065757751,0.30946940183639526,-0.01139979250729084,0.5380367040634155,0.36853188276290894,-0.008994241245090961,0.5585963129997253,0.3968403935432434,-0.001078133238479495,0.5773835778236389,0.32538676261901855,-0.005921101663261652,0.5506287217140198,0.2944602966308594,-0.01437431387603283,0.5550671815872192,0.3383198082447052,-0.008884122595191002,0.5683943033218384,0.36317139863967896,-0.0008137233671732247,Drink
0.2932334244251251,0.4801034927368164,-2.20070106138337e-07,0.335559606552124,0.5091277956962585,-0.013350389897823334,0.38571321964263916,0.5015107989311218,-0.017937585711479187,0.42358872294425964,0.4801746606826782,-0.021949218586087227,0.45095422863960266,0.4895898401737213,-0.022751793265342712,0.38945719599723816,0.4121083915233612,-0.0052358005195856094,0.4121759533882141,0.37632110714912415,-0.02200426161289215,0.38622382283210754,0.41572684049606323,-0.027497144415974617,0.37117019295692444,0.43741363286972046,-0.028062719851732254,0.37011539936065674,0.3777654469013214,-0.00486598489806056,0.3946223855018616,0.3412593901157379,-0.024094142019748688,0.36686238646507263,0.3956708312034607,-0.02554314211010933,0.3545660972595215,0.4140506684780121,-0.021273938938975334,0.3471812605857849,0.3530164957046509,-0.007242754567414522,0.36997345089912415,0.31761011481285095,-0.027328552678227425,0.34771785140037537,0.37501052021980286,-0.018119368702173233,0.33683305978775024,0.39354899525642395,-0.006029333453625441,0.32004866003990173,0.3327862024307251,-0.010399571619927883,0.3389233946800232,0.3044006824493408,-0.02172662876546383,0.32878270745277405,0.3504588007926941,-0.012935700826346874,0.32167890667915344,0.36849257349967957,-0.0027240365743637085,Drink
0.33511096239089966,0.48137983679771423,-2.639090439515712e-07,0.3755186200141907,0.5077027082443237,-0.0031470758840441704,0.41482171416282654,0.48941659927368164,-0.002683241618797183,0.4382495582103729,0.46736931800842285,-0.0038399850018322468,0.45501604676246643,0.4740927517414093,-0.00233342288993299,0.4169560968875885,0.399885892868042,0.001407091272994876,0.4468103051185608,0.36726081371307373,-0.015471454709768295,0.42652198672294617,0.4108702540397644,-0.02085813879966736,0.4074016213417053,0.4333319067955017,-0.020390845835208893,0.4001447260379791,0.3719958961009979,-0.0027185906656086445,0.43341782689094543,0.3337668478488922,-0.021497003734111786,0.40763670206069946,0.3913903534412384,-0.021721286699175835,0.3888751268386841,0.4098043143749237,-0.01580985262989998,0.38059261441230774,0.34626305103302,-0.009162900038063526,0.4142759442329407,0.30969250202178955,-0.028431648388504982,0.39196574687957764,0.36927157640457153,-0.01914167031645775,0.3747568130493164,0.386280357837677,-0.006574584171175957,0.3556585907936096,0.3215646743774414,-0.015576950274407864,0.38518038392066956,0.3005780577659607,-0.025934388861060143,0.373745858669281,0.34594061970710754,-0.016539085656404495,0.3609480857849121,0.36277899146080017,-0.006106029264628887,Drink
0.3970352113246918,0.5205864906311035,-2.0801324751573702e-07,0.441036194562912,0.5135464668273926,0.00624751066789031,0.4613359868526459,0.4766564667224884,0.0097737368196249,0.4731074273586273,0.4418809115886688,0.007421432062983513,0.4792618155479431,0.40701228380203247,0.006839802488684654,0.4561174213886261,0.41088369488716125,0.022363267838954926,0.4828903079032898,0.3751717507839203,0.005768347531557083,0.4751392602920532,0.4237459599971771,-0.004378910642117262,0.45750942826271057,0.4566144049167633,-0.006582221481949091,0.4445435404777527,0.3896923065185547,0.012400231324136257,0.4737868905067444,0.35033878684043884,-0.005419029854238033,0.4618816375732422,0.4106552004814148,-0.012220658361911774,0.44125744700431824,0.44029733538627625,-0.01097515132278204,0.4284747838973999,0.36483627557754517,-0.0003492420364636928,0.4612802565097809,0.3274799585342407,-0.018565639853477478,0.44913527369499207,0.39258089661598206,-0.014598655514419079,0.42770153284072876,0.41913023591041565,-0.005241589155048132,0.40462616086006165,0.3392425775527954,-0.012731831520795822,0.43837982416152954,0.31696584820747375,-0.022761452943086624,0.4349287748336792,0.36522120237350464,-0.014441694132983685,0.4187978208065033,0.38907307386398315,-0.004261027090251446,Drink
0.6212829351425171,0.34188205003738403,-2.7223580900681554e-07,0.5859436988830566,0.3953116536140442,-0.007670061197131872,0.5516140460968018,0.4244542717933655,-0.013562999665737152,0.5222552418708801,0.4375106692314148,-0.02235117368400097,0.5014225840568542,0.456966370344162,-0.03004017472267151,0.5371667146682739,0.33857405185699463,0.006917329039424658,0.5052784085273743,0.32233598828315735,-0.011758167296648026,0.5212010741233826,0.3337513506412506,-0.02765650488436222,0.5436535477638245,0.34473079442977905,-0.03554091602563858,0.5483686327934265,0.30042335391044617,0.00208110804669559,0.5149751901626587,0.2772178053855896,-0.017082754522562027,0.5362920761108398,0.3036459982395172,-0.02770739048719406,0.5594378709793091,0.32317906618118286,-0.030326401814818382,0.5623708367347717,0.26589837670326233,-0.00596553273499012,0.5318266153335571,0.2425702065229416,-0.02265261672437191,0.5526114106178284,0.2747913599014282,-0.021560071036219597,0.5738295912742615,0.2963266968727112,-0.0157942958176136,0.5812409520149231,0.2310967594385147,-0.015227504074573517,0.5574028491973877,0.21138598024845123,-0.024644024670124054,0.5673821568489075,0.24135659635066986,-0.019996127113699913,0.5811605453491211,0.2667766213417053,-0.013603762723505497,Drink
0.6633095145225525,0.3467928469181061,-2.791362021525856e-07,0.6279214024543762,0.4003245234489441,-0.009950799867510796,0.5896281003952026,0.42821547389030457,-0.01607954129576683,0.5571478009223938,0.441410630941391,-0.024438323453068733,0.5352784395217896,0.46315500140190125,-0.031138049438595772,0.5764452219009399,0.3480282127857208,0.003629850223660469,0.5454673171043396,0.3256155550479889,-0.016952216625213623,0.5656192302703857,0.33618319034576416,-0.031987305730581284,0.5867624282836914,0.3463791608810425,-0.039036452770233154,0.5882028341293335,0.3093230724334717,-0.0006251250742934644,0.5546656847000122,0.28368398547172546,-0.022308818995952606,0.5791714787483215,0.3108080327510834,-0.03183795511722565,0.5992907881736755,0.3291556239128113,-0.03311103582382202,0.6022229194641113,0.27520033717155457,-0.008406802080571651,0.5725502967834473,0.25141844153404236,-0.027899445965886116,0.5964353084564209,0.2829475998878479,-0.025095198303461075,0.6152490377426147,0.3020605146884918,-0.017548048868775368,0.620406448841095,0.24256828427314758,-0.01749388873577118,0.5990993976593018,0.22349700331687927,-0.028143515810370445,0.6116985082626343,0.2512497007846832,-0.022667599841952324,0.624014139175415,0.27104321122169495,-0.015502702444791794,Drink
0.6605521440505981,0.4036440849304199,-2.3323029552102525e-07,0.6235392689704895,0.4514886438846588,-0.010600876994431019,0.5833503603935242,0.4749220609664917,-0.0170523039996624,0.5519124269485474,0.4835208058357239,-0.025321122258901596,0.5303478240966797,0.5030368566513062,-0.03214157745242119,0.5664107203483582,0.39107924699783325,0.0020025772973895073,0.5371654629707336,0.37124115228652954,-0.01761087030172348,0.5565454959869385,0.3855108916759491,-0.03254920616745949,0.578631579875946,0.39887475967407227,-0.03954070806503296,0.577951967716217,0.3529987931251526,-0.0013352954993024468,0.5433129668235779,0.3277515470981598,-0.022275254130363464,0.5655907392501831,0.3525771498680115,-0.03257811442017555,0.5874228477478027,0.3712812066078186,-0.034340571612119675,0.5933513045310974,0.3191463053226471,-0.007932251319289207,0.5615403652191162,0.2931984066963196,-0.026255957782268524,0.5820519328117371,0.32304316759109497,-0.025489844381809235,0.6015437245368958,0.34473878145217896,-0.01946796476840973,0.6130114197731018,0.28653860092163086,-0.01574752852320671,0.5885567665100098,0.2655585706233978,-0.026400847360491753,0.5985679030418396,0.2923920154571533,-0.02273835428059101,0.6110420227050781,0.3155498802661896,-0.01674015261232853,Drink
0.2874070405960083,0.374272882938385,-1.848152066941111e-07,0.3391208052635193,0.412804514169693,-0.005700408015400171,0.3765951991081238,0.4407060444355011,-0.00893920287489891,0.41673433780670166,0.45234692096710205,-0.013654316775500774,0.43947726488113403,0.4760899543762207,-0.014083245769143105,0.39544573426246643,0.3429388403892517,0.010578292421996593,0.4239909052848816,0.3184698820114136,-0.005796868819743395,0.39514344930648804,0.3448604345321655,-0.014935583807528019,0.37734705209732056,0.36302340030670166,-0.018182281404733658,0.38130784034729004,0.3026259243488312,0.008568080142140388,0.4058336615562439,0.2802846133708954,-0.013540387153625488,0.37329229712486267,0.3209398090839386,-0.02156819775700569,0.361097514629364,0.33871152997016907,-0.02249891124665737,0.3614962697029114,0.27239882946014404,0.004591441713273525,0.38618212938308716,0.25065189599990845,-0.013971351087093353,0.35963019728660583,0.29146867990493774,-0.004893575329333544,0.34664592146873474,0.3112230598926544,0.006512484047561884,0.33755192160606384,0.2501799762248993,5.1519571570679545e-05,0.35885345935821533,0.22593525052070618,-0.0073710535652935505,0.3450465500354767,0.26509228348731995,0.004035879857838154,0.338000625371933,0.28233975172042847,0.015840161591768265,Drink
0.33713284134864807,0.36875617504119873,-1.232171200626908e-07,0.3854190409183502,0.4179803431034088,-0.0034434818662703037,0.415668785572052,0.44551900029182434,-0.006630941294133663,0.44719600677490234,0.45756322145462036,-0.012142015621066093,0.4610341489315033,0.4780186414718628,-0.014974355697631836,0.4367988705635071,0.33597055077552795,0.006898464635014534,0.46806052327156067,0.3143536150455475,-0.00877297017723322,0.44552332162857056,0.34068870544433594,-0.01761646196246147,0.4230579733848572,0.3620370328426361,-0.020391860976815224,0.42426949739456177,0.29682305455207825,0.00348100159317255,0.4529089033603668,0.27693960070610046,-0.019110236316919327,0.4230237305164337,0.31689968705177307,-0.02778801880776882,0.4039841592311859,0.33741605281829834,-0.028576355427503586,0.4058128595352173,0.26715514063835144,-0.0011291936971247196,0.4344727694988251,0.2472192496061325,-0.019541241228580475,0.40998217463493347,0.2870121896266937,-0.012390302494168282,0.39246952533721924,0.30411896109580994,-0.0020060758106410503,0.38194039463996887,0.2407505065202713,-0.0059998780488967896,0.40728047490119934,0.2209150195121765,-0.014963813126087189,0.3952288329601288,0.2585706114768982,-0.004978412762284279,0.3855217397212982,0.2734734117984772,0.005983702372759581,Drink
0.35556453466415405,0.38006752729415894,-1.127214375173935e-07,0.3960605263710022,0.42788833379745483,-0.007408495526760817,0.42547836899757385,0.4526093304157257,-0.013082648627460003,0.45359084010124207,0.4666345715522766,-0.02118239365518093,0.4620681703090668,0.4874133765697479,-0.027758421376347542,0.4389785826206207,0.34422630071640015,-0.00032049999572336674,0.47117286920547485,0.31144270300865173,-0.016485529020428658,0.45298904180526733,0.3414411246776581,-0.025910234078764915,0.43174445629119873,0.36503979563713074,-0.02925659716129303,0.42565464973449707,0.3071502149105072,-0.0037242479156702757,0.455265074968338,0.27697914838790894,-0.024048997089266777,0.4315318763256073,0.32073527574539185,-0.032184720039367676,0.4121360778808594,0.3431256413459778,-0.03345416486263275,0.4082818925380707,0.27661600708961487,-0.008898632600903511,0.4393046200275421,0.24442067742347717,-0.02589382231235504,0.42025959491729736,0.2905934751033783,-0.021478824317455292,0.4018062949180603,0.3115637004375458,-0.013791208155453205,0.38560038805007935,0.24854210019111633,-0.014930644072592258,0.41204413771629333,0.22256064414978027,-0.024825092405080795,0.40591445565223694,0.26191428303718567,-0.017999999225139618,0.3954014182090759,0.28318241238594055,-0.009857344441115856,Drink
0.6745478510856628,0.3683638870716095,-2.408635282336036e-07,0.6341528296470642,0.41268882155418396,-0.012060722336173058,0.5880603194236755,0.43041548132896423,-0.018412021920084953,0.5513172745704651,0.43557244539260864,-0.026131439954042435,0.5262667536735535,0.45456498861312866,-0.031604524701833725,0.5719761252403259,0.3476170301437378,0.002287866547703743,0.5443075895309448,0.3136357069015503,-0.016874752938747406,0.5673640966415405,0.33058127760887146,-0.030959736555814743,0.5878286957740784,0.34920892119407654,-0.0379549004137516,0.585925817489624,0.30728188157081604,-0.00041992170736193657,0.555573582649231,0.2709164619445801,-0.021887078881263733,0.5822435021400452,0.3020590543746948,-0.03159337863326073,0.6007225513458252,0.3273550570011139,-0.03312775492668152,0.6042201519012451,0.2763274610042572,-0.006537252105772495,0.577819287776947,0.24105319380760193,-0.026366088539361954,0.5993507504463196,0.2758549153804779,-0.024904169142246246,0.6146845817565918,0.30399569869041443,-0.01841002330183983,0.626065731048584,0.2505790889263153,-0.013822222128510475,0.6074901819229126,0.22241008281707764,-0.025897996500134468,0.6187332272529602,0.25281572341918945,-0.022256290540099144,0.6277188062667847,0.2809756100177765,-0.016289833933115005,Drink
0.6793924570083618,0.3625199794769287,-2.503111318219453e-07,0.6403939723968506,0.4082935154438019,-0.01215670071542263,0.5963625907897949,0.43193650245666504,-0.017438555136322975,0.5597822666168213,0.441741406917572,-0.023847755044698715,0.5352164506912231,0.45675399899482727,-0.02756929025053978,0.5762463212013245,0.3567544221878052,0.005215190351009369,0.5495113134384155,0.31841692328453064,-0.012231524102389812,0.5734462141990662,0.33317726850509644,-0.02499087154865265,0.5936869978904724,0.353510320186615,-0.031173525378108025,0.5890523195266724,0.3153440058231354,0.003476022509858012,0.5602457523345947,0.27903032302856445,-0.016261165961623192,0.5883289575576782,0.3068118989467621,-0.02507597953081131,0.6059502363204956,0.33300307393074036,-0.026195919141173363,0.6057154536247253,0.2833637297153473,-0.0017916617216542363,0.5819527506828308,0.24913693964481354,-0.02089850977063179,0.6052905917167664,0.2804757058620453,-0.019287286326289177,0.6208134293556213,0.30790555477142334,-0.012619689106941223,0.6256726384162903,0.25633925199508667,-0.008189994841814041,0.6088109016418457,0.2308330237865448,-0.019619224593043327,0.6219964623451233,0.2581762671470642,-0.01573886163532734,0.6315596699714661,0.2832235097885132,-0.009565516375005245,Drink
0.6737492680549622,0.3341745138168335,-2.396261606918415e-07,0.6453309059143066,0.3938589096069336,-0.01323913224041462,0.60845547914505,0.42978036403656006,-0.018475770950317383,0.5749301910400391,0.4493183195590973,-0.024404535070061684,0.5553445816040039,0.4724740982055664,-0.027536334469914436,0.5828253626823425,0.35964855551719666,0.004497331101447344,0.5547019243240356,0.32644662261009216,-0.012387101538479328,0.5780380368232727,0.3331794738769531,-0.024768594652414322,0.5985061526298523,0.34734925627708435,-0.03072967380285263,0.5931260585784912,0.31999891996383667,0.003577950643375516,0.5645369291305542,0.292157381772995,-0.014690647833049297,0.591135561466217,0.30889859795570374,-0.02350122667849064,0.6086110472679138,0.32968756556510925,-0.02537544257938862,0.60555100440979,0.2876875102519989,-0.0010748368222266436,0.5813642144203186,0.2626115679740906,-0.01870247907936573,0.6036600470542908,0.28298068046569824,-0.018041295930743217,0.6193499565124512,0.3052147626876831,-0.01287456601858139,0.6212390661239624,0.2583167254924774,-0.007093385327607393,0.605594277381897,0.23886652290821075,-0.01806560344994068,0.6190615296363831,0.2574321925640106,-0.015449724160134792,0.6298100352287292,0.27902814745903015,-0.010591046884655952,Drink
0.26823607087135315,0.508284866809845,-2.3838350671212538e-07,0.3177712559700012,0.5252364873886108,-0.005044965073466301,0.36563026905059814,0.5026013851165771,-0.007014882285147905,0.40183356404304504,0.4815846085548401,-0.011592465452849865,0.42782992124557495,0.48853108286857605,-0.014192819595336914,0.36375099420547485,0.41500890254974365,0.004942653235048056,0.3931318521499634,0.3791256546974182,-0.012144885957241058,0.3704703450202942,0.4231323003768921,-0.02027665264904499,0.35073933005332947,0.44954824447631836,-0.022167716175317764,0.34512022137641907,0.3838956952095032,0.0006907102651894093,0.37600958347320557,0.3463064432144165,-0.017546512186527252,0.35057780146598816,0.40408840775489807,-0.01999732106924057,0.33241575956344604,0.42597270011901855,-0.016134699806571007,0.32262784242630005,0.3574444055557251,-0.006296358071267605,0.3530898988246918,0.3199886977672577,-0.024245915934443474,0.33201056718826294,0.3811366856098175,-0.015798669308423996,0.3149697482585907,0.4019652009010315,-0.004405670333653688,0.2951664626598358,0.33333519101142883,-0.013800001703202724,0.32341134548187256,0.3093647360801697,-0.02305491641163826,0.31309905648231506,0.35706910490989685,-0.013170006684958935,0.2995067238807678,0.375852108001709,-0.0025434705894440413,Drink
0.30018335580825806,0.5033661723136902,-2.4719091129554727e-07,0.3423762619495392,0.5281534194946289,-0.002986733801662922,0.385135680437088,0.5124018788337708,-0.0032460198272019625,0.4141065776348114,0.49562200903892517,-0.006014883052557707,0.4361725449562073,0.5042938590049744,-0.0065328036434948444,0.38872069120407104,0.4191895127296448,0.006392123643308878,0.4191124737262726,0.3892500400543213,-0.00955216120928526,0.397767573595047,0.43177977204322815,-0.015585126355290413,0.3783239424228668,0.45264723896980286,-0.015831684693694115,0.3731822073459625,0.3896399438381195,0.0015253035817295313,0.4065478444099426,0.35702627897262573,-0.01612900383770466,0.3795548975467682,0.41359174251556396,-0.017591167241334915,0.36043959856033325,0.4294077157974243,-0.012812310829758644,0.3530143201351166,0.3625596761703491,-0.005870430264621973,0.3868670165538788,0.3305426239967346,-0.024252166971564293,0.36378195881843567,0.38919317722320557,-0.015851715579628944,0.34595468640327454,0.40342289209365845,-0.004110303241759539,0.32667076587677,0.33631667494773865,-0.01333408523350954,0.3573908507823944,0.3161257803440094,-0.022579403594136238,0.3465122878551483,0.3614635765552521,-0.012780789285898209,0.33333820104599,0.3769775927066803,-0.002178677823394537,Drink
0.30132126808166504,0.4452442526817322,-2.2156115164762014e-07,0.3447420001029968,0.47953781485557556,-0.0027372839394956827,0.38214734196662903,0.4845336675643921,-0.003814426949247718,0.4117884635925293,0.48008155822753906,-0.00704529182985425,0.4292706847190857,0.48922866582870483,-0.0077978940680623055,0.38953936100006104,0.3820529282093048,0.0032747643999755383,0.4235987961292267,0.3569791913032532,-0.011897210963070393,0.39989012479782104,0.39284953474998474,-0.018061673268675804,0.37825068831443787,0.4119202494621277,-0.0186026468873024,0.3758333921432495,0.34845197200775146,-0.0013671570923179388,0.4108106791973114,0.32010528445243835,-0.01950652338564396,0.3829896152019501,0.369166761636734,-0.022715860977768898,0.3625570833683014,0.3874961733818054,-0.019464753568172455,0.3578399419784546,0.3199491500854492,-0.007765702437609434,0.3923169672489166,0.2902735471725464,-0.02402920462191105,0.3701311945915222,0.3412242531776428,-0.016373401507735252,0.3506651818752289,0.3574056029319763,-0.005545276217162609,0.333974152803421,0.29311510920524597,-0.01433909684419632,0.3634268343448639,0.2671605944633484,-0.022426364943385124,0.35570600628852844,0.30912289023399353,-0.01288575679063797,0.34305962920188904,0.3293852210044861,-0.0023526842705905437,Drink
0.29241427779197693,0.3849725127220154,-1.4947636373108253e-07,0.3399825990200043,0.42892295122146606,-0.0037188625428825617,0.37239232659339905,0.45727425813674927,-0.006758480332791805,0.4069287180900574,0.47158515453338623,-0.011611873283982277,0.4255511462688446,0.4976833164691925,-0.012954918667674065,0.39407244324684143,0.3552834689617157,0.008344405330717564,0.4225590229034424,0.33750396966934204,-0.006746936589479446,0.3963102102279663,0.36365464329719543,-0.014926129952073097,0.3771548271179199,0.3792194426059723,-0.01774296909570694,0.3827331066131592,0.3155660331249237,0.00498239928856492,0.41128769516944885,0.2966040074825287,-0.016909891739487648,0.3791010081768036,0.3361596465110779,-0.024961205199360847,0.36316707730293274,0.35108616948127747,-0.025758029893040657,0.36497414112091064,0.28535911440849304,0.00037373561644926667,0.39307165145874023,0.26658129692077637,-0.017274541780352592,0.3668290674686432,0.3060651123523712,-0.008471626788377762,0.35170531272888184,0.3204044699668884,0.00257451506331563,0.3421854078769684,0.26064327359199524,-0.004564998205751181,0.36573079228401184,0.24104340374469757,-0.011707190424203873,0.3527015447616577,0.27771297097206116,-0.00033408848685212433,0.3448600172996521,0.2896885573863983,0.011163205839693546,Drink
0.38351282477378845,0.9105754494667053,-2.763283077911183e-07,0.42469218373298645,0.8468888998031616,0.001935930224135518,0.44927361607551575,0.7524148225784302,-0.0007491480209864676,0.45492398738861084,0.6835975646972656,-0.005363387055695057,0.4482598900794983,0.6257371306419373,-0.007166173309087753,0.44490376114845276,0.673274576663971,-0.00040688907029107213,0.5103886723518372,0.7297706604003906,-0.016661247238516808,0.49526476860046387,0.7655855417251587,-0.025223713368177414,0.4738346338272095,0.75649493932724,-0.031146125867962837,0.43778786063194275,0.6928278803825378,-0.010212097316980362,0.5092501044273376,0.7623071670532227,-0.02209342084825039,0.4902545213699341,0.7934848666191101,-0.02066928893327713,0.4707551598548889,0.7832087278366089,-0.020954912528395653,0.4321325421333313,0.7311990857124329,-0.021730558946728706,0.4981963038444519,0.7974598407745361,-0.03150376304984093,0.47918179631233215,0.8261775374412537,-0.024300703778862953,0.4610194265842438,0.8170515298843384,-0.020813003182411194,0.4286801218986511,0.7779203057289124,-0.033987779170274734,0.4784110486507416,0.8299403190612793,-0.0392540879547596,0.46171391010284424,0.8541881442070007,-0.036106593906879425,0.44159039855003357,0.8442558646202087,-0.03473988547921181,Drink
0.3990902602672577,0.9536208510398865,-1.6774481537140673e-07,0.40875545144081116,0.8803933262825012,-0.007198891136795282,0.4249647259712219,0.7974349856376648,-0.015165867283940315,0.43222469091415405,0.7289347648620605,-0.02305261790752411,0.42780831456184387,0.673915445804596,-0.028407052159309387,0.4315495491027832,0.7593164443969727,-0.020219022408127785,0.5010798573493958,0.7909404635429382,-0.038270700722932816,0.49447101354599,0.8233770728111267,-0.046145763248205185,0.4767078757286072,0.8253054618835449,-0.05063897371292114,0.4300101101398468,0.7928722500801086,-0.025967836380004883,0.5018924474716187,0.8344411253929138,-0.03857942670583725,0.4897710680961609,0.8606955409049988,-0.03729293867945671,0.4719446003437042,0.8569327592849731,-0.03789183124899864,0.4295649528503418,0.8402848243713379,-0.03292792662978172,0.49629777669906616,0.8757449388504028,-0.044515855610370636,0.4836505651473999,0.8977929353713989,-0.03822309523820877,0.4667162001132965,0.8934633731842041,-0.03456941992044449,0.43082696199417114,0.891617476940155,-0.040696293115615845,0.4832204282283783,0.9152061343193054,-0.047667015343904495,0.4713408648967743,0.9294044375419617,-0.04381060227751732,0.4527648389339447,0.9252611994743347,-0.04130759835243225,Drink
0.3404087722301483,0.9626306295394897,-3.1489921070715354e-07,0.38202354311943054,0.8927680850028992,-0.0033724114764481783,0.39438050985336304,0.8047046661376953,-0.005835643969476223,0.3947690725326538,0.742699146270752,-0.010924549773335457,0.39052730798721313,0.6923840045928955,-0.011980234645307064,0.34923404455184937,0.7080662846565247,0.006871679797768593,0.4052179753780365,0.7016354203224182,-0.01369349006563425,0.4071919322013855,0.7706781625747681,-0.023803286254405975,0.394758939743042,0.7944440245628357,-0.02870071865618229,0.32913821935653687,0.7134981751441956,-0.0015071219531819224,0.39777007699012756,0.7265251278877258,-0.01948300190269947,0.39610978960990906,0.8005495071411133,-0.020390205085277557,0.3808172345161438,0.8109169602394104,-0.017778994515538216,0.3156048357486725,0.740404486656189,-0.01338653638958931,0.38216498494148254,0.7575775384902954,-0.032236453145742416,0.37999510765075684,0.8247359991073608,-0.025333182886242867,0.3637399971485138,0.8346372842788696,-0.017264474183321,0.30685096979141235,0.7800460457801819,-0.026323707774281502,0.3572579622268677,0.7910706996917725,-0.03818361833691597,0.3588402569293976,0.8375499844551086,-0.03293536230921745,0.34493646025657654,0.8481113314628601,-0.026187654584646225,Drink
0.34506499767303467,0.9603474736213684,-3.3409284583285626e-07,0.38606324791908264,0.8848527669906616,-0.002692136447876692,0.3970562219619751,0.7896518111228943,-0.0047933366149663925,0.3954084515571594,0.7230302095413208,-0.009590774774551392,0.3902377784252167,0.6664535999298096,-0.010056283324956894,0.3515625298023224,0.6977584362030029,0.008481350727379322,0.4102420210838318,0.685746431350708,-0.012677712365984917,0.4121793210506439,0.7558603882789612,-0.02272283472120762,0.39875999093055725,0.7812390327453613,-0.027411481365561485,0.3315851390361786,0.7019424438476562,-0.0004409841785673052,0.40177032351493835,0.7068328857421875,-0.01842677779495716,0.4004274606704712,0.7832796573638916,-0.018431460484862328,0.3846127986907959,0.7940465211868286,-0.015214099548757076,0.3183448314666748,0.7278761267662048,-0.01310482993721962,0.3859716057777405,0.7380641102790833,-0.0318601094186306,0.3841343820095062,0.8071781396865845,-0.0239487923681736,0.3667895197868347,0.8166543245315552,-0.015329345129430294,0.3103004992008209,0.7666589617729187,-0.026791846379637718,0.36116594076156616,0.7718680500984192,-0.03810897842049599,0.3627822697162628,0.8193950057029724,-0.032060373574495316,0.3475785553455353,0.8295270204544067,-0.024993132799863815,Drink
0.4515342712402344,0.8964820504188538,-3.083560500272142e-07,0.4970214068889618,0.8275351524353027,0.002508114790543914,0.49838924407958984,0.7385137677192688,0.0018873325316235423,0.4902664124965668,0.6782697439193726,-0.0011085178703069687,0.4829937815666199,0.6279013752937317,-0.00042257006862200797,0.46990057826042175,0.6480581164360046,0.005054838955402374,0.5388335585594177,0.6678329110145569,-0.010560655035078526,0.5279990434646606,0.7169063091278076,-0.020263059064745903,0.5040567517280579,0.7158862948417664,-0.027917539700865746,0.4638616442680359,0.6538493037223816,-0.004747480154037476,0.5426061749458313,0.6806308031082153,-0.017430471256375313,0.5304562449455261,0.7286537885665894,-0.016611373052001,0.5092332363128662,0.729221761226654,-0.016971081495285034,0.4641103744506836,0.6795682907104492,-0.016796063631772995,0.5375802516937256,0.7021167874336243,-0.0267367921769619,0.5266225337982178,0.7490023374557495,-0.01917988434433937,0.5062938928604126,0.7554338574409485,-0.015500328503549099,0.47006237506866455,0.7147670388221741,-0.02999039925634861,0.5250583291053772,0.7307127118110657,-0.03708067163825035,0.5180060863494873,0.766045868396759,-0.03485863283276558,0.49951666593551636,0.7712205052375793,-0.033744171261787415,Drink
0.4670073688030243,0.885222852230072,-2.9345133611968777e-07,0.5176261067390442,0.8184584975242615,0.005093323532491922,0.5257561206817627,0.7339645028114319,0.0044742776080966,0.5229818820953369,0.6743207573890686,0.0007014160510152578,0.5181021094322205,0.6249193549156189,0.00019333127420395613,0.49362608790397644,0.6461682915687561,0.006451581604778767,0.5607177019119263,0.6682933568954468,-0.009436182677745819,0.54827880859375,0.7208513021469116,-0.018977360799908638,0.5260509252548218,0.7243695259094238,-0.026220012456178665,0.48631060123443604,0.6494417786598206,-0.004748573526740074,0.5635108351707458,0.682427704334259,-0.018098825588822365,0.5482601523399353,0.7351301908493042,-0.017406783998012543,0.5275710225105286,0.7366896867752075,-0.017274627462029457,0.4843219220638275,0.6737639307975769,-0.017838047817349434,0.5569103956222534,0.7028630971908569,-0.02835531160235405,0.5438510179519653,0.753179669380188,-0.02006935328245163,0.5241002440452576,0.7580726146697998,-0.01549908984452486,0.4872843623161316,0.7089744210243225,-0.03172336891293526,0.5416504740715027,0.7311469912528992,-0.038030318915843964,0.5322830677032471,0.7684803605079651,-0.03414521366357803,0.5134790539741516,0.7698158025741577,-0.031804416328668594,Drink
0.576284646987915,0.8746140599250793,-5.918338388255506e-07,0.5392031669616699,0.7944784164428711,-0.0017780160997062922,0.5275326371192932,0.7038730978965759,-0.004260491579771042,0.5201779007911682,0.6388211846351624,-0.010200579650700092,0.5148500204086304,0.5788912773132324,-0.012151370756328106,0.5833815932273865,0.6129224300384521,0.015424372628331184,0.5254678726196289,0.5968665480613708,-0.006762376055121422,0.5177455544471741,0.6671662330627441,-0.02085210010409355,0.5280613303184509,0.7074750065803528,-0.027228346094489098,0.6001749634742737,0.6183232069015503,0.006786551792174578,0.5285868644714355,0.6176722645759583,-0.01651664264500141,0.5260866284370422,0.6985359191894531,-0.021095436066389084,0.5419001579284668,0.7280392646789551,-0.01870940998196602,0.6136428117752075,0.6426629424095154,-0.005728170741349459,0.5452194213867188,0.6398582458496094,-0.02794579416513443,0.5442941784858704,0.7127004861831665,-0.01986449398100376,0.5593536496162415,0.7379723191261292,-0.008625351823866367,0.6223039627075195,0.6797196865081787,-0.019619612023234367,0.570357084274292,0.6760255694389343,-0.033641230314970016,0.5656797289848328,0.7199836373329163,-0.028608907014131546,0.5770401358604431,0.7386015057563782,-0.01991119235754013,Drink
0.4910658597946167,0.8593255877494812,-4.402307922646287e-07,0.44477468729019165,0.7839728593826294,0.006392816547304392,0.4392961859703064,0.7066650390625,0.0038857765030115843,0.4405183494091034,0.6544533967971802,-0.0031348855700343847,0.44626903533935547,0.6165202856063843,-0.006951462011784315,0.49424251914024353,0.6043026447296143,0.016482656821608543,0.4227195382118225,0.598857045173645,8.275693835457787e-05,0.4240169823169708,0.659516453742981,-0.012295996770262718,0.44324904680252075,0.6788127422332764,-0.019790392369031906,0.500728964805603,0.6074792146682739,0.004260246641933918,0.4161297082901001,0.6109915375709534,-0.013993065804243088,0.4240858554840088,0.6741992235183716,-0.018505403771996498,0.4459472894668579,0.6927921772003174,-0.01842600852251053,0.4992940425872803,0.6280312538146973,-0.01012453343719244,0.42143914103507996,0.6286774277687073,-0.024549545720219612,0.4305993914604187,0.6880667805671692,-0.01747516542673111,0.4514749348163605,0.7056246995925903,-0.01044339407235384,0.4926764667034149,0.6594145894050598,-0.025636667385697365,0.4338245689868927,0.6681259274482727,-0.03561302646994591,0.4392845332622528,0.710532546043396,-0.03293507173657417,0.45662006735801697,0.7263718247413635,-0.028034519404172897,Drink
0.4374257028102875,0.8315157890319824,-3.002280948294356e-07,0.45489001274108887,0.7617705464363098,0.006493295077234507,0.46474552154541016,0.6834454536437988,0.002956387121230364,0.47375351190567017,0.6232393980026245,-0.003534079762175679,0.4938929080963135,0.5835515856742859,-0.0103823933750391,0.4497382342815399,0.6051305532455444,0.0053261700086295605,0.3927927315235138,0.5954451560974121,-0.0023154078517109156,0.38530078530311584,0.6345850825309753,-0.00963912345468998,0.3935985565185547,0.6567332744598389,-0.015472305938601494,0.43809041380882263,0.6111869812011719,-0.003970092162489891,0.37211862206459045,0.6067217588424683,-0.011207731440663338,0.37345099449157715,0.648234486579895,-0.01390751264989376,0.38779008388519287,0.6691423654556274,-0.016486041247844696,0.42178937792778015,0.6322430968284607,-0.01339190173894167,0.3623078465461731,0.6271634697914124,-0.01986834779381752,0.36641666293144226,0.6704778671264648,-0.015854667872190475,0.38242581486701965,0.6878886222839355,-0.01414728444069624,0.40325894951820374,0.6626460552215576,-0.022731782868504524,0.35758882761001587,0.6650429964065552,-0.03130549564957619,0.3654305040836334,0.7011576294898987,-0.03013458661735058,0.38231587409973145,0.7130509614944458,-0.028003418818116188,Drink
0.5463027954101562,0.8612920045852661,-6.394743081727938e-07,0.49762609601020813,0.7803213596343994,0.0073382374830543995,0.4876653254032135,0.7041030526161194,0.006612672470510006,0.4856554865837097,0.6525427103042603,0.0001970047887880355,0.49194055795669556,0.6132296919822693,-0.0036250136326998472,0.5471548438072205,0.59159255027771,0.027130892500281334,0.4764373302459717,0.5949600338935852,0.0051338099874556065,0.47204166650772095,0.6704757809638977,-0.013180811889469624,0.4878670871257782,0.7190338969230652,-0.021938443183898926,0.5557809472084045,0.5941563248634338,0.01491693314164877,0.47259998321533203,0.602681577205658,-0.009793573059141636,0.4737507700920105,0.6850326657295227,-0.020879430696368217,0.49071556329727173,0.7320784330368042,-0.02182685025036335,0.5605896711349487,0.607951819896698,-5.062972195446491e-05,0.4806356430053711,0.6165352463722229,-0.018514510244131088,0.48651835322380066,0.6929585933685303,-0.01518545113503933,0.5061083436012268,0.732758641242981,-0.0076178801245987415,0.5628491640090942,0.6329465508460999,-0.01601032353937626,0.5017198920249939,0.6430371999740601,-0.026354514062404633,0.5034698843955994,0.6974760293960571,-0.02242065966129303,0.5197159647941589,0.725182831287384,-0.014646884053945541,Drink
0.6214393973350525,0.7963098287582397,-5.485060228238581e-07,0.5756081938743591,0.7609534859657288,0.0011349748820066452,0.5438914895057678,0.6918712854385376,0.0016264294972643256,0.5262874364852905,0.6407370567321777,-0.0024716989137232304,0.5053719878196716,0.5960136651992798,-0.004650197923183441,0.5636714100837708,0.5996125340461731,0.019577445462346077,0.5332387089729309,0.584460973739624,-0.002878427505493164,0.5448204874992371,0.649871826171875,-0.01834234409034252,0.5609360933303833,0.6914958357810974,-0.02454807236790657,0.5844239592552185,0.5917328596115112,0.010738823562860489,0.548924446105957,0.5700663924217224,-0.013065817765891552,0.5620037317276001,0.6501083374023438,-0.019876981154084206,0.5807308554649353,0.687217652797699,-0.01714280992746353,0.6097427010536194,0.5890737175941467,-0.001840951619669795,0.573486328125,0.5619478225708008,-0.022748291492462158,0.5841066241264343,0.6397896409034729,-0.015154436230659485,0.6015042662620544,0.6708011627197266,-0.003158771665766835,0.6392086148262024,0.5946738719940186,-0.01509010698646307,0.6066997647285461,0.5767186880111694,-0.026548314839601517,0.6078715920448303,0.6287452578544617,-0.018686769530177116,0.6207720637321472,0.6485819816589355,-0.008305946364998817,Drink
0.5392003059387207,0.8664101362228394,-5.122819857206196e-07,0.4903641641139984,0.8039064407348633,0.0015927356434985995,0.4775410294532776,0.7362062335014343,-0.002063301159068942,0.4740354120731354,0.6917037963867188,-0.009973488748073578,0.4762527048587799,0.6542636752128601,-0.014650900848209858,0.5274267792701721,0.6213695406913757,0.016600914299488068,0.45852887630462646,0.6335110664367676,-0.006281180307269096,0.4596845507621765,0.7001940608024597,-0.023475078865885735,0.4794214367866516,0.7298833131790161,-0.03213372081518173,0.5364482998847961,0.6205881834030151,0.0061141112819314,0.4572030007839203,0.6413065195083618,-0.017655016854405403,0.46186354756355286,0.7112565040588379,-0.025304092094302177,0.4832223355770111,0.7347379326820374,-0.025300946086645126,0.5408891439437866,0.6366654634475708,-0.007720733527094126,0.4659917950630188,0.6532070636749268,-0.028387336060404778,0.47119444608688354,0.719462513923645,-0.02258036844432354,0.49258196353912354,0.7397282719612122,-0.013600054197013378,0.5423978567123413,0.6655765771865845,-0.022815903648734093,0.48545950651168823,0.6783596873283386,-0.035674527287483215,0.4872264266014099,0.7237707376480103,-0.03134232759475708,0.5041733980178833,0.7407333850860596,-0.02355765365064144,Drink
0.37994152307510376,0.905173122882843,-3.5986045077152085e-07,0.43654635548591614,0.8284781575202942,0.005023064557462931,0.45082852244377136,0.7370464205741882,0.003063835436478257,0.45637795329093933,0.6738008856773376,-0.00256651290692389,0.4614832103252411,0.6087695360183716,-0.00487370602786541,0.4027925431728363,0.6484113931655884,0.004797950852662325,0.47284001111984253,0.6575025320053101,-0.0143891591578722,0.46839097142219543,0.7247322201728821,-0.023351628333330154,0.4496319890022278,0.7394272685050964,-0.029056111350655556,0.39156970381736755,0.657941997051239,-0.00808664970099926,0.47193071246147156,0.6793192625045776,-0.02454754337668419,0.4639314115047455,0.7485567927360535,-0.023616695776581764,0.44546738266944885,0.7525745034217834,-0.02225698158144951,0.38704460859298706,0.688028872013092,-0.023152712732553482,0.4634590446949005,0.709304928779602,-0.03785112500190735,0.4554368257522583,0.773005485534668,-0.028492841869592667,0.43513771891593933,0.7787390947341919,-0.021976914256811142,0.38854050636291504,0.727857232093811,-0.03865626081824303,0.4418407678604126,0.7437568306922913,-0.04800793528556824,0.4374169409275055,0.7896922826766968,-0.042763758450746536,0.42001938819885254,0.7954500317573547,-0.03842375800013542,Drink
0.4198397099971771,0.92377108335495,-3.2393987225987075e-07,0.4742177128791809,0.8510855436325073,0.0027377756778150797,0.48819902539253235,0.7562803626060486,0.00102740409784019,0.49087798595428467,0.6879081130027771,-0.0032732775434851646,0.4925944209098816,0.6217554211616516,-0.0042916033416986465,0.4496641159057617,0.6695892214775085,0.0005269870162010193,0.5210143327713013,0.6869847178459167,-0.016849763691425323,0.5139798521995544,0.7469857931137085,-0.024705370888113976,0.4936296045780182,0.7567645907402039,-0.029772188514471054,0.4407985210418701,0.68401038646698,-0.009804979898035526,0.5213450789451599,0.7126733660697937,-0.023917995393276215,0.5102189183235168,0.7710227370262146,-0.021860890090465546,0.4900573492050171,0.774149477481842,-0.020655563101172447,0.43784910440444946,0.717279851436615,-0.021977439522743225,0.5135495662689209,0.7464126944541931,-0.033741939812898636,0.5028607249259949,0.8003713488578796,-0.02442256547510624,0.48362311720848083,0.8038904666900635,-0.01886049658060074,0.4402674436569214,0.7601160407066345,-0.034796036779880524,0.49698421359062195,0.783305823802948,-0.041025761514902115,0.4889119565486908,0.8240213990211487,-0.03599938750267029,0.470289021730423,0.8261591792106628,-0.03274673968553543,Drink
0.45002269744873047,0.95351243019104,-2.5533256575727137e-07,0.48892104625701904,0.8743778467178345,-0.003247407265007496,0.49861934781074524,0.7819086313247681,-0.006160768214613199,0.4978492856025696,0.7133327722549438,-0.009831080213189125,0.4956696033477783,0.6504986882209778,-0.009976563043892384,0.466666579246521,0.712555468082428,-0.0055611939169466496,0.5373184680938721,0.7306190729141235,-0.021824751049280167,0.5291509628295898,0.773247241973877,-0.02809426374733448,0.5098716616630554,0.7722229361534119,-0.032282330095767975,0.4596104323863983,0.7360366582870483,-0.01238247286528349,0.5366244912147522,0.7656869888305664,-0.026909032836556435,0.522537350654602,0.8048477172851562,-0.026059461757540703,0.5038672685623169,0.8024683594703674,-0.025915373116731644,0.4584099054336548,0.7770094275474548,-0.021146299317479134,0.5300427079200745,0.8026343584060669,-0.03408321365714073,0.5170354247093201,0.8403013348579407,-0.02804579958319664,0.5006572008132935,0.8393619656562805,-0.024302050471305847,0.4620267152786255,0.8248680830001831,-0.030837370082736015,0.5161386132240295,0.8466743230819702,-0.03937069699168205,0.5054308176040649,0.8766726851463318,-0.03803977370262146,0.48683854937553406,0.875523030757904,-0.03699254244565964,Drink
0.574298083782196,0.9152302742004395,-4.694128961091337e-07,0.5398387908935547,0.8385892510414124,-0.004818629007786512,0.5297690629959106,0.7509351372718811,-0.008468378335237503,0.5258126854896545,0.6866866946220398,-0.013579857535660267,0.521231472492218,0.6284432411193848,-0.015080095268785954,0.5829939842224121,0.6759660840034485,0.0038842186331748962,0.5258338451385498,0.6683993935585022,-0.0148979676887393,0.5196031928062439,0.7250025272369385,-0.02595207467675209,0.5303565263748169,0.7508344054222107,-0.03125676512718201,0.5979442596435547,0.6923883557319641,-0.0021909137722104788,0.5298376679420471,0.6958432793617249,-0.020327595993876457,0.529933512210846,0.7551038861274719,-0.022660693153738976,0.5433530211448669,0.7731155753135681,-0.021264459937810898,0.60636967420578,0.7245148420333862,-0.011413108557462692,0.5416465997695923,0.7283147573471069,-0.029232295230031013,0.5442719459533691,0.7815271019935608,-0.022717341780662537,0.5590507388114929,0.7958115339279175,-0.014905120246112347,0.6088407635688782,0.765726625919342,-0.021884771063923836,0.5589398145675659,0.7674298286437988,-0.03367511183023453,0.5572179555892944,0.8006020188331604,-0.03074883483350277,0.5683761239051819,0.8134094476699829,-0.025226015597581863,Drink
0.5465219616889954,0.926240086555481,-3.3597825677134097e-07,0.5435859560966492,0.8366963267326355,0.00407900707796216,0.5286752581596375,0.7543075084686279,-0.00039279437623918056,0.5067394375801086,0.6893618702888489,-0.006719538010656834,0.4947262108325958,0.6362389922142029,-0.012243327684700489,0.5269467234611511,0.697254478931427,-0.005481264088302851,0.4584304392337799,0.6907078623771667,-0.01963447406888008,0.45831477642059326,0.7305445075035095,-0.02734565921127796,0.4735218584537506,0.7460282444953918,-0.031521059572696686,0.5186910629272461,0.7186980843544006,-0.013525448739528656,0.4462580382823944,0.7255973219871521,-0.025114631280303,0.45422840118408203,0.7653790712356567,-0.024979649111628532,0.4736843407154083,0.7755387425422668,-0.02558869868516922,0.5076539516448975,0.7552425861358643,-0.02196696028113365,0.4416294991970062,0.7606582641601562,-0.03247063234448433,0.45109131932258606,0.8011519908905029,-0.026002919301390648,0.4705177843570709,0.8122594356536865,-0.022162945941090584,0.4956645369529724,0.800208330154419,-0.03032633848488331,0.4473705291748047,0.8114774823188782,-0.04111021012067795,0.45578688383102417,0.8408037424087524,-0.040514592081308365,0.4722747206687927,0.8472787141799927,-0.03872953727841377,Drink
0.5312989950180054,0.9406686425209045,-2.526879256947723e-07,0.5341576337814331,0.8533044457435608,0.007249954156577587,0.5214612483978271,0.7638490796089172,0.007919101975858212,0.4994427561759949,0.6942569017410278,0.007034835405647755,0.49137625098228455,0.637851893901825,0.006653448101133108,0.48781290650367737,0.7080172896385193,0.0062122466042637825,0.44314882159233093,0.7036228775978088,0.005957844201475382,0.44718652963638306,0.737292468547821,0.005687891971319914,0.46057477593421936,0.7542169094085693,0.005556069780141115,0.4692641496658325,0.7395870685577393,0.00038223626324906945,0.4274187982082367,0.7459829449653625,0.003658243687823415,0.4351291358470917,0.7767951488494873,0.006716832052916288,0.4518621265888214,0.7874444723129272,0.0072950986213982105,0.451975017786026,0.7822086215019226,-0.004645129200071096,0.4179894030094147,0.787857711315155,-0.001808583503589034,0.4272008538246155,0.8167368173599243,0.005579723045229912,0.44336941838264465,0.8253889083862305,0.008488920517265797,0.4366050064563751,0.8305427432060242,-0.009397292509675026,0.41157037019729614,0.8296745419502258,-0.007540189195424318,0.4234369397163391,0.857454776763916,4.8446960136061534e-05,0.4376755654811859,0.8682570457458496,0.006153256632387638,Drink
0.3790815770626068,0.9015136957168579,-3.489775224352343e-07,0.424003005027771,0.8333422541618347,-0.0017499260138720274,0.4386856257915497,0.7357102632522583,-0.0037023168988525867,0.44445711374282837,0.665681004524231,-0.008270944468677044,0.4535868167877197,0.6046046018600464,-0.01001007854938507,0.3983924984931946,0.6479727625846863,0.004909757524728775,0.45509377121925354,0.6564141511917114,-0.014763904735445976,0.4558749198913574,0.7215335965156555,-0.025009416043758392,0.44395819306373596,0.7506048083305359,-0.029804449528455734,0.37635499238967896,0.6566120386123657,-0.0033202290069311857,0.44109246134757996,0.6849651336669922,-0.02050069347023964,0.4375721514225006,0.7545207142829895,-0.022634848952293396,0.42233240604400635,0.7697181701660156,-0.021588731557130814,0.36028292775154114,0.6850013732910156,-0.014426487497985363,0.42229172587394714,0.710764467716217,-0.03231118991971016,0.4181945323944092,0.7747377753257751,-0.026684585958719254,0.4022965729236603,0.7871536612510681,-0.019810903817415237,0.34836605191230774,0.724973201751709,-0.026148710399866104,0.3972102701663971,0.7351182699203491,-0.036663129925727844,0.39948520064353943,0.7810108661651611,-0.03117659129202366,0.38710862398147583,0.7939743995666504,-0.02462274767458439,Drink
0.41019362211227417,0.9297993183135986,-3.4440679996805557e-07,0.46235594153404236,0.8481341600418091,0.0030736259650439024,0.47164782881736755,0.7575860619544983,0.0009757328080013394,0.46978533267974854,0.6980264782905579,-0.004392098169773817,0.467785507440567,0.6444493532180786,-0.006626456510275602,0.428477942943573,0.6667503118515015,0.0035816992167383432,0.4983194172382355,0.6774453520774841,-0.015996113419532776,0.49640560150146484,0.7438358664512634,-0.026929309591650963,0.47797757387161255,0.761911153793335,-0.033669088035821915,0.41331446170806885,0.6763495802879333,-0.008152075111865997,0.4923650324344635,0.6974197030067444,-0.024191783741116524,0.48823392391204834,0.7658343315124512,-0.024406054988503456,0.4691016674041748,0.7749304175376892,-0.023397937417030334,0.4038473665714264,0.7068040370941162,-0.022015364840626717,0.47697368264198303,0.7226182222366333,-0.03712828457355499,0.474234938621521,0.7847059965133667,-0.028811942785978317,0.4553956389427185,0.7958549857139587,-0.02198833040893078,0.39964932203292847,0.7481324672698975,-0.0364261120557785,0.44988200068473816,0.7544373869895935,-0.04579365998506546,0.45137953758239746,0.7965680956840515,-0.03961296007037163,0.43743759393692017,0.8077412247657776,-0.03375072032213211,Drink
0.4488057494163513,0.9366222023963928,-3.538169153216586e-07,0.4925045669078827,0.8462337255477905,0.011976434849202633,0.49343085289001465,0.7652113437652588,0.013600015081465244,0.4881186783313751,0.7131837010383606,0.010518444702029228,0.481024831533432,0.6664368510246277,0.00974044669419527,0.44456470012664795,0.6942026615142822,0.011396896094083786,0.5138989686965942,0.6877965331077576,-0.003712015924975276,0.5132559537887573,0.7530297636985779,-0.013887300156056881,0.49567174911499023,0.7774604558944702,-0.02131357230246067,0.4368916451931,0.7018284201622009,-0.0034156886395066977,0.5160766839981079,0.6982303857803345,-0.016529513522982597,0.5127879977226257,0.7631849646568298,-0.01718347892165184,0.4957442581653595,0.784040629863739,-0.01728055067360401,0.43629705905914307,0.7267104387283325,-0.019300712272524834,0.5096856355667114,0.720917284488678,-0.030780227854847908,0.5072233080863953,0.7818441987037659,-0.02300328016281128,0.4900226593017578,0.8041105270385742,-0.017557697370648384,0.4421038329601288,0.7602710723876953,-0.03507685288786888,0.4952031373977661,0.7515584230422974,-0.04240969941020012,0.4941059947013855,0.7955530881881714,-0.03704754263162613,0.4779820442199707,0.8127280473709106,-0.03271881863474846,Drink
0.7836894392967224,0.6099284887313843,-1.9856305755183712e-07,0.7722407579421997,0.5392148494720459,0.0005627505015581846,0.7487971782684326,0.4715396463871002,-0.0031467571388930082,0.7344629168510437,0.41632822155952454,-0.008747887797653675,0.7370112538337708,0.37072473764419556,-0.014360177330672741,0.697169303894043,0.4868974983692169,-0.0064427778124809265,0.6598433256149292,0.5155208110809326,-0.011513939127326012,0.6729279160499573,0.5355290174484253,-0.014082046225667,0.6893499493598938,0.5364062190055847,-0.01522529311478138,0.6915243268013,0.5272579193115234,-0.011194133199751377,0.6570605635643005,0.5498517751693726,-0.015723271295428276,0.6714476943016052,0.5677868127822876,-0.016012119129300117,0.6869956851005554,0.5689806938171387,-0.016484292224049568,0.6912448406219482,0.5714876651763916,-0.015544800087809563,0.6539524793624878,0.5851911902427673,-0.020667707547545433,0.6671520471572876,0.6003458499908447,-0.017747679725289345,0.6842107772827148,0.6021863222122192,-0.015487090684473515,0.693342924118042,0.6157134175300598,-0.0197270717471838,0.6562463641166687,0.624043881893158,-0.023584332317113876,0.6333835124969482,0.6356277465820312,-0.022777333855628967,0.6141564846038818,0.6424034237861633,-0.02181543968617916,Call Me!
0.7100430727005005,0.6372300982475281,1.9773185044869024e-07,0.705470085144043,0.5616710782051086,-0.015118559822440147,0.6857166290283203,0.5025240182876587,-0.02533889375627041,0.6676031351089478,0.4469364881515503,-0.03429335355758667,0.659334659576416,0.39778339862823486,-0.04388529434800148,0.61969393491745,0.5288234353065491,-0.012628943659365177,0.5887706279754639,0.5199787020683289,-0.019206741824746132,0.563683271408081,0.5193243026733398,-0.026699811220169067,0.5450751781463623,0.5214571356773376,-0.033172380179166794,0.609142541885376,0.5721433758735657,-0.010805908590555191,0.581741213798523,0.564853310585022,-0.01578962616622448,0.5571457147598267,0.5642340779304504,-0.022829702123999596,0.5361987352371216,0.5658912062644958,-0.028782082721590996,0.6074277758598328,0.6136720180511475,-0.009998472407460213,0.5810167789459229,0.6105714440345764,-0.013999005779623985,0.5569067001342773,0.6113764047622681,-0.01850191317498684,0.5374822616577148,0.6129862666130066,-0.022907299920916557,0.61224764585495,0.6516536474227905,-0.01084264274686575,0.5920733213424683,0.6636697053909302,-0.016027994453907013,0.5756663084030151,0.6745153069496155,-0.018560409545898438,0.5626180171966553,0.6845619082450867,-0.019823094829916954,Call Me!
0.7486109137535095,0.6409494280815125,-7.529784085136271e-08,0.743682324886322,0.5644329190254211,-0.006051671225577593,0.7221463322639465,0.5015447735786438,-0.01177748292684555,0.7026554942131042,0.4455924928188324,-0.017636341974139214,0.6980989575386047,0.3936532139778137,-0.023809025064110756,0.6591282486915588,0.5106321573257446,-0.001424647169187665,0.6504455208778381,0.5271661281585693,-0.0045133326202631,0.6640191674232483,0.5431305170059204,-0.011343516409397125,0.6770082116127014,0.5513553023338318,-0.01670435443520546,0.6463677883148193,0.551681399345398,-0.0012531509855762124,0.6438882946968079,0.5703422427177429,0.0009452531230635941,0.6583374738693237,0.5814315676689148,-0.0027064261958003044,0.6729209423065186,0.5851224064826965,-0.007248616777360439,0.6425033807754517,0.5980424284934998,-0.0012875015381723642,0.6401723623275757,0.6090212464332581,-0.0006051575182937086,0.653020977973938,0.617715060710907,-0.0018081633606925607,0.6674597263336182,0.6207066774368286,-0.00397107657045126,0.6417868137359619,0.6418803334236145,-0.0019514685263857245,0.6351669430732727,0.652534544467926,-0.0024796645157039165,0.6477499604225159,0.6569781303405762,8.101874300336931e-06,0.660420835018158,0.6571337580680847,0.0027811473701149225,Call Me!
0.7867026329040527,0.5911104679107666,-1.4629368649821117e-07,0.7710337042808533,0.5259674787521362,0.0007671474595554173,0.7443432807922363,0.46409180760383606,-0.002968747867271304,0.7274150252342224,0.4130224883556366,-0.008308722637593746,0.7278979420661926,0.3674985468387604,-0.014037573710083961,0.6994059681892395,0.4751698076725006,-0.0009194029844366014,0.6678977012634277,0.520653486251831,-0.0068994248285889626,0.6821508407592773,0.5358679890632629,-0.012308681383728981,0.6978724002838135,0.5299853086471558,-0.015815328806638718,0.6970706582069397,0.5075556635856628,-0.005690846126526594,0.6683706641197205,0.5580358505249023,-0.008822787553071976,0.6831187605857849,0.5668182373046875,-0.009317871183156967,0.6983113884925842,0.5565856099128723,-0.010140392929315567,0.6994149088859558,0.5454107522964478,-0.01069868728518486,0.6738848090171814,0.5865405201911926,-0.013017216697335243,0.6880529522895813,0.5927792191505432,-0.009071039035916328,0.701604425907135,0.5826863646507263,-0.0070356042124331,0.7044996023178101,0.5842867493629456,-0.016080358996987343,0.6858147978782654,0.6147324442863464,-0.01838233880698681,0.7000373005867004,0.6171779632568359,-0.014570968225598335,0.7122024893760681,0.6073383688926697,-0.010813068598508835,Call Me!
0.7856007814407349,0.5276017785072327,-1.6683165426911728e-07,0.765723705291748,0.4699990749359131,0.00167187862098217,0.7363291382789612,0.41746726632118225,-0.0021778575610369444,0.7161860466003418,0.37216833233833313,-0.007789613213390112,0.7126044034957886,0.3281807005405426,-0.013365247286856174,0.6954569220542908,0.42969590425491333,-0.0010456040035933256,0.6655362248420715,0.4867871403694153,-0.008477717638015747,0.6813541054725647,0.4991534650325775,-0.014029212296009064,0.6951560378074646,0.4872553050518036,-0.01763221062719822,0.695966362953186,0.45887163281440735,-0.006922513246536255,0.6680671572685242,0.5218268632888794,-0.012516241520643234,0.6848825812339783,0.5256522297859192,-0.012946912087500095,0.6983157992362976,0.5096133351325989,-0.01330998819321394,0.7011462450027466,0.4937564432621002,-0.013181934133172035,0.6761583089828491,0.548016369342804,-0.017729533836245537,0.6923253536224365,0.5485662817955017,-0.013101107440888882,0.7036371827125549,0.5313588380813599,-0.010280284099280834,0.7094570398330688,0.5301479697227478,-0.019719326868653297,0.6919456720352173,0.5700779557228088,-0.023496761918067932,0.7071330547332764,0.5671311020851135,-0.019881634041666985,0.7173677086830139,0.5509899854660034,-0.016274940222501755,Call Me!
0.767719566822052,0.6823031306266785,-1.886971432440987e-07,0.7629926204681396,0.6061974167823792,-0.0032352234702557325,0.7434452772140503,0.5359645485877991,-0.007622725795954466,0.7275446057319641,0.47963395714759827,-0.013647453859448433,0.7270603179931641,0.43083786964416504,-0.020060114562511444,0.6803281307220459,0.5479462742805481,-0.0014042160473763943,0.6615915298461914,0.5766764879226685,-0.005728147458285093,0.6728558540344238,0.5995705723762512,-0.01145205833017826,0.6861740946769714,0.6088268756866455,-0.015042350627481937,0.6687979102134705,0.5885745286941528,-0.004821413662284613,0.6519959568977356,0.6180222630500793,-0.009483466856181622,0.6622505784034729,0.6400502324104309,-0.01600693166255951,0.6766712069511414,0.6486406922340393,-0.02055787481367588,0.6643850803375244,0.6336753368377686,-0.008098372258245945,0.6416498422622681,0.6563050746917725,-0.016121787950396538,0.6511083245277405,0.6750237941741943,-0.0199098102748394,0.6664184331893921,0.6796396970748901,-0.02079211361706257,0.6629159450531006,0.6794264912605286,-0.011146371252834797,0.6281186938285828,0.6797966957092285,-0.016469035297632217,0.603182852268219,0.6871787309646606,-0.01634202152490616,0.5832359790802002,0.6892016530036926,-0.014881988987326622,Call Me!
0.7722457647323608,0.7601909637451172,-1.1468092964150856e-07,0.7685056328773499,0.6707862615585327,-0.0088078323751688,0.7489060759544373,0.5960793495178223,-0.016117321327328682,0.7323880195617676,0.5329561233520508,-0.02317596971988678,0.7298437356948853,0.47668182849884033,-0.030344415456056595,0.6784440875053406,0.6206091642379761,-0.010361497290432453,0.6635646224021912,0.614614725112915,-0.011493468657135963,0.6720384359359741,0.6168460249900818,-0.014257918111979961,0.6810828447341919,0.6207263469696045,-0.017084963619709015,0.6659832000732422,0.6662939190864563,-0.01039715576916933,0.6597833037376404,0.6660858988761902,-0.011196264065802097,0.6723427176475525,0.6694319844245911,-0.015834279358386993,0.6852620840072632,0.6761665344238281,-0.020952390506863594,0.6646577715873718,0.7136419415473938,-0.01006603054702282,0.6502683162689209,0.7095819711685181,-0.014855789951980114,0.6629475951194763,0.7088532447814941,-0.017826521769165993,0.6781854033470154,0.7106704711914062,-0.02047555521130562,0.6681220531463623,0.7571690082550049,-0.00984587799757719,0.6348187327384949,0.7607071995735168,-0.014636820182204247,0.6132373213768005,0.7623598575592041,-0.01518865954130888,0.5954962968826294,0.7625042796134949,-0.015380481258034706,Call Me!
0.33165183663368225,0.6795144081115723,-1.79416147716438e-07,0.3475956618785858,0.6102380156517029,-0.0007230571354739368,0.3736100494861603,0.550163745880127,-0.006370547227561474,0.3926998972892761,0.5026013255119324,-0.012549612671136856,0.39770328998565674,0.4598594009876251,-0.016917264088988304,0.40873149037361145,0.5752900838851929,-0.010515972971916199,0.43986448645591736,0.6089865565299988,-0.01707569509744644,0.4254890978336334,0.6196216940879822,-0.01882972940802574,0.410319060087204,0.6158431172370911,-0.01944754086434841,0.40919917821884155,0.6156767010688782,-0.01512779202312231,0.4387741982936859,0.6439188718795776,-0.01924370788037777,0.42519813776016235,0.6518487930297852,-0.018095027655363083,0.41195622086524963,0.649584174156189,-0.01838412880897522,0.4080020785331726,0.6590071320533752,-0.019545771181583405,0.43485891819000244,0.6819575428962708,-0.023730648681521416,0.4220805764198303,0.6847191452980042,-0.019261760637164116,0.4091137945652008,0.6772322058677673,-0.016738058999180794,0.4060964584350586,0.7018522620201111,-0.02369559369981289,0.44381141662597656,0.7134530544281006,-0.02638161927461624,0.4652739465236664,0.7213196754455566,-0.02387317083775997,0.4848303198814392,0.7229111194610596,-0.022229930385947227,Call Me!
0.3463441729545593,0.6465181112289429,-1.84749197273959e-07,0.3626364469528198,0.5840339660644531,-0.004100230056792498,0.39038825035095215,0.5273131132125854,-0.009863442741334438,0.4121069014072418,0.4858139157295227,-0.015768954530358315,0.4192695617675781,0.4460088610649109,-0.020038234069943428,0.41768887639045715,0.5519928336143494,-0.013021557591855526,0.44402047991752625,0.5889822840690613,-0.02212095819413662,0.428577721118927,0.5986741781234741,-0.02561821974813938,0.41429081559181213,0.5919423699378967,-0.02706269919872284,0.41801151633262634,0.5902045369148254,-0.01648630201816559,0.4451020061969757,0.6244664192199707,-0.024436485022306442,0.43054914474487305,0.631925106048584,-0.025128940120339394,0.41768157482147217,0.6268258690834045,-0.025597989559173584,0.41669315099716187,0.6311482191085815,-0.020287342369556427,0.44043004512786865,0.6635916829109192,-0.028747716918587685,0.4261685311794281,0.666638195514679,-0.026400985196232796,0.4136902689933777,0.6568506360054016,-0.02379954606294632,0.414730042219162,0.6731989979743958,-0.02401033043861389,0.4501999318599701,0.6874012351036072,-0.028855398297309875,0.4713171422481537,0.696841299533844,-0.0278160497546196,0.4908420443534851,0.7014832496643066,-0.026725521311163902,Call Me!
0.3644687831401825,0.6606606841087341,-1.92541619981057e-07,0.3780043125152588,0.5956831574440002,-0.0004349757800810039,0.4043356478214264,0.5363958477973938,-0.0049231876619160175,0.4240807294845581,0.4917454421520233,-0.010279578156769276,0.4274314343929291,0.4503060281276703,-0.014008809812366962,0.4412817060947418,0.5493137240409851,-0.00723605789244175,0.47397807240486145,0.5923737287521362,-0.013721839524805546,0.45823249220848083,0.6066247224807739,-0.016506092622876167,0.4426332414150238,0.6020297408103943,-0.018312374129891396,0.4425160884857178,0.5852764844894409,-0.01267083827406168,0.47483307123184204,0.6246161460876465,-0.017877399921417236,0.459326833486557,0.6356698274612427,-0.017961546778678894,0.44514843821525574,0.6307672262191772,-0.01860787533223629,0.44188886880874634,0.626682460308075,-0.018177397549152374,0.4729181230068207,0.6617687344551086,-0.022853251546621323,0.4581262767314911,0.6680957674980164,-0.018829243257641792,0.44405654072761536,0.6588960886001587,-0.016467753797769547,0.439992219209671,0.6702072024345398,-0.023638121783733368,0.47672104835510254,0.6824097037315369,-0.026667561382055283,0.49871471524238586,0.691919207572937,-0.02483811043202877,0.5190903544425964,0.6962756514549255,-0.02362060733139515,Call Me!
0.3614949584007263,0.6467607617378235,-1.992339377920871e-07,0.3779803216457367,0.5806141495704651,-0.001120980829000473,0.4040229618549347,0.5239219665527344,-0.005334222223609686,0.42494407296180725,0.4817546606063843,-0.010338914580643177,0.4323308765888214,0.44367268681526184,-0.013735758140683174,0.4366474151611328,0.5543076395988464,-0.007403799798339605,0.46216729283332825,0.5880829095840454,-0.013995286077260971,0.44751304388046265,0.5973868370056152,-0.015915581956505775,0.4326273202896118,0.5932556390762329,-0.016304010525345802,0.43737298250198364,0.5940621495246887,-0.011830514296889305,0.46509912610054016,0.6242280006408691,-0.01765602082014084,0.4505283236503601,0.6300725936889648,-0.01746983453631401,0.4361379146575928,0.6255903840065002,-0.017193039879202843,0.4361741840839386,0.6349608898162842,-0.01639767363667488,0.46135005354881287,0.6598231196403503,-0.022532233968377113,0.4480780363082886,0.6616181135177612,-0.01939074881374836,0.4358207881450653,0.6530947089195251,-0.01654292643070221,0.4330122768878937,0.6757476329803467,-0.020745158195495605,0.4678817391395569,0.6891723871231079,-0.024303391575813293,0.4874647557735443,0.6979652047157288,-0.02247678115963936,0.5059362649917603,0.7015640735626221,-0.020761653780937195,Call Me!
0.37710124254226685,0.651660144329071,-1.7159830179025448e-07,0.39566779136657715,0.6013621091842651,-0.0032971790060400963,0.4255317151546478,0.5538116097450256,-0.009295729920268059,0.44734296202659607,0.5169952511787415,-0.015527377836406231,0.4558010697364807,0.47920113801956177,-0.020052624866366386,0.44940048456192017,0.5632271766662598,-0.01182248629629612,0.47593459486961365,0.6087695360183716,-0.021553240716457367,0.4603009819984436,0.617790937423706,-0.02654845267534256,0.4463517367839813,0.6094846725463867,-0.029416970908641815,0.44776755571365356,0.5965538024902344,-0.015820639207959175,0.4729156792163849,0.6414653062820435,-0.024286549538373947,0.4561411738395691,0.6497271060943604,-0.025901982560753822,0.4443402588367462,0.6428202986717224,-0.02701239287853241,0.44461846351623535,0.6360414624214172,-0.02007816918194294,0.469901978969574,0.6765677332878113,-0.027946261689066887,0.4551762640476227,0.6816210150718689,-0.024804221466183662,0.44251543283462524,0.6731037497520447,-0.02191801182925701,0.4413817226886749,0.6762507557868958,-0.024365223944187164,0.47564059495925903,0.6955788731575012,-0.029361935332417488,0.497465044260025,0.7092791199684143,-0.028286583721637726,0.517467737197876,0.7189845442771912,-0.027071978896856308,Call Me!
0.3552400469779968,0.6041938662528992,-1.4006398885157978e-07,0.38559818267822266,0.588918924331665,0.002491339109838009,0.41535648703575134,0.5547287464141846,0.000953237060457468,0.4365104138851166,0.5319008827209473,-0.0016936123138293624,0.447337806224823,0.5115614533424377,-0.0032359801698476076,0.4268260598182678,0.4993343949317932,-0.005703841336071491,0.4564546048641205,0.5686175227165222,-0.015247302129864693,0.443867027759552,0.601845383644104,-0.020578933879733086,0.4303646385669708,0.6069271564483643,-0.02346799522638321,0.4201204776763916,0.5101498961448669,-0.011110319755971432,0.45306888222694397,0.5868552327156067,-0.01988120935857296,0.43953174352645874,0.6170601844787598,-0.019729482010006905,0.42716094851493835,0.6256619095802307,-0.01899041049182415,0.41317328810691833,0.5347630977630615,-0.016597311943769455,0.4454510509967804,0.605998158454895,-0.023477213457226753,0.4335256516933441,0.6327200531959534,-0.018291285261511803,0.42124465107917786,0.6426295042037964,-0.013874631375074387,0.4052240252494812,0.5688870549201965,-0.02208496630191803,0.4378385543823242,0.594327449798584,-0.026688311249017715,0.45833340287208557,0.6081795692443848,-0.024527357891201973,0.4763380289077759,0.6204328536987305,-0.02218259684741497,Call Me!
0.3703891932964325,0.48280367255210876,-1.0755204016277276e-07,0.39927908778190613,0.478325754404068,0.003958672750741243,0.4292559325695038,0.47028207778930664,0.0014209655346348882,0.4514857530593872,0.4710814654827118,-0.00303856679238379,0.46625208854675293,0.47329434752464294,-0.006656321696937084,0.44657203555107117,0.42147326469421387,-0.004272411577403545,0.4598938226699829,0.49294254183769226,-0.014159576036036015,0.44589757919311523,0.5217946171760559,-0.01967022940516472,0.4339776039123535,0.5276781320571899,-0.022082604467868805,0.43770167231559753,0.42644479870796204,-0.010734057985246181,0.4532996416091919,0.5086253881454468,-0.01922311633825302,0.4398861229419708,0.5325098037719727,-0.019701136276125908,0.4282754957675934,0.5399575233459473,-0.0191291905939579,0.42713966965675354,0.4416552186012268,-0.017336267977952957,0.4441753327846527,0.518444836139679,-0.02510330080986023,0.4340311288833618,0.5428553819656372,-0.02237367443740368,0.4248802661895752,0.5534731149673462,-0.019003327935934067,0.414363294839859,0.46413150429725647,-0.02367621846497059,0.436422735452652,0.5066337585449219,-0.0280611552298069,0.449824720621109,0.5289911031723022,-0.02627553418278694,0.4614875912666321,0.5479535460472107,-0.023849939927458763,Call Me!
0.3855161964893341,0.46678784489631653,-1.678537842053629e-07,0.4252440333366394,0.48038938641548157,0.0045782956294715405,0.45110899209976196,0.47247231006622314,0.0030042061116546392,0.46894654631614685,0.46680963039398193,-0.0010966601548716426,0.4822850823402405,0.4654114246368408,-0.004380368627607822,0.46810388565063477,0.39387941360473633,0.0014405891997739673,0.4736804664134979,0.46149033308029175,-0.00799498613923788,0.4598100483417511,0.48922789096832275,-0.014990532770752907,0.4496507942676544,0.49681398272514343,-0.018897803500294685,0.4548957645893097,0.38997042179107666,-0.0055646407417953014,0.4624596834182739,0.4704177975654602,-0.01484665833413601,0.44754722714424133,0.49914929270744324,-0.017139125615358353,0.4364336133003235,0.5128278732299805,-0.017498468980193138,0.4392993450164795,0.3971089720726013,-0.01308186911046505,0.4491153657436371,0.47421321272850037,-0.02388422004878521,0.43925634026527405,0.5037795901298523,-0.023921819403767586,0.43075087666511536,0.5192645192146301,-0.021620698273181915,0.4223719835281372,0.4151161313056946,-0.020304076373577118,0.43812981247901917,0.45035314559936523,-0.028182312846183777,0.44981247186660767,0.4690348505973816,-0.02906402014195919,0.46111300587654114,0.4863000214099884,-0.02796078287065029,Call Me!
0.7401577234268188,0.47272077202796936,-4.0482373719896714e-07,0.7024847865104675,0.45774132013320923,0.015038062818348408,0.6683164834976196,0.43753382563591003,0.01776948757469654,0.6415694952011108,0.41985800862312317,0.015961110591888428,0.6236856579780579,0.3938247859477997,0.013708665035665035,0.650256335735321,0.41786643862724304,0.004043374676257372,0.6252416372299194,0.48137471079826355,-0.0018098505679517984,0.6372667551040649,0.5116870403289795,-0.00320443301461637,0.6488876938819885,0.5183936953544617,-0.0034666613209992647,0.6587305068969727,0.42591485381126404,-0.007526146713644266,0.6344536542892456,0.5013289451599121,-0.016020242124795914,0.6485726833343506,0.5292202234268188,-0.015913276001811028,0.6629995107650757,0.5394086837768555,-0.01590650901198387,0.6687964200973511,0.4476858079433441,-0.01845167949795723,0.6419148445129395,0.5141043066978455,-0.027230145409703255,0.6539602279663086,0.5423986911773682,-0.024760179221630096,0.6673142313957214,0.5499767065048218,-0.02257338911294937,0.6790655255317688,0.47929298877716064,-0.027972042560577393,0.6477106213569641,0.5096345543861389,-0.03786644712090492,0.6259215474128723,0.5307903289794922,-0.04232195392251015,0.6077682971954346,0.5463231205940247,-0.04507656395435333,Call Me!
0.7075173854827881,0.6879549026489258,-1.6859009122072166e-07,0.6853772401809692,0.6431411504745483,0.0005411301972344518,0.6580186486244202,0.6077251434326172,-0.003470818279311061,0.6367860436439514,0.5769407153129578,-0.008179721422493458,0.6280225515365601,0.5440951585769653,-0.012714816257357597,0.6343722343444824,0.6371736526489258,-0.01548844575881958,0.6020042300224304,0.673988401889801,-0.020369917154312134,0.61393141746521,0.6783761382102966,-0.019954072311520576,0.6269344687461853,0.6693823933601379,-0.01926107332110405,0.6377790570259094,0.6706331372261047,-0.019116660580039024,0.6086482405662537,0.7034645676612854,-0.02356063760817051,0.6209642887115479,0.7050595879554749,-0.021341659128665924,0.6315850615501404,0.6971573829650879,-0.02083800546824932,0.6446912288665771,0.7041069865226746,-0.021817924454808235,0.6127458810806274,0.7323786616325378,-0.025793569162487984,0.6245985627174377,0.7338995337486267,-0.021104974672198296,0.637032687664032,0.7265066504478455,-0.01883937604725361,0.652820885181427,0.736198902130127,-0.024254104122519493,0.6263778805732727,0.7627679705619812,-0.028763089329004288,0.6093268990516663,0.7805798649787903,-0.029321884736418724,0.5936629772186279,0.7942488193511963,-0.030152589082717896,Call Me!
0.829812228679657,0.6996244788169861,-1.6834655980346724e-07,0.8085436224937439,0.6566424369812012,-0.00021372470655478537,0.7812228202819824,0.6199694275856018,-0.004228403326123953,0.760785698890686,0.5880666971206665,-0.008935663849115372,0.7515392303466797,0.5550395250320435,-0.01332093309611082,0.7566088438034058,0.6471031904220581,-0.01343244593590498,0.7239397764205933,0.6825506091117859,-0.019588550552725792,0.7341101169586182,0.6876793503761292,-0.02060544490814209,0.7461215853691101,0.6797220706939697,-0.020650263875722885,0.760432243347168,0.6789852976799011,-0.01720527373254299,0.7292622327804565,0.7090184688568115,-0.0240018367767334,0.7409994602203369,0.7105358242988586,-0.02383735403418541,0.7524716258049011,0.702580451965332,-0.023761635646224022,0.7676312327384949,0.7112084627151489,-0.020359046757221222,0.7338493466377258,0.7346367239952087,-0.02678113803267479,0.7444559931755066,0.7374938726425171,-0.02394169382750988,0.7568116784095764,0.7312420606613159,-0.0218469500541687,0.7759090065956116,0.7419913411140442,-0.02325431816279888,0.749721348285675,0.7678787112236023,-0.029587626457214355,0.7331509590148926,0.7860095500946045,-0.03129540756344795,0.718713641166687,0.7992213368415833,-0.03220834955573082,Call Me!
0.24651679396629333,0.6840807199478149,-1.4441390305819368e-07,0.26535698771476746,0.632610023021698,-0.0030153323896229267,0.29188084602355957,0.5872288346290588,-0.009039424359798431,0.3127463459968567,0.551179826259613,-0.015485556796193123,0.32141417264938354,0.5160591006278992,-0.020161982625722885,0.31927427649497986,0.6173049807548523,-0.009672722779214382,0.34655115008354187,0.6589232683181763,-0.017708726227283478,0.3334652781486511,0.6660608053207397,-0.02061300352215767,0.32078656554222107,0.6590785384178162,-0.021510830149054527,0.3155341148376465,0.6511499881744385,-0.013020997866988182,0.3417145013809204,0.6862385272979736,-0.01951463147997856,0.32847607135772705,0.6911728382110596,-0.019428303465247154,0.31642410159111023,0.6846680045127869,-0.019312314689159393,0.31098660826683044,0.686165988445282,-0.01677454449236393,0.3353949189186096,0.7154045104980469,-0.02260410413146019,0.3237205445766449,0.7155869007110596,-0.018972817808389664,0.3123418986797333,0.7057598233222961,-0.015934715047478676,0.306683748960495,0.7214671969413757,-0.02062945067882538,0.338120698928833,0.740706741809845,-0.02362806722521782,0.3567938208580017,0.752920925617218,-0.021939489990472794,0.373878538608551,0.7600784301757812,-0.02046782523393631,Call Me!
0.2504247725009918,0.6896963119506836,-1.2691545236975799e-07,0.2677396535873413,0.6519608497619629,-0.005997831933200359,0.29681283235549927,0.6108639240264893,-0.011949255131185055,0.3166632354259491,0.5773187279701233,-0.017396502196788788,0.32563316822052,0.5433647036552429,-0.02132260426878929,0.312481552362442,0.6048985123634338,-0.014936752617359161,0.3459453582763672,0.6542704105377197,-0.02467886358499527,0.3330821394920349,0.6715211272239685,-0.028245026245713234,0.3212641775608063,0.664867639541626,-0.02982434444129467,0.30656805634498596,0.626943826675415,-0.017032019793987274,0.3409096896648407,0.6763549447059631,-0.026078933849930763,0.32658442854881287,0.6914545893669128,-0.026126720011234283,0.31434205174446106,0.6870797872543335,-0.025568345561623573,0.30114373564720154,0.6561387181282043,-0.019458293914794922,0.3348146080970764,0.6977323889732361,-0.026605786755681038,0.3211613595485687,0.7107701897621155,-0.021190013736486435,0.3079705238342285,0.707467257976532,-0.016607197001576424,0.29643750190734863,0.6892200708389282,-0.022330986335873604,0.3280004858970642,0.7005060315132141,-0.025316180661320686,0.3471119999885559,0.7078455686569214,-0.022285226732492447,0.3646881878376007,0.7125349640846252,-0.019746914505958557,Call Me!
0.2702988386154175,0.6755673289299011,-1.1450011072611233e-07,0.294040709733963,0.6527082920074463,0.0014645705232396722,0.31874510645866394,0.6142873167991638,-0.001366813899949193,0.33349090814590454,0.5841353535652161,-0.004986823070794344,0.3402223289012909,0.5557372570037842,-0.00744866905733943,0.3289323151111603,0.5803691744804382,-0.007009317632764578,0.3591936528682709,0.6231540441513062,-0.013326790183782578,0.3492056131362915,0.6448917984962463,-0.016042355448007584,0.3398176431655884,0.6468841433525085,-0.017910292372107506,0.32289236783981323,0.5919777154922485,-0.011913100257515907,0.35448747873306274,0.6395179033279419,-0.01780424453318119,0.3446164131164551,0.6576725244522095,-0.017796849831938744,0.33534133434295654,0.6590899229049683,-0.018154628574848175,0.31733018159866333,0.6145855188369751,-0.016508661210536957,0.35027027130126953,0.6532025337219238,-0.020814429968595505,0.34202760457992554,0.6705227494239807,-0.016439607366919518,0.33289822936058044,0.6734095215797424,-0.013850811868906021,0.31228238344192505,0.6428167819976807,-0.02106066420674324,0.340737909078598,0.6512687802314758,-0.023438286036252975,0.35776686668395996,0.6547464728355408,-0.02134237252175808,0.3735796809196472,0.6555181741714478,-0.020063960924744606,Call Me!
0.30734381079673767,0.6284360885620117,-1.9154420272116113e-07,0.3244194984436035,0.5957154035568237,0.008971965871751308,0.34622788429260254,0.560537576675415,0.00792113970965147,0.3612525463104248,0.5366156697273254,0.004314048681408167,0.3641009032726288,0.5106572508811951,0.0009467356721870601,0.37321269512176514,0.54144686460495,-0.0014928606105968356,0.399460107088089,0.5887618660926819,-0.0070998528972268105,0.3882332146167755,0.6141689419746399,-0.010569737292826176,0.375520259141922,0.6157788634300232,-0.012588012963533401,0.37116459012031555,0.5559004545211792,-0.010845252312719822,0.3997119665145874,0.6091769337654114,-0.01620398834347725,0.3869257867336273,0.6376615762710571,-0.016528917476534843,0.37422773241996765,0.643645167350769,-0.016110068187117577,0.36766910552978516,0.5807808041572571,-0.019213775172829628,0.39723968505859375,0.6312366724014282,-0.022378532215952873,0.3844772279262543,0.6568405032157898,-0.016623253002762794,0.3717680275440216,0.6620883941650391,-0.012068290263414383,0.3631668984889984,0.6107078194618225,-0.02699432708323002,0.39584800601005554,0.6177845597267151,-0.028206638991832733,0.4161610007286072,0.6216703057289124,-0.02427689917385578,0.43488186597824097,0.6225801110267639,-0.02111661434173584,Call Me!
0.6593005061149597,0.6294677257537842,-3.422183567636239e-07,0.6485792398452759,0.5855213403701782,0.013906946405768394,0.6318589448928833,0.5479641556739807,0.02075650729238987,0.6182163953781128,0.5219852924346924,0.02469058521091938,0.616176426410675,0.49518072605133057,0.028455279767513275,0.5942431092262268,0.5203934907913208,0.013308567926287651,0.5664001107215881,0.5491238236427307,0.015141444280743599,0.5707206726074219,0.5768697261810303,0.01645858772099018,0.5829328894615173,0.5921398997306824,0.01753203012049198,0.587504506111145,0.5396604537963867,0.005560358054935932,0.5595115423202515,0.5672305822372437,0.0051445974968373775,0.5664947628974915,0.5927987694740295,0.00656930124387145,0.5775136947631836,0.6085929274559021,0.007834456861019135,0.5836597681045532,0.568099319934845,-0.0013209853786975145,0.5536091327667236,0.5903699994087219,-0.004761182703077793,0.5575373768806458,0.6116790175437927,-0.0037121232599020004,0.5657177567481995,0.6215623617172241,-0.002520771464332938,0.5822033882141113,0.6017020344734192,-0.006583546753972769,0.5481739640235901,0.6041982173919678,-0.014013308100402355,0.5262455940246582,0.6091634035110474,-0.01667497120797634,0.5079172849655151,0.6125075817108154,-0.017602529376745224,Call Me!
0.6586581468582153,0.6317808032035828,-3.4777272617247945e-07,0.6461454033851624,0.5869023203849792,0.014215672388672829,0.6280994415283203,0.5511725544929504,0.02138906717300415,0.6131986975669861,0.5258663892745972,0.025404583662748337,0.6103871464729309,0.4982369840145111,0.029050705954432487,0.5894981622695923,0.5265136361122131,0.014057262800633907,0.5607431530952454,0.5619614720344543,0.01671871356666088,0.5664432644844055,0.5910623669624329,0.018822159618139267,0.5791252255439758,0.6055439710617065,0.020348336547613144,0.5829459428787231,0.5464016795158386,0.0060182916931807995,0.5541195273399353,0.5835956335067749,0.006285419221967459,0.5612629055976868,0.6109142899513245,0.00748853012919426,0.5729284286499023,0.6267240047454834,0.008307667449116707,0.5789635181427002,0.5761018991470337,-0.001147426082752645,0.5491783618927002,0.6077767610549927,-0.004619804676622152,0.5533291101455688,0.629798948764801,-0.004620687570422888,0.5618269443511963,0.6384716629981995,-0.004273570608347654,0.5770087242126465,0.6110416650772095,-0.006610911805182695,0.5410668849945068,0.617565929889679,-0.014384276233613491,0.5177342891693115,0.6246135234832764,-0.017584605142474174,0.49843114614486694,0.6286743879318237,-0.01901918649673462,Call Me!
0.6647235751152039,0.6357081532478333,-3.993115740286157e-07,0.651861846446991,0.5867688059806824,0.013677910901606083,0.6341544389724731,0.5488225221633911,0.01997552439570427,0.6196655631065369,0.5203720927238464,0.022444242611527443,0.6165692210197449,0.49014127254486084,0.024508163332939148,0.5928197503089905,0.5273497104644775,0.014968307688832283,0.565337598323822,0.5660005807876587,0.014097727835178375,0.5738479495048523,0.5976028442382812,0.0130744194611907,0.5904284119606018,0.6127414703369141,0.013423296622931957,0.5859460830688477,0.5487508773803711,0.006482438184320927,0.5594349503517151,0.5926914215087891,0.0039009726606309414,0.5717480778694153,0.6235145330429077,0.0026704638730734587,0.5875650644302368,0.6393089890480042,0.002576804021373391,0.5821958780288696,0.5797331929206848,-0.0014497207012027502,0.5571721196174622,0.6228684186935425,-0.008412758819758892,0.5703814625740051,0.6507412791252136,-0.010400176979601383,0.5865443348884583,0.6615936160087585,-0.009906858205795288,0.5802980661392212,0.6148577928543091,-0.007582501973956823,0.543076753616333,0.623735785484314,-0.017566759139299393,0.5188149213790894,0.6333934664726257,-0.022004108875989914,0.49903205037117004,0.6386138796806335,-0.023477494716644287,Call Me!
0.6774235367774963,0.6534549593925476,-3.1438489145330095e-07,0.6605137586593628,0.6076048016548157,0.014098534360527992,0.6401809453964233,0.5674890279769897,0.0200829915702343,0.6246023774147034,0.5360695123672485,0.02262112870812416,0.6213178038597107,0.5074695348739624,0.02397901751101017,0.6139205694198608,0.5488937497138977,0.010619613341987133,0.5808823704719543,0.5695163607597351,0.009718247689306736,0.5763258934020996,0.5956913828849792,0.009343883022665977,0.5806149244308472,0.6112267971038818,0.009390769526362419,0.6090124845504761,0.5685324668884277,0.0017314446158707142,0.5762557983398438,0.5944739580154419,-0.0002714882721193135,0.5789521336555481,0.6196824908256531,-0.0002472717605996877,0.5873321890830994,0.6334835886955261,-0.000317189289489761,0.6063055992126465,0.5976685881614685,-0.006332713179290295,0.5732998847961426,0.6209663152694702,-0.01182356383651495,0.576801598072052,0.6420875191688538,-0.012064213864505291,0.5851328372955322,0.6510108709335327,-0.011776871047914028,0.6044356226921082,0.6318011283874512,-0.01266821101307869,0.566826343536377,0.6404251456260681,-0.021235162392258644,0.5436992049217224,0.6478309035301208,-0.024464935064315796,0.5241981744766235,0.6502817869186401,-0.025986453518271446,Call Me!
0.6756182909011841,0.6587054133415222,-3.368869272435404e-07,0.658867597579956,0.6087885499000549,0.01321600191295147,0.638033926486969,0.5663082003593445,0.01832006499171257,0.6213237643241882,0.5326723456382751,0.019673332571983337,0.6173080801963806,0.5016510486602783,0.019799385219812393,0.6050086617469788,0.5531221032142639,0.011114310473203659,0.5716734528541565,0.5861621499061584,0.009926029480993748,0.5732631087303162,0.6176907420158386,0.008788872510194778,0.5837023258209229,0.6335853934288025,0.008617411367595196,0.6006675958633423,0.5759743452072144,0.0021693306043744087,0.5691088438034058,0.6134978532791138,0.0005352324224077165,0.5737613439559937,0.6400556564331055,-0.0004782147298101336,0.5845305919647217,0.6537068486213684,-0.0014054832281544805,0.5991916656494141,0.607033371925354,-0.006014735903590918,0.5676679611206055,0.6394022107124329,-0.011072422377765179,0.5727264285087585,0.6615192294120789,-0.011667508631944656,0.5827321410179138,0.6699884533882141,-0.01163280289620161,0.5990846157073975,0.6424288749694824,-0.012614622712135315,0.5614887475967407,0.6530911922454834,-0.019699174910783768,0.538418173789978,0.6620694994926453,-0.021745825186371803,0.5188466906547546,0.6655008792877197,-0.022452067583799362,Call Me!
0.33929184079170227,0.6301973462104797,-1.553138844201385e-07,0.3545098304748535,0.5741811990737915,0.0036434365902096033,0.38245245814323425,0.5217850208282471,0.0015043076127767563,0.4026944935321808,0.48472142219543457,-0.0016231442568823695,0.4044283628463745,0.4488799571990967,-0.003229956841096282,0.3979608416557312,0.5130420327186584,-0.009970475919544697,0.441580593585968,0.5515600442886353,-0.016907811164855957,0.428239107131958,0.5719388127326965,-0.01803087629377842,0.4136657416820526,0.5679168105125427,-0.018874550238251686,0.3976143002510071,0.5415600538253784,-0.016692452132701874,0.4432722330093384,0.5813703536987305,-0.022468075156211853,0.4290652275085449,0.6003381609916687,-0.019935136660933495,0.4156445860862732,0.597262978553772,-0.019130758941173553,0.39823901653289795,0.578387975692749,-0.022850094363093376,0.4430159628391266,0.6146242618560791,-0.027901969850063324,0.4282403290271759,0.6293656826019287,-0.021528277546167374,0.4132775068283081,0.6235122084617615,-0.017976069822907448,0.39910435676574707,0.619097113609314,-0.0286492221057415,0.4391167163848877,0.6336236596107483,-0.03332311287522316,0.4614083170890808,0.6439902782440186,-0.03215664252638817,0.4822373688220978,0.6479729413986206,-0.03155234828591347,Call Me!
0.34636974334716797,0.6447187066078186,-1.5265040076428704e-07,0.35930708050727844,0.5909139513969421,-0.0004027734394185245,0.3892458975315094,0.5308824777603149,-0.0036751008592545986,0.41078922152519226,0.48952099680900574,-0.00713829742744565,0.4122241139411926,0.4534551203250885,-0.008753659203648567,0.4076823890209198,0.5275210738182068,-0.012659040279686451,0.45082518458366394,0.5629459619522095,-0.02012608014047146,0.4366430342197418,0.582556426525116,-0.020829083397984505,0.42280858755111694,0.579227089881897,-0.021229030564427376,0.4063872992992401,0.5585099458694458,-0.01746397837996483,0.4522612690925598,0.5949587225914001,-0.024318749085068703,0.4370718002319336,0.613707423210144,-0.02152852527797222,0.4235984981060028,0.6107414960861206,-0.02009567804634571,0.4063407778739929,0.596712052822113,-0.022184159606695175,0.4513627588748932,0.6302499175071716,-0.028067590668797493,0.43665316700935364,0.6433265209197998,-0.02205657958984375,0.4213431775569916,0.6373231410980225,-0.018421119078993797,0.40734878182411194,0.6380090117454529,-0.02684156596660614,0.447585791349411,0.651208221912384,-0.031368911266326904,0.4708937406539917,0.6587607860565186,-0.030902568250894547,0.49270719289779663,0.6599422693252563,-0.030976183712482452,Call Me!
0.35253000259399414,0.6863177418708801,-1.5746067560939991e-07,0.3682292699813843,0.623537003993988,-0.0016179129015654325,0.3960852026939392,0.56984943151474,-0.006055391859263182,0.41593223810195923,0.5286092162132263,-0.011359937489032745,0.42220231890678406,0.4913932979106903,-0.015040149912238121,0.42502254247665405,0.5899658799171448,-0.007498915772885084,0.45519521832466125,0.6203603148460388,-0.015025501139461994,0.4411350190639496,0.6325154304504395,-0.017796339467167854,0.4269748032093048,0.6297072768211365,-0.019097574055194855,0.42628857493400574,0.6274686455726624,-0.012057159096002579,0.4608117640018463,0.6571217179298401,-0.020280975848436356,0.4452987313270569,0.6665085554122925,-0.021323470398783684,0.4298711121082306,0.6633628606796265,-0.021118732169270515,0.4258161783218384,0.6679162383079529,-0.016830049455165863,0.4599834978580475,0.6968768835067749,-0.024912819266319275,0.4438488781452179,0.7010600566864014,-0.021964959800243378,0.4281061589717865,0.6932569742202759,-0.018575822934508324,0.42224955558776855,0.7077802419662476,-0.021430378779768944,0.4559032917022705,0.7228609323501587,-0.02661937102675438,0.4762531518936157,0.7338111996650696,-0.025976283475756645,0.49506035447120667,0.7405855655670166,-0.024797746911644936,Call Me!
0.7685501575469971,0.8164887428283691,-2.857370304809592e-07,0.7620459198951721,0.7281965017318726,0.006962652783840895,0.7449539303779602,0.646263599395752,0.006323773879557848,0.7291989326477051,0.5818819999694824,0.002751594642177224,0.7293007373809814,0.5283658504486084,-0.002087787026539445,0.6994455456733704,0.623311460018158,-0.00011108205944765359,0.64773029088974,0.6296876072883606,-0.0030533785466104746,0.6414076685905457,0.6641327738761902,-0.00464438134804368,0.6464951038360596,0.6835953593254089,-0.005414596758782864,0.6882067322731018,0.6580086946487427,-0.007740274537354708,0.6373314261436462,0.6658766865730286,-0.01055194716900587,0.6353345513343811,0.6975991725921631,-0.011556749232113361,0.6434556245803833,0.7171548008918762,-0.012883827090263367,0.6799846887588501,0.7019422054290771,-0.014352073892951012,0.6300537586212158,0.6962916851043701,-0.018098562955856323,0.6267868280410767,0.7205649018287659,-0.015427488833665848,0.6337279677391052,0.7352373003959656,-0.013886046595871449,0.6732661724090576,0.7496659159660339,-0.02008105255663395,0.6287782788276672,0.724515438079834,-0.023875823244452477,0.6024253368377686,0.7131702899932861,-0.02244441583752632,0.5816001296043396,0.7005550265312195,-0.020967615768313408,Call Me!
0.7804336547851562,0.8329183459281921,-2.0819928181481373e-07,0.7753299474716187,0.7426540851593018,0.007113599218428135,0.7605660557746887,0.6585104465484619,0.006790075916796923,0.7461049556732178,0.5916820764541626,0.0033210853580385447,0.746019184589386,0.5375761389732361,-0.001426443923264742,0.7127511501312256,0.6368879675865173,0.005886775441467762,0.6658229231834412,0.6431362628936768,0.004233342129737139,0.657084584236145,0.6724075078964233,0.0016594280023127794,0.6583789587020874,0.6886289119720459,-5.591110675595701e-05,0.6991402506828308,0.670678973197937,-0.001925926306284964,0.6530227661132812,0.6767523288726807,-0.003050253726541996,0.6449978351593018,0.7036330699920654,-0.005961617920547724,0.6470946073532104,0.7213544845581055,-0.008900264278054237,0.6887536644935608,0.7139793038368225,-0.008949466980993748,0.6442400217056274,0.708552360534668,-0.0115329809486866,0.636247456073761,0.7291713356971741,-0.010646549053490162,0.6383455991744995,0.7421131134033203,-0.010423649102449417,0.6804444193840027,0.7608869671821594,-0.015176172368228436,0.6399558186531067,0.7316839098930359,-0.017335180193185806,0.614130437374115,0.720134973526001,-0.014977176673710346,0.5931622982025146,0.7092657685279846,-0.012816940434277058,Call Me!
0.7874393463134766,0.8426489233970642,-2.0222786645263113e-07,0.7878953814506531,0.7575609683990479,0.0015074239345267415,0.7738280296325684,0.6704034805297852,-0.0006667377892881632,0.7598694562911987,0.6032467484474182,-0.004717534873634577,0.760680079460144,0.5472099184989929,-0.009106642566621304,0.7223429679870605,0.6522660851478577,-0.0017370117129758,0.676808774471283,0.6613814234733582,-0.004240629728883505,0.6807426810264587,0.692420482635498,-0.006038259249180555,0.6943220496177673,0.7085025310516357,-0.006689814385026693,0.7078728675842285,0.6886292099952698,-0.006429710891097784,0.6642783880233765,0.6936672329902649,-0.009412017650902271,0.669427752494812,0.7232675552368164,-0.011441533453762531,0.684699535369873,0.7398669719696045,-0.012970698066055775,0.6967134475708008,0.7335741519927979,-0.010478212498128414,0.6525822877883911,0.724108099937439,-0.014556356705725193,0.6557258367538452,0.7485272884368896,-0.012588505633175373,0.6704727411270142,0.7628328204154968,-0.010764429345726967,0.6874243021011353,0.781603991985321,-0.014164081774652004,0.647857666015625,0.7466995120048523,-0.0173097662627697,0.6215742230415344,0.73409104347229,-0.015722455456852913,0.6023885607719421,0.7217247486114502,-0.013750866055488586,Call Me!
0.3110431730747223,0.7454527020454407,-2.545142763210606e-07,0.31608811020851135,0.6720633506774902,-0.0008726487285457551,0.3312503397464752,0.6068558692932129,-0.003912707790732384,0.3455311059951782,0.5591243505477905,-0.00829030480235815,0.34984517097473145,0.5181607604026794,-0.011496205814182758,0.3781144618988037,0.6186628341674805,0.0011819603387266397,0.39733025431632996,0.6496022939682007,-0.003660551505163312,0.38326936960220337,0.6645767092704773,-0.008298775181174278,0.36742421984672546,0.6659663915634155,-0.011254548095166683,0.38829898834228516,0.656049370765686,-0.0038485582917928696,0.4049694538116455,0.6849566698074341,-0.007578317541629076,0.3908713161945343,0.6948186159133911,-0.011872402392327785,0.3773915469646454,0.69491046667099,-0.015537752769887447,0.39387205243110657,0.6968599557876587,-0.009288803674280643,0.4119672477245331,0.7195416688919067,-0.01580032706260681,0.3974706828594208,0.727247416973114,-0.01654103957116604,0.3848234713077545,0.7231080532073975,-0.016261784359812737,0.3954041600227356,0.7380067706108093,-0.014462391845881939,0.4295005798339844,0.7366926670074463,-0.018983036279678345,0.4504520297050476,0.736518383026123,-0.017806628718972206,0.46954306960105896,0.7327675223350525,-0.01626664772629738,Call Me!
0.30667170882225037,0.7511085271835327,-2.484016761172825e-07,0.3110560476779938,0.6776629090309143,-0.0012608745601028204,0.32552677392959595,0.612023115158081,-0.004712466150522232,0.34066569805145264,0.5657655596733093,-0.009256475605070591,0.3471377193927765,0.526691198348999,-0.01254031341522932,0.3737117350101471,0.6213366985321045,-0.0028298934921622276,0.39543071389198303,0.6510862708091736,-0.007630168925970793,0.38206690549850464,0.6696282625198364,-0.010809293016791344,0.36568522453308105,0.6723378896713257,-0.01244779396802187,0.38305628299713135,0.660254955291748,-0.007382859475910664,0.4032976031303406,0.6877047419548035,-0.011570465750992298,0.3888736963272095,0.7010790109634399,-0.014618994668126106,0.37406668066978455,0.7018579244613647,-0.017148276790976524,0.3885595202445984,0.7011940479278564,-0.012100148014724255,0.41082921624183655,0.7221066951751709,-0.01902889646589756,0.39660313725471497,0.731731653213501,-0.0193441491574049,0.3828585147857666,0.7286383509635925,-0.018579311668872833,0.39033520221710205,0.7418239116668701,-0.016414646059274673,0.4255562126636505,0.738840639591217,-0.021407106891274452,0.44693589210510254,0.7387170791625977,-0.020597798749804497,0.4661269783973694,0.7346726655960083,-0.019175801426172256,Call Me!
0.3063773512840271,0.6546549797058105,-1.747299052112794e-07,0.3182753622531891,0.5971537828445435,0.005037542898207903,0.3392946720123291,0.5474711656570435,0.004819010850042105,0.3572358191013336,0.5150972008705139,0.0027244931552559137,0.3681192100048065,0.4883069694042206,0.0017133677611127496,0.36848002672195435,0.5441890954971313,0.0011991580249741673,0.39492207765579224,0.562931478023529,-0.002599148778244853,0.38282516598701477,0.5816455483436584,-0.0055511146783828735,0.36824464797973633,0.5864269137382507,-0.007073469925671816,0.37495604157447815,0.5725097060203552,-0.0050371927209198475,0.40143629908561707,0.5980235934257507,-0.00733082415536046,0.3888534903526306,0.6170227527618408,-0.008924596011638641,0.3761879801750183,0.6197582483291626,-0.01027692947536707,0.3798060417175293,0.6089804768562317,-0.010838390327990055,0.40571078658103943,0.6347050666809082,-0.01306141261011362,0.39468830823898315,0.6504530310630798,-0.011160454712808132,0.3825675845146179,0.6523782014846802,-0.009796653874218464,0.38239800930023193,0.6479442715644836,-0.016123920679092407,0.41861578822135925,0.6522238254547119,-0.017778273671865463,0.44136449694633484,0.6576229929924011,-0.01606120355427265,0.46055150032043457,0.6602007746696472,-0.014455621130764484,Call Me!
0.3316968083381653,0.6819005012512207,2.3970324036781676e-07,0.31159377098083496,0.6031355261802673,-0.011048062704503536,0.29541006684303284,0.5354769825935364,-0.027929827570915222,0.2901340126991272,0.4716930091381073,-0.04379609227180481,0.2940220236778259,0.4118816554546356,-0.05772915109992027,0.24701552093029022,0.5897795557975769,-0.04128844290971756,0.28169670701026917,0.4928637146949768,-0.06578274071216583,0.31239446997642517,0.45281273126602173,-0.07951133698225021,0.33487629890441895,0.43184125423431396,-0.0879424512386322,0.25885722041130066,0.6365368962287903,-0.04784977063536644,0.294689804315567,0.5278441309928894,-0.06849972158670425,0.3160706162452698,0.518973171710968,-0.07285067439079285,0.321984201669693,0.5252820253372192,-0.07722968608140945,0.2827209532260895,0.6655402183532715,-0.05409770458936691,0.3173649311065674,0.5555402636528015,-0.06990662962198257,0.3268168568611145,0.5727956295013428,-0.061767298728227615,0.321160227060318,0.603621244430542,-0.05714745819568634,0.3095453083515167,0.6836557388305664,-0.06186741590499878,0.33738529682159424,0.5964415669441223,-0.07218196243047714,0.3432379364967346,0.6053457260131836,-0.06568196415901184,0.3382035195827484,0.6308735609054565,-0.06096114590764046,Love
0.2530165910720825,0.5312591791152954,2.758682171588589e-07,0.2372199296951294,0.44283822178840637,-0.005240201018750668,0.22373929619789124,0.37027508020401,-0.02168264612555504,0.22334825992584229,0.3061964213848114,-0.03836221992969513,0.22492526471614838,0.24757348001003265,-0.053497977554798126,0.16485683619976044,0.4225115180015564,-0.03863770514726639,0.20049965381622314,0.3326786160469055,-0.06327886879444122,0.23506806790828705,0.29280751943588257,-0.07635844498872757,0.26127707958221436,0.2747829854488373,-0.08403103053569794,0.17609289288520813,0.46130722761154175,-0.04970052093267441,0.2139572650194168,0.3518601655960083,-0.07280030101537704,0.24049311876296997,0.32417309284210205,-0.07734201103448868,0.25177207589149475,0.3134750425815582,-0.08081283420324326,0.20048178732395172,0.4911561608314514,-0.06010063737630844,0.2373107522726059,0.3895260989665985,-0.07782071828842163,0.24934062361717224,0.40598389506340027,-0.06951220333576202,0.24625277519226074,0.43458446860313416,-0.0641842857003212,0.22983326017856598,0.5133547186851501,-0.0714624896645546,0.2583002746105194,0.42881637811660767,-0.08281835913658142,0.26578572392463684,0.4383281171321869,-0.0756060779094696,0.2608858644962311,0.46405670046806335,-0.07018604874610901,Love
0.18418534100055695,0.47056636214256287,1.5123210062029102e-07,0.1581459939479828,0.3597980737686157,-0.0060096015222370625,0.14248155057430267,0.2736479938030243,-0.025390947237610817,0.14214029908180237,0.19611778855323792,-0.04644268378615379,0.14211969077587128,0.12682904303073883,-0.06644301116466522,0.0708429291844368,0.3402208089828491,-0.034490156918764114,0.11720982939004898,0.23168236017227173,-0.06714469939470291,0.15728163719177246,0.1843680441379547,-0.09137380123138428,0.18533451855182648,0.1537022739648819,-0.10687373578548431,0.0906214639544487,0.39799797534942627,-0.04835706949234009,0.13707605004310608,0.2686690092086792,-0.07488290965557098,0.16014215350151062,0.25071704387664795,-0.08641748130321503,0.16416224837303162,0.24781711399555206,-0.09637073427438736,0.12121961265802383,0.443284273147583,-0.06233702227473259,0.16933183372020721,0.31624624133110046,-0.07873515039682388,0.1770855337381363,0.3386762738227844,-0.07174734026193619,0.16818329691886902,0.37620675563812256,-0.06881748139858246,0.15396885573863983,0.47776493430137634,-0.0783180370926857,0.1922362893819809,0.37804701924324036,-0.08519860357046127,0.19513753056526184,0.3854901194572449,-0.07596007734537125,0.18437647819519043,0.41415923833847046,-0.07009787857532501,Love
0.25961342453956604,0.870246946811676,1.0142604196516913e-06,0.22027802467346191,0.6995213031768799,-0.03700779750943184,0.21419189870357513,0.5192139148712158,-0.09368271380662918,0.25324004888534546,0.3660852313041687,-0.14629577100276947,0.27838656306266785,0.25200778245925903,-0.198757141828537,0.14711378514766693,0.6892955303192139,-0.16000771522521973,0.20750799775123596,0.49544963240623474,-0.2296268343925476,0.2497454583644867,0.36848679184913635,-0.2684715688228607,0.2920564115047455,0.26448214054107666,-0.29313144087791443,0.19934548437595367,0.7996241450309753,-0.17878305912017822,0.27614402770996094,0.5219993591308594,-0.24796918034553528,0.28784409165382385,0.5587849020957947,-0.25067129731178284,0.27856478095054626,0.6235093474388123,-0.25210875272750854,0.26285088062286377,0.8634715676307678,-0.1956697255373001,0.3300537168979645,0.5906949043273926,-0.2461887151002884,0.3248717486858368,0.6354219317436218,-0.21580740809440613,0.3024001121520996,0.7079268097877502,-0.19390058517456055,0.3221266269683838,0.8948243856430054,-0.21689963340759277,0.3732576370239258,0.6681138277053833,-0.24239744246006012,0.36207664012908936,0.6839528679847717,-0.21718519926071167,0.34006068110466003,0.7482053637504578,-0.20023974776268005,Love
0.46097782254219055,0.9496049880981445,5.038204449192563e-07,0.40922367572784424,0.7825630903244019,-0.03694532439112663,0.41237926483154297,0.5532634854316711,-0.08873574435710907,0.45382189750671387,0.36663302779197693,-0.12491872906684875,0.4802428185939789,0.22602508962154388,-0.15748710930347443,0.3737214207649231,0.6991740465164185,-0.21530455350875854,0.43793633580207825,0.42762017250061035,-0.2773076593875885,0.4906342327594757,0.2972071170806885,-0.292327880859375,0.5337377190589905,0.20836466550827026,-0.29742980003356934,0.4430285096168518,0.7983781099319458,-0.2205139696598053,0.5117388367652893,0.4779747724533081,-0.28661441802978516,0.5023232698440552,0.5313852429389954,-0.2613172233104706,0.48169752955436707,0.6183699369430542,-0.23832952976226807,0.5194500088691711,0.8562616109848022,-0.21842174232006073,0.5754711627960205,0.5330647826194763,-0.25764670968055725,0.5565682053565979,0.592881977558136,-0.20288242399692535,0.5359519124031067,0.6796499490737915,-0.16258318722248077,0.5946975350379944,0.8927100896835327,-0.21860912442207336,0.633552610874176,0.6498702764511108,-0.2324991226196289,0.604701578617096,0.6744526028633118,-0.19653791189193726,0.5778416991233826,0.7416638731956482,-0.17093221843242645,Love
0.530005693435669,0.9265642166137695,5.031303089708672e-07,0.49374935030937195,0.7589187622070312,-0.0348343588411808,0.5169289112091064,0.5678294897079468,-0.06926051527261734,0.5784181952476501,0.4494590759277344,-0.09283757954835892,0.6299918293952942,0.4331263601779938,-0.11377159506082535,0.5025151968002319,0.7076460719108582,-0.13381561636924744,0.5355270504951477,0.4569978415966034,-0.1765487641096115,0.5636466145515442,0.3080708086490631,-0.19213764369487762,0.5945516228675842,0.1983591616153717,-0.2007783055305481,0.5718759298324585,0.7803505063056946,-0.13195239007472992,0.6050592064857483,0.4892585575580597,-0.17876479029655457,0.5974295735359192,0.4072643518447876,-0.17679715156555176,0.5972131490707397,0.3908902704715729,-0.16923819482326508,0.6426441669464111,0.8380317687988281,-0.12559394538402557,0.6844545006752014,0.5550951361656189,-0.16131556034088135,0.6489103436470032,0.5627036690711975,-0.14017097651958466,0.6237438321113586,0.6415762901306152,-0.11530832201242447,0.7077311277389526,0.8741199970245361,-0.12090330570936203,0.7345829606056213,0.656305193901062,-0.1407412886619568,0.6996757388114929,0.6569517254829407,-0.12600170075893402,0.6814025640487671,0.7256784439086914,-0.10983304679393768,Love
0.5821523070335388,0.8312882781028748,-8.82487611875149e-08,0.545791506767273,0.7180763483047485,-0.025122787803411484,0.5452589392662048,0.572299063205719,-0.04614659398794174,0.5681478381156921,0.4521654546260834,-0.05620475858449936,0.599189817905426,0.38795992732048035,-0.06448104977607727,0.5672293305397034,0.6687999963760376,-0.10553421825170517,0.5799239873886108,0.4770558476448059,-0.13138343393802643,0.5969504714012146,0.3853493332862854,-0.13457649946212769,0.6158795952796936,0.3139679431915283,-0.13563112914562225,0.6191067695617676,0.7095279693603516,-0.098696269094944,0.6316244006156921,0.48708537220954895,-0.12322355806827545,0.6155237555503845,0.4716609716415405,-0.11143756657838821,0.6077522039413452,0.49500447511672974,-0.10113327205181122,0.6665050983428955,0.7386864423751831,-0.0879300907254219,0.6778547167778015,0.5307822823524475,-0.10758090764284134,0.6537787914276123,0.549240231513977,-0.08738017082214355,0.6426814794540405,0.6076421737670898,-0.06997871398925781,0.7064933180809021,0.7558268308639526,-0.0776200070977211,0.7145106792449951,0.5947962999343872,-0.0934692844748497,0.6894050240516663,0.6052338480949402,-0.08411385864019394,0.6787039637565613,0.6549814343452454,-0.07479429990053177,Love
0.4174601435661316,0.7474173903465271,1.2494606949076115e-07,0.38673511147499084,0.6703705191612244,-0.006299661006778479,0.37983575463294983,0.5677310824394226,-0.02164650149643421,0.3909856081008911,0.48030486702919006,-0.03535729646682739,0.4012557566165924,0.4167827367782593,-0.04840025678277016,0.3643205761909485,0.6280665397644043,-0.05482954904437065,0.38563424348831177,0.5201921463012695,-0.07217872142791748,0.40331435203552246,0.47306951880455017,-0.07570739835500717,0.41589629650115967,0.43977364897727966,-0.07754342257976532,0.3920341730117798,0.6603672504425049,-0.06216070428490639,0.41174110770225525,0.5386055111885071,-0.0818699523806572,0.41365665197372437,0.5630236268043518,-0.07394956797361374,0.40787193179130554,0.6014401912689209,-0.06807710975408554,0.4227726459503174,0.68125981092453,-0.06758802384138107,0.4357324540615082,0.5592451691627502,-0.08032690733671188,0.4355165362358093,0.5877864360809326,-0.06195398047566414,0.4308489263057709,0.6227616667747498,-0.049526944756507874,0.45367521047592163,0.6918274164199829,-0.07354675978422165,0.46137535572052,0.5955898761749268,-0.07664667069911957,0.45655557513237,0.6177452802658081,-0.06270741671323776,0.4498840570449829,0.6509503126144409,-0.05380106717348099,Love
0.3239729106426239,0.7014397382736206,2.8121647233092517e-07,0.29800403118133545,0.6293334364891052,-0.014772356487810612,0.28362736105918884,0.5656490921974182,-0.04144538938999176,0.2848447263240814,0.4996473789215088,-0.06727457791566849,0.2872939705848694,0.44301435351371765,-0.09158822894096375,0.2479146122932434,0.633904218673706,-0.06607631593942642,0.2662810683250427,0.5257827639579773,-0.09901854395866394,0.28836461901664734,0.47518396377563477,-0.11242809146642685,0.3045823276042938,0.4466240108013153,-0.11869216710329056,0.26832133531570435,0.6729666590690613,-0.0743844285607338,0.29347509145736694,0.5433617830276489,-0.10107467323541641,0.3109418451786041,0.5630026459693909,-0.09529095888137817,0.31089669466018677,0.5956228375434875,-0.09054376184940338,0.29759758710861206,0.6917476058006287,-0.08298313617706299,0.32269802689552307,0.565580427646637,-0.10255206376314163,0.3300289213657379,0.5927399396896362,-0.08454513549804688,0.3257876932621002,0.6312060952186584,-0.07197826355695724,0.3272779881954193,0.6999505758285522,-0.09368279576301575,0.34246665239334106,0.609176516532898,-0.10671306401491165,0.34427571296691895,0.6193745732307434,-0.09629598259925842,0.3407686948776245,0.6462592482566833,-0.08794238418340683,Love
0.5464820861816406,0.8379748463630676,-5.525009214579768e-07,0.5538756251335144,0.7282621264457703,-0.0012283545220270753,0.5765558481216431,0.6435499787330627,-0.00813769455999136,0.5868152976036072,0.5828851461410522,-0.017645670101046562,0.5953680276870728,0.5290328860282898,-0.025638269260525703,0.6606950759887695,0.6909759044647217,0.00017213766113854945,0.6237401366233826,0.5934829711914062,-0.0212319977581501,0.5901457071304321,0.5524416565895081,-0.038533251732587814,0.5626339316368103,0.5183650851249695,-0.04952742159366608,0.6664671301841736,0.7156530618667603,-0.01067677978426218,0.6248040199279785,0.5979892015457153,-0.033630453050136566,0.5872179865837097,0.6231191754341125,-0.04161740466952324,0.5727354884147644,0.647886335849762,-0.043512601405382156,0.6597526669502258,0.7422493696212769,-0.023403342813253403,0.616990864276886,0.622108519077301,-0.04304046556353569,0.5876471400260925,0.6708106398582458,-0.03687814623117447,0.5857502818107605,0.7147178053855896,-0.02970234490931034,0.6426099538803101,0.7675408720970154,-0.037160713225603104,0.6049308180809021,0.6745996475219727,-0.05269075557589531,0.5840439200401306,0.6996542811393738,-0.04874790087342262,0.5844466686248779,0.7322469353675842,-0.042564745992422104,Love
0.6224842071533203,0.6493964195251465,-5.257627435639733e-07,0.619733989238739,0.5718580484390259,-0.0024445687886327505,0.6359546184539795,0.49936002492904663,-0.006697881035506725,0.6449010372161865,0.44400733709335327,-0.013001479208469391,0.645695149898529,0.3922194540500641,-0.018341267481446266,0.7029945850372314,0.5256844162940979,0.004660873673856258,0.6761647462844849,0.45046427845954895,-0.014408388175070286,0.6473168134689331,0.4256202280521393,-0.030792273581027985,0.6257820129394531,0.4056687355041504,-0.04073520377278328,0.7138473391532898,0.5407599806785583,-0.002060858067125082,0.6821983456611633,0.45085322856903076,-0.023567188531160355,0.6477983593940735,0.4739059507846832,-0.03236702084541321,0.6330596208572388,0.49544858932495117,-0.0340137779712677,0.7186692357063293,0.5593417286872864,-0.010730813257396221,0.6837290525436401,0.47054409980773926,-0.02895311824977398,0.6556945443153381,0.5141348838806152,-0.02565169148147106,0.6496443152427673,0.5510956048965454,-0.019336199387907982,0.7160947918891907,0.5794234871864319,-0.020357144996523857,0.6821326017379761,0.5132343769073486,-0.03363444656133652,0.6639667749404907,0.5411251187324524,-0.03147079050540924,0.6642463803291321,0.571349561214447,-0.02637130580842495,Love
0.613805890083313,0.7148926258087158,-3.744027594621002e-07,0.613249659538269,0.6568682789802551,-0.006609606556594372,0.6242802143096924,0.5973582863807678,-0.011772851459681988,0.6291303038597107,0.5562035441398621,-0.01766134984791279,0.6326354146003723,0.5161519050598145,-0.02250559814274311,0.6768136620521545,0.6137237548828125,-0.000827859272249043,0.6539958119392395,0.5653591156005859,-0.016501612961292267,0.6314894556999207,0.5493446588516235,-0.029226411134004593,0.6146814823150635,0.5368512272834778,-0.0367346853017807,0.685234785079956,0.6314573884010315,-0.004446535371243954,0.6584587693214417,0.577434241771698,-0.020905248820781708,0.6354872584342957,0.5981672406196594,-0.02707894705235958,0.6273846626281738,0.6163250803947449,-0.028208507224917412,0.686600923538208,0.6539128422737122,-0.010169790126383305,0.6588700413703918,0.600601851940155,-0.02410106174647808,0.6411308646202087,0.6292687058448792,-0.021253691986203194,0.6390028595924377,0.651879608631134,-0.016515472903847694,0.6820240616798401,0.6792249083518982,-0.01713831163942814,0.6584456562995911,0.637826681137085,-0.027004269883036613,0.6457110047340393,0.653336763381958,-0.024960076436400414,0.6453656554222107,0.6691076159477234,-0.020848790183663368,Love
0.6947653293609619,0.6834054589271545,-3.186599712989846e-07,0.6970633268356323,0.6334560513496399,-0.0039050583727657795,0.7109991312026978,0.5843422412872314,-0.008080961182713509,0.7188786864280701,0.5495600700378418,-0.013330170884728432,0.7239241600036621,0.5147116780281067,-0.0177743062376976,0.7547191381454468,0.6102830171585083,0.0013620721874758601,0.7410561442375183,0.5616977214813232,-0.012287515215575695,0.723453164100647,0.5432286858558655,-0.024000244215130806,0.7095117568969727,0.5297802090644836,-0.031084388494491577,0.7619330883026123,0.6260116100311279,-0.0024667438119649887,0.7453324794769287,0.5730161666870117,-0.01629146747291088,0.7225906848907471,0.5923612117767334,-0.021109366789460182,0.71322101354599,0.6131157875061035,-0.021752648055553436,0.7634862065315247,0.6456079483032227,-0.008070276118814945,0.7468908429145813,0.5924606919288635,-0.019023416563868523,0.7267192602157593,0.6120870113372803,-0.01530840527266264,0.7203282713890076,0.632100522518158,-0.010656829923391342,0.7596964240074158,0.6673424243927002,-0.014740539714694023,0.7417033910751343,0.6251142024993896,-0.022033369168639183,0.7277942299842834,0.6346572637557983,-0.019447224214673042,0.7249423265457153,0.6491115689277649,-0.015704911202192307,Love
0.7647257447242737,0.5270066261291504,-2.9142364610379445e-07,0.762164294719696,0.48152822256088257,-0.0028635722119361162,0.7752242088317871,0.43041184544563293,-0.005365455057471991,0.7831690907478333,0.3947468400001526,-0.009206708520650864,0.7877397537231445,0.3588078022003174,-0.012475847266614437,0.8162292242050171,0.4437580704689026,0.005687353666871786,0.8042489290237427,0.4059487581253052,-0.0075833420269191265,0.7905911207199097,0.3859739303588867,-0.019084319472312927,0.7783271074295044,0.36836114525794983,-0.025750724598765373,0.8248024582862854,0.45874497294425964,0.0016330155776813626,0.8135402202606201,0.41583016514778137,-0.012007972225546837,0.7923915386199951,0.436006635427475,-0.01704077236354351,0.7827364802360535,0.45566117763519287,-0.017227385193109512,0.8293114304542542,0.4784449636936188,-0.004397972486913204,0.8160861730575562,0.4307507872581482,-0.016558974981307983,0.7957541346549988,0.4542770981788635,-0.013168171979486942,0.7891265153884888,0.4755838215351105,-0.007789300289005041,0.8289815783500671,0.5013245344161987,-0.011185070499777794,0.812984049320221,0.4592919945716858,-0.01902018114924431,0.7989975810050964,0.4738532304763794,-0.015882547944784164,0.7967255115509033,0.49147751927375793,-0.011306068859994411,Love
0.7076974511146545,0.44131311774253845,-3.7166316246839415e-07,0.705356240272522,0.36533474922180176,-0.006458832882344723,0.7169697880744934,0.30231761932373047,-0.012203660793602467,0.7229657173156738,0.2583356201648712,-0.018524786457419395,0.7264719009399414,0.21370139718055725,-0.023660197854042053,0.7812035083770752,0.31919583678245544,-0.0016446007648482919,0.7521634697914124,0.2633088529109955,-0.01813877560198307,0.7254753112792969,0.24520418047904968,-0.03280261158943176,0.7038331031799316,0.23061080276966095,-0.04211745783686638,0.7883813381195068,0.340067595243454,-0.0061379531398415565,0.7541022300720215,0.2752216160297394,-0.021054133772850037,0.729763388633728,0.2892252504825592,-0.028307035565376282,0.7216647863388062,0.3012057840824127,-0.0317649208009243,0.7849779725074768,0.364998459815979,-0.012650146149098873,0.7500598430633545,0.3036154508590698,-0.02545354701578617,0.7327212691307068,0.33094894886016846,-0.02316964976489544,0.7334668636322021,0.35261380672454834,-0.020346030592918396,0.7736803889274597,0.3898056447505951,-0.020490728318691254,0.7396924495697021,0.34381648898124695,-0.031344179064035416,0.7265928387641907,0.3595440089702606,-0.030280781909823418,0.7292360067367554,0.3769242465496063,-0.027514107525348663,Love
0.5369226932525635,0.800516664981842,-3.4777244195538515e-07,0.5336772203445435,0.7093634605407715,-0.004385647363960743,0.5435606837272644,0.6426370739936829,-0.011266417801380157,0.5465111136436462,0.593858003616333,-0.019145304337143898,0.546999990940094,0.5434874892234802,-0.0258395466953516,0.6094812750816345,0.655571460723877,-0.004256466403603554,0.5728052854537964,0.5943311452865601,-0.02173411101102829,0.5446068048477173,0.5730624198913574,-0.036181364208459854,0.5225290060043335,0.5603911280632019,-0.045619212090969086,0.6123430132865906,0.6812423467636108,-0.010599305853247643,0.568371057510376,0.6107720732688904,-0.026447167620062828,0.550334095954895,0.6380042433738708,-0.03204180300235748,0.5490520000457764,0.660519540309906,-0.03495423123240471,0.6042913794517517,0.7084805369377136,-0.01877598464488983,0.560063362121582,0.6383161544799805,-0.03176460042595863,0.5496134757995605,0.6702533960342407,-0.02735491283237934,0.5567461252212524,0.6937609314918518,-0.02394157461822033,0.5879440307617188,0.7345879673957825,-0.02810238115489483,0.5466026067733765,0.6824156641960144,-0.03871844336390495,0.5380061864852905,0.6991104483604431,-0.03696822375059128,0.5449740290641785,0.7145258784294128,-0.034484729170799255,Love
0.5793377757072449,0.9654078483581543,-3.3376184660482977e-07,0.5791853070259094,0.8739305734634399,-0.007147843949496746,0.592150092124939,0.8008987903594971,-0.013426195830106735,0.5969555377960205,0.7523979544639587,-0.020604731515049934,0.601582407951355,0.7064685225486755,-0.02580714039504528,0.6609317064285278,0.8194374442100525,-0.0006793617503717542,0.6285580396652222,0.7578778266906738,-0.018861372023820877,0.6024578809738159,0.7403258085250854,-0.03487717732787132,0.582229495048523,0.7279220819473267,-0.04524382948875427,0.6671217083930969,0.8464012742042542,-0.006255160551518202,0.6293687224388123,0.7801002860069275,-0.022558653727173805,0.6117116212844849,0.801532506942749,-0.03049178421497345,0.6120082139968872,0.8189773559570312,-0.03476649895310402,0.6618059277534485,0.876992404460907,-0.014407727867364883,0.6223997473716736,0.8120440244674683,-0.02776760794222355,0.608802855014801,0.8403376340866089,-0.02470734342932701,0.6163598299026489,0.8621270060539246,-0.021819930523633957,0.6476715803146362,0.9056705832481384,-0.02426844649016857,0.6130167841911316,0.8566731810569763,-0.03509526327252388,0.60317462682724,0.8715081810951233,-0.03336365520954132,0.6105526089668274,0.8871721029281616,-0.030364014208316803,Love
0.7194152474403381,0.9458374381065369,-4.433611877630028e-07,0.7182353138923645,0.8762927651405334,-0.006752242799848318,0.7331880927085876,0.8074911236763,-0.012440030463039875,0.742271363735199,0.7599846720695496,-0.018861183896660805,0.7469637393951416,0.7097768783569336,-0.023976875469088554,0.7983821034431458,0.8272980451583862,0.0007090677972882986,0.7735975980758667,0.7707139849662781,-0.017902011051774025,0.7503881454467773,0.7530530691146851,-0.0337192602455616,0.7318323254585266,0.7407699227333069,-0.04336019977927208,0.8087159395217896,0.8500834703445435,-0.0038726998027414083,0.7774089574813843,0.7855995893478394,-0.023180341348052025,0.748406171798706,0.8123565316200256,-0.030625225976109505,0.7367523908615112,0.8386052846908569,-0.03214007988572121,0.8103607296943665,0.8784375190734863,-0.010926161892712116,0.7785848379135132,0.8148694038391113,-0.027214933186769485,0.7555341720581055,0.8453553915023804,-0.023549674078822136,0.7501044869422913,0.8712099194526672,-0.017868688330054283,0.8049516081809998,0.9097972512245178,-0.019351525232195854,0.7758865356445312,0.8588075637817383,-0.031169606372714043,0.7595177292823792,0.875999391078949,-0.028896698728203773,0.7586095333099365,0.8941343426704407,-0.024252288043498993,Love
0.8286250829696655,0.9153864979743958,-3.1612663065061497e-07,0.818986177444458,0.8595045208930969,-0.003571557579562068,0.8260715007781982,0.7834029793739319,-0.004833629354834557,0.832805335521698,0.7320002317428589,-0.008456544019281864,0.8386507630348206,0.6861852407455444,-0.012406336143612862,0.8671056628227234,0.7803061604499817,0.011462260968983173,0.8621482253074646,0.7449589967727661,-0.002376281889155507,0.8519505858421326,0.7166019082069397,-0.013575769029557705,0.8419100642204285,0.6915496587753296,-0.02073807828128338,0.8827123045921326,0.7975873351097107,0.0055746217258274555,0.8783990144729614,0.7469812631607056,-0.012489499524235725,0.8550082445144653,0.7822280526161194,-0.018759464845061302,0.8461122512817383,0.8140413761138916,-0.017929384484887123,0.8963122367858887,0.8252437710762024,-0.003004067577421665,0.8891922831535339,0.7746230959892273,-0.022203728556632996,0.864515483379364,0.809292733669281,-0.01850881241261959,0.8572750091552734,0.8387218117713928,-0.010310478508472443,0.9075595140457153,0.8617088198661804,-0.011994097381830215,0.8960338830947876,0.8155690431594849,-0.02414289489388466,0.8767333030700684,0.8354483246803284,-0.019528480246663094,0.8723699450492859,0.8586240410804749,-0.012879670597612858,Love
0.8518927097320557,0.7995309233665466,-3.3604985105739615e-07,0.8452956676483154,0.7432864904403687,-0.0012088302755728364,0.8563406467437744,0.6729146838188171,-0.0011739755282178521,0.8644239902496338,0.6278137564659119,-0.003791137831285596,0.8681190609931946,0.5838078260421753,-0.006597538478672504,0.9003649950027466,0.6788820028305054,0.014763252809643745,0.8921573758125305,0.6448217034339905,0.0018291473388671875,0.880047082901001,0.6194224953651428,-0.00993801187723875,0.8675301671028137,0.5980619788169861,-0.01718892902135849,0.9134014248847961,0.6964914202690125,0.008455311879515648,0.90522700548172,0.6495136618614197,-0.007711054291576147,0.8820019960403442,0.6804662942886353,-0.014460531063377857,0.8710516691207886,0.7107858061790466,-0.01463734544813633,0.923702597618103,0.7230008840560913,-0.0004035231249872595,0.9157852530479431,0.6732749342918396,-0.017233029007911682,0.8915727734565735,0.7025899887084961,-0.0143663939088583,0.8819621801376343,0.7303136587142944,-0.0074549163691699505,0.9313254952430725,0.7575141787528992,-0.009613338857889175,0.9200844764709473,0.7113066911697388,-0.020320627838373184,0.9008815288543701,0.7272955775260925,-0.016343576833605766,0.8946117162704468,0.7488446235656738,-0.010455708019435406,Love
0.8578473925590515,0.5926551818847656,-4.421473533966491e-07,0.8585749864578247,0.5298463702201843,-0.005336609669029713,0.8789147138595581,0.4679730534553528,-0.00899819191545248,0.8912198543548584,0.4222685694694519,-0.013997734524309635,0.894469141960144,0.3769211769104004,-0.017980867996811867,0.9365412592887878,0.4995690584182739,0.0047890315763652325,0.9179293513298035,0.43720683455467224,-0.011749811470508575,0.8970625996589661,0.41183218359947205,-0.0257383044809103,0.8823211193084717,0.38960081338882446,-0.03394797444343567,0.9478558301925659,0.5186194181442261,0.0003999025793746114,0.9266197085380554,0.4458896517753601,-0.0185389444231987,0.894681453704834,0.46279841661453247,-0.02532898262143135,0.880552351474762,0.48050153255462646,-0.02527301385998726,0.952451229095459,0.5409647822380066,-0.006365250796079636,0.9280753135681152,0.4649302363395691,-0.023583846166729927,0.898969292640686,0.4967787265777588,-0.02069542557001114,0.889721155166626,0.5262481570243835,-0.014144611544907093,0.9503855109214783,0.5640371441841125,-0.0142974266782403,0.9252579212188721,0.5032941699028015,-0.026760123670101166,0.9067385196685791,0.5214686989784241,-0.025191722437739372,0.9033437967300415,0.5448816418647766,-0.020280232653021812,Love
0.8482656478881836,0.5697643756866455,-4.622316396307724e-07,0.8566300868988037,0.4768342673778534,-0.006779239512979984,0.8770099878311157,0.41707643866539,-0.013570789247751236,0.8893852829933167,0.3729840815067291,-0.02123410999774933,0.8986791372299194,0.3281085789203644,-0.027723394334316254,0.9482378363609314,0.46094924211502075,-0.002681845100596547,0.9167817234992981,0.38603249192237854,-0.019751910120248795,0.8881719708442688,0.3593423366546631,-0.03391988202929497,0.8677347302436829,0.34130656719207764,-0.043061576783657074,0.9517746567726135,0.4828457832336426,-0.008166144602000713,0.9163767099380493,0.3925883173942566,-0.025873277336359024,0.8850729465484619,0.3908322751522064,-0.034348566085100174,0.8732790946960449,0.3934127390384674,-0.03810091316699982,0.9437807202339172,0.504408061504364,-0.015387048944830894,0.9101302623748779,0.416514128446579,-0.031030703336000443,0.8871710896492004,0.44064533710479736,-0.029007181525230408,0.8858307600021362,0.46613335609436035,-0.02583286724984646,0.9275640249252319,0.5220782160758972,-0.023928362876176834,0.8946627974510193,0.45466524362564087,-0.037562187761068344,0.877797544002533,0.466996967792511,-0.03723201900720596,0.8781608939170837,0.4885942041873932,-0.034320853650569916,Love
0.7683969140052795,0.7010645866394043,-1.7956411113573267e-07,0.7829022407531738,0.6147174835205078,-0.006951746065169573,0.7936024069786072,0.526989758014679,-0.022192981094121933,0.7857565879821777,0.45195460319519043,-0.0362209752202034,0.7772032618522644,0.39121267199516296,-0.05147681012749672,0.8330700993537903,0.5758987069129944,-0.04217120632529259,0.7932168841362,0.47689536213874817,-0.062086351215839386,0.7660556435585022,0.43231192231178284,-0.07215000689029694,0.7466124296188354,0.4032517373561859,-0.07912217080593109,0.8088103532791138,0.6142194271087646,-0.04997055232524872,0.770598828792572,0.4989185631275177,-0.06769739091396332,0.7625446319580078,0.5176059007644653,-0.06745567172765732,0.7663471698760986,0.5488220453262329,-0.06964240223169327,0.7799602150917053,0.6422723531723022,-0.05690467730164528,0.7476857900619507,0.524226188659668,-0.07380976527929306,0.7441427111625671,0.5525180101394653,-0.06294036656618118,0.7528952360153198,0.5883721113204956,-0.05649685859680176,0.7501706480979919,0.6620156764984131,-0.06376791000366211,0.7257929444313049,0.5704697370529175,-0.07920587807893753,0.7267657518386841,0.5887703895568848,-0.0735093280673027,0.7360591888427734,0.6172866821289062,-0.06928344070911407,Love
0.6603057384490967,0.9057459831237793,3.4160019257711838e-09,0.6833971738815308,0.8291378021240234,-0.011925783939659595,0.6760246753692627,0.7242127060890198,-0.02638857439160347,0.6565043926239014,0.6462329030036926,-0.03564321622252464,0.6310975551605225,0.5996739864349365,-0.04569030553102493,0.6820804476737976,0.7988103032112122,-0.06558842957019806,0.6505548357963562,0.6892459988594055,-0.08049387484788895,0.6346197724342346,0.644044816493988,-0.08066364377737045,0.6201940774917603,0.6130011677742004,-0.08000145107507706,0.6521571278572083,0.8344501256942749,-0.06630174070596695,0.6269792318344116,0.7128146290779114,-0.08145791292190552,0.6334435939788818,0.7252262234687805,-0.07342228293418884,0.6401280760765076,0.7550711631774902,-0.06871228665113449,0.6229374408721924,0.8549877405166626,-0.06431672722101212,0.600766658782959,0.7352967262268066,-0.0734376311302185,0.6113044619560242,0.7532624006271362,-0.05669146776199341,0.6201527714729309,0.7845253944396973,-0.046865060925483704,0.5973276495933533,0.8628499507904053,-0.06271153688430786,0.584571361541748,0.7702364325523376,-0.0673728659749031,0.596642255783081,0.7844111323356628,-0.05646504461765289,0.6032522916793823,0.8140007853507996,-0.05051923915743828,Love
0.5147466659545898,0.9452837705612183,3.116966524885356e-07,0.5235012173652649,0.8564972281455994,-0.03003734163939953,0.5037674903869629,0.7736234664916992,-0.05036549270153046,0.47449004650115967,0.7043564915657043,-0.06319588422775269,0.45089098811149597,0.6554191708564758,-0.07328169792890549,0.4902438521385193,0.8760958313941956,-0.07150549441576004,0.45737287402153015,0.7526988983154297,-0.09330976009368896,0.44982147216796875,0.6977614760398865,-0.09745893627405167,0.44204795360565186,0.6613615155220032,-0.09815318137407303,0.46402114629745483,0.918124258518219,-0.06186497211456299,0.43419137597084045,0.7790448665618896,-0.08621972054243088,0.45172733068466187,0.77240389585495,-0.08072114735841751,0.46524250507354736,0.799068808555603,-0.07407445460557938,0.44012218713760376,0.9388448596000671,-0.05185333266854286,0.41816654801368713,0.804309070110321,-0.06616069376468658,0.43531832098960876,0.8047978281974792,-0.05298231914639473,0.4453484117984772,0.8321138620376587,-0.04288891702890396,0.4213351309299469,0.9446330070495605,-0.044384170323610306,0.4082724452018738,0.8338804841041565,-0.05165090411901474,0.4223126769065857,0.8349260687828064,-0.045591749250888824,0.4302867650985718,0.8626693487167358,-0.04085125774145126,Love
0.43304333090782166,0.8542621731758118,1.9617569080310204e-07,0.4472196102142334,0.775983989238739,-0.011708909645676613,0.42817461490631104,0.6811070442199707,-0.024091076105833054,0.4049070179462433,0.6104851365089417,-0.03208628296852112,0.3867039382457733,0.5567917227745056,-0.04078620299696922,0.4313929080963135,0.7426916360855103,-0.05958251282572746,0.3997800648212433,0.6411139369010925,-0.07296362519264221,0.3815484046936035,0.5988816022872925,-0.0718291625380516,0.3651731610298157,0.5695042014122009,-0.06999831646680832,0.4047353267669678,0.7892250418663025,-0.059052251279354095,0.37443768978118896,0.6681199669837952,-0.07436897605657578,0.38545554876327515,0.6773651838302612,-0.06556694209575653,0.3949979245662689,0.7112707495689392,-0.05838590860366821,0.3797959089279175,0.8265256285667419,-0.056056439876556396,0.34932658076286316,0.7065773010253906,-0.06338322162628174,0.3649560511112213,0.7200987339019775,-0.045072250068187714,0.37781479954719543,0.7523371577262878,-0.03314455971121788,0.35980385541915894,0.8509290814399719,-0.05357104539871216,0.33728712797164917,0.7559182047843933,-0.0557878203690052,0.3506869375705719,0.7622859477996826,-0.043728943914175034,0.3611927628517151,0.7897027134895325,-0.036157917231321335,Love
0.34575963020324707,0.7814830541610718,3.094393719038635e-07,0.3579385280609131,0.6905229091644287,-0.013160153292119503,0.33875760436058044,0.5961931347846985,-0.025597350671887398,0.3132917284965515,0.5219985246658325,-0.03325071185827255,0.2901134192943573,0.47228190302848816,-0.04048435017466545,0.325227290391922,0.6594861149787903,-0.057115040719509125,0.2952258586883545,0.5501089692115784,-0.07025151699781418,0.2880476117134094,0.5182382464408875,-0.06837914139032364,0.2820667624473572,0.5042842030525208,-0.06497031450271606,0.29778748750686646,0.7069081664085388,-0.053898390382528305,0.26957347989082336,0.5787478685379028,-0.06483787298202515,0.28190088272094727,0.5653495788574219,-0.055530380457639694,0.2917003631591797,0.5805835127830505,-0.04883095622062683,0.27457699179649353,0.7444615364074707,-0.04862141236662865,0.2490139752626419,0.6241118907928467,-0.05246155709028244,0.2670566439628601,0.6244667768478394,-0.036096975207328796,0.2794298231601715,0.6487147212028503,-0.02645418979227543,0.2573246955871582,0.7688807249069214,-0.044065553694963455,0.242513969540596,0.6747461557388306,-0.04517153277993202,0.25715211033821106,0.6746485829353333,-0.03505223989486694,0.26569250226020813,0.697246253490448,-0.028521880507469177,Love
0.3520837426185608,0.8135277628898621,1.5909436967831425e-07,0.3292466700077057,0.7427062392234802,-0.018558170646429062,0.3316682279109955,0.6522194743156433,-0.03876591473817825,0.3532145917415619,0.5849589705467224,-0.05230769142508507,0.3774053156375885,0.5403178930282593,-0.06396225094795227,0.32798558473587036,0.7286011576652527,-0.08251198381185532,0.35304850339889526,0.6128523945808411,-0.10441296547651291,0.3684287965297699,0.5567407608032227,-0.10756347328424454,0.382139652967453,0.5149623155593872,-0.10837356001138687,0.3574567437171936,0.7703782916069031,-0.08191905915737152,0.3829840421676636,0.631752610206604,-0.1090354397892952,0.3771810233592987,0.6305860877037048,-0.10110665112733841,0.373465359210968,0.6510515213012695,-0.09220081567764282,0.38771989941596985,0.7956136465072632,-0.07841476798057556,0.4100072383880615,0.660900890827179,-0.09525220096111298,0.39500850439071655,0.6699424982070923,-0.07437638938426971,0.3845328688621521,0.6999526023864746,-0.057373810559511185,0.4152929186820984,0.809731125831604,-0.07612978667020798,0.4323141574859619,0.7112323641777039,-0.08239854872226715,0.41609206795692444,0.7128276824951172,-0.0687844380736351,0.40513303875923157,0.7362228035926819,-0.05843505263328552,Love
0.3057912290096283,0.7574489116668701,1.0874644118530341e-07,0.28574439883232117,0.6905759572982788,-0.011182904243469238,0.2841964662075043,0.5953784584999084,-0.02363760769367218,0.2956254184246063,0.515094518661499,-0.031513869762420654,0.30856752395629883,0.46368157863616943,-0.03830457106232643,0.2795490324497223,0.6451009511947632,-0.059151679277420044,0.29987651109695435,0.5245154500007629,-0.07722689211368561,0.31599050760269165,0.46677282452583313,-0.08089916408061981,0.3296213746070862,0.424929678440094,-0.08241978287696838,0.3069823384284973,0.6766132116317749,-0.060188427567481995,0.33085164427757263,0.5441926717758179,-0.08336637914180756,0.3267468810081482,0.5627173781394958,-0.07735079526901245,0.320254921913147,0.5963624119758606,-0.06878826767206192,0.3372372090816498,0.7023523449897766,-0.05880172178149223,0.35834476351737976,0.5830932855606079,-0.07373804599046707,0.3493591547012329,0.6034030318260193,-0.05609842389822006,0.34049147367477417,0.6377322673797607,-0.04050864651799202,0.36580967903137207,0.7225295901298523,-0.057866986840963364,0.3817107379436493,0.6264476776123047,-0.06515045464038849,0.37093380093574524,0.635762631893158,-0.05311007797718048,0.36178141832351685,0.6643595099449158,-0.04267902672290802,Love
0.2471538633108139,0.706105649471283,2.9656141009581916e-07,0.22003914415836334,0.6210867762565613,-0.009885971434414387,0.2142079621553421,0.5295845866203308,-0.03194938972592354,0.22175420820713043,0.45136627554893494,-0.052556321024894714,0.22068321704864502,0.38475456833839417,-0.07264626026153564,0.19376274943351746,0.6027598977088928,-0.06844253838062286,0.21423140168190002,0.5001837015151978,-0.09558051079511642,0.2340819090604782,0.44192418456077576,-0.10546043515205383,0.2520773112773895,0.399539589881897,-0.11058542877435684,0.2224356085062027,0.6406862735748291,-0.07810556888580322,0.24240043759346008,0.511137843132019,-0.10845162719488144,0.24556571245193481,0.5341665148735046,-0.10127013921737671,0.24152840673923492,0.574374794960022,-0.09385644644498825,0.25453922152519226,0.6652137041091919,-0.08635460585355759,0.26935625076293945,0.5416021943092346,-0.10697944462299347,0.2708873152732849,0.568800151348114,-0.08539622277021408,0.2675975263118744,0.6062591671943665,-0.06897058337926865,0.28599438071250916,0.6783784627914429,-0.09576505422592163,0.2980051338672638,0.5852155685424805,-0.10340029001235962,0.29151952266693115,0.6037267446517944,-0.08821116387844086,0.2837376892566681,0.6390345692634583,-0.07762513309717178,Love
0.16910265386104584,0.5541558861732483,5.457006295728206e-07,0.14228703081607819,0.49793246388435364,-0.011568759568035603,0.12329316884279251,0.43369680643081665,-0.03487147018313408,0.12220506370067596,0.3651438057422638,-0.057099051773548126,0.1203329786658287,0.30486032366752625,-0.07834170013666153,0.08417075127363205,0.48072290420532227,-0.061716679483652115,0.10711346566677094,0.3768969774246216,-0.09248698502779007,0.13584206998348236,0.3257499039173126,-0.10991290211677551,0.15651820600032806,0.29487353563308716,-0.12110637873411179,0.10250745713710785,0.5184481143951416,-0.07162485271692276,0.12685054540634155,0.3965674638748169,-0.1045326292514801,0.14476484060287476,0.3457442820072174,-0.11456690728664398,0.1528492569923401,0.3131738305091858,-0.1220792829990387,0.13177864253520966,0.5410348176956177,-0.07925280183553696,0.1602211892604828,0.42527100443840027,-0.0992557629942894,0.17105083167552948,0.4451919198036194,-0.08525248616933823,0.16977213323116302,0.48098224401474,-0.07666409015655518,0.1619473099708557,0.5547574758529663,-0.08871135115623474,0.1821177452802658,0.4652154743671417,-0.10099857300519943,0.18830151855945587,0.47673824429512024,-0.08954561501741409,0.18380606174468994,0.5072433948516846,-0.08116891235113144,Love
0.13784433901309967,0.48578089475631714,3.56570069470763e-07,0.11256540566682816,0.41990646719932556,-0.009372568689286709,0.09347865730524063,0.353079617023468,-0.030480988323688507,0.09073380380868912,0.286116361618042,-0.050457924604415894,0.08868559449911118,0.2233588993549347,-0.06977339833974838,0.047953661531209946,0.4134163558483124,-0.055341411381959915,0.07363694906234741,0.3112037181854248,-0.0829177126288414,0.10016930848360062,0.2589428722858429,-0.09770716726779938,0.11985258013010025,0.2288329005241394,-0.10698791593313217,0.06577854603528976,0.4506419599056244,-0.06517371535301208,0.08957973122596741,0.3351975381374359,-0.0906505435705185,0.10818258672952652,0.31074345111846924,-0.09494620561599731,0.11326649785041809,0.30503442883491516,-0.099365234375,0.09389752149581909,0.4742635190486908,-0.07358768582344055,0.11818218231201172,0.3645755648612976,-0.0907629206776619,0.12938067317008972,0.3782538175582886,-0.07812288403511047,0.1276606321334839,0.4071275293827057,-0.07093285024166107,0.1237894669175148,0.4895312488079071,-0.08342678099870682,0.13819915056228638,0.40088099241256714,-0.09384448826313019,0.1449718326330185,0.40867581963539124,-0.08349650353193283,0.14269962906837463,0.4364704191684723,-0.07647238671779633,Love
0.24823591113090515,0.8377471566200256,3.986210970197135e-07,0.22230812907218933,0.7617872953414917,-0.014586525969207287,0.2090730518102646,0.6808876991271973,-0.036217935383319855,0.21385058760643005,0.6052444577217102,-0.05743960291147232,0.21134918928146362,0.5479360818862915,-0.07749380171298981,0.18268752098083496,0.7642481327056885,-0.05892769247293472,0.19488151371479034,0.6617966294288635,-0.09119992703199387,0.2090907096862793,0.5974514484405518,-0.10968422889709473,0.22305043041706085,0.5418907999992371,-0.12076067179441452,0.2050139158964157,0.8078919053077698,-0.06676697731018066,0.22650624811649323,0.6741553544998169,-0.09759312123060226,0.23488186299800873,0.6895350217819214,-0.09839114546775818,0.2347991168498993,0.7201152443885803,-0.09748431295156479,0.23636870086193085,0.8283690214157104,-0.07495139539241791,0.25394442677497864,0.7009837031364441,-0.09765331447124481,0.2564280331134796,0.7180285453796387,-0.08351805806159973,0.2504074275493622,0.7541389465332031,-0.0721418559551239,0.26462459564208984,0.8346725702285767,-0.08518312126398087,0.27978515625,0.729220449924469,-0.09726003557443619,0.2753630578517914,0.7447772026062012,-0.08667334914207458,0.26706016063690186,0.7827776670455933,-0.07843779772520065,Love
0.33051958680152893,0.934615969657898,4.84760164454201e-07,0.3065759241580963,0.8711851239204407,-0.028242189437150955,0.2997516989707947,0.7979170083999634,-0.056580763310194016,0.30959203839302063,0.7135981321334839,-0.08206570893526077,0.3156542479991913,0.6561127305030823,-0.10699038207530975,0.2914973199367523,0.882610023021698,-0.06752226501703262,0.30322566628456116,0.7589260339736938,-0.10364966094493866,0.31454527378082275,0.6933872699737549,-0.1272493600845337,0.325909823179245,0.6437817215919495,-0.14134542644023895,0.3186706304550171,0.9182984828948975,-0.0691889151930809,0.3354003131389618,0.7754127979278564,-0.09783732146024704,0.33537328243255615,0.7742825150489807,-0.10251158475875854,0.33281198143959045,0.7896814942359924,-0.10656565427780151,0.3463309109210968,0.933866024017334,-0.07236902415752411,0.3649735152721405,0.8007912635803223,-0.09148704260587692,0.35512837767601013,0.8109644651412964,-0.07923390716314316,0.34495508670806885,0.8378515243530273,-0.07101856172084808,0.36923137307167053,0.9410643577575684,-0.07953295111656189,0.3891145884990692,0.8475707769393921,-0.09176696091890335,0.37658166885375977,0.8502349257469177,-0.08346660435199738,0.36435428261756897,0.874830961227417,-0.0769200250506401,Love
0.3683827519416809,0.8667343258857727,2.0419057022991183e-07,0.35145673155784607,0.7993210554122925,-0.01587851159274578,0.3546522855758667,0.7088111639022827,-0.029765723273158073,0.36867469549179077,0.6359483599662781,-0.03759144991636276,0.3823692500591278,0.5894159078598022,-0.04475677013397217,0.35555174946784973,0.7724926471710205,-0.06744031608104706,0.37564027309417725,0.6546489000320435,-0.09058371931314468,0.39202526211738586,0.5969225168228149,-0.10064028948545456,0.40509146451950073,0.5568611025810242,-0.10554266721010208,0.38299238681793213,0.8034700751304626,-0.06541327387094498,0.4100620150566101,0.6600803732872009,-0.08737083524465561,0.4036737084388733,0.6541002988815308,-0.08370380848646164,0.3946112394332886,0.6760173439979553,-0.07755479216575623,0.4105786681175232,0.8269686102867126,-0.06111426278948784,0.43736958503723145,0.6948345303535461,-0.07541180402040482,0.42384764552116394,0.7005122900009155,-0.060003358870744705,0.411775141954422,0.7313377857208252,-0.04590141028165817,0.434283584356308,0.8433110117912292,-0.057595815509557724,0.4560452103614807,0.743332028388977,-0.06672360002994537,0.4422609806060791,0.7393971085548401,-0.05656420812010765,0.4302669167518616,0.7640547156333923,-0.04679214954376221,Love
0.22166913747787476,0.8662754893302917,4.650119080906734e-07,0.2578307092189789,0.8010299205780029,-0.018202753737568855,0.26209157705307007,0.7097633481025696,-0.024567201733589172,0.23265981674194336,0.6467653512954712,-0.03162705898284912,0.19968008995056152,0.6093878149986267,-0.03786716237664223,0.2560761570930481,0.629630982875824,-0.008213103748857975,0.2728160619735718,0.5335824489593506,-0.023305902257561684,0.2803385257720947,0.47096511721611023,-0.03301164135336876,0.28437086939811707,0.41851434111595154,-0.03846164420247078,0.22421324253082275,0.63127601146698,-0.011006646789610386,0.2173272967338562,0.5266265869140625,-0.02906901016831398,0.21296675503253937,0.4573791027069092,-0.04013517126441002,0.20884491503238678,0.39992859959602356,-0.044717125594615936,0.19520020484924316,0.6583511829376221,-0.016334647312760353,0.19607111811637878,0.6086167097091675,-0.045985523611307144,0.21141667664051056,0.6632925868034363,-0.04990607500076294,0.21824567019939423,0.7065860629081726,-0.04268880933523178,0.16938567161560059,0.6999937891960144,-0.022707078605890274,0.17322157323360443,0.656875729560852,-0.04669756814837456,0.19164539873600006,0.6917548179626465,-0.04503543674945831,0.203364759683609,0.7287197113037109,-0.03687679395079613,Victory
0.21669401228427887,0.7157812714576721,4.4116760022916424e-07,0.25170570611953735,0.6602434515953064,-0.017143087461590767,0.25655609369277954,0.5717723965644836,-0.021151628345251083,0.227754145860672,0.5072283744812012,-0.025400927290320396,0.19686442613601685,0.4693560302257538,-0.028613610193133354,0.2575314939022064,0.4972148835659027,-0.004103514365851879,0.2751047611236572,0.40367862582206726,-0.01602201536297798,0.2838504910469055,0.344267874956131,-0.0236679520457983,0.289083868265152,0.29512619972229004,-0.027688870206475258,0.2273482233285904,0.4950093924999237,-0.005246198736131191,0.2241469919681549,0.39623478055000305,-0.019264142960309982,0.22067780792713165,0.33187562227249146,-0.02870490588247776,0.21730345487594604,0.2799174189567566,-0.032640181481838226,0.19960469007492065,0.5160616636276245,-0.008974549360573292,0.19649389386177063,0.46532684564590454,-0.03469941392540932,0.20617316663265228,0.5088573694229126,-0.041191328316926956,0.21082238852977753,0.5459290146827698,-0.03715064004063606,0.1752195954322815,0.550337016582489,-0.013555152341723442,0.1774756908416748,0.5127289295196533,-0.03635631129145622,0.19182588160037994,0.5498512983322144,-0.03750505670905113,0.20153239369392395,0.5879402756690979,-0.031962648034095764,Victory
0.14415013790130615,0.6178940534591675,4.654880854104704e-07,0.18044349551200867,0.5628440380096436,-0.023402487859129906,0.18813353776931763,0.47154852747917175,-0.028259078040719032,0.15705722570419312,0.40598446130752563,-0.031945474445819855,0.12767915427684784,0.36058905720710754,-0.034073639661073685,0.19258350133895874,0.4034964442253113,-0.007503407076001167,0.21071618795394897,0.306387722492218,-0.01939580775797367,0.22035256028175354,0.2458495944738388,-0.026556912809610367,0.22599470615386963,0.19620263576507568,-0.0300152488052845,0.16062016785144806,0.4029936194419861,-0.005936589557677507,0.16000835597515106,0.3021717965602875,-0.01979401335120201,0.1600872129201889,0.23779740929603577,-0.02854083478450775,0.15858104825019836,0.1872972846031189,-0.03158671781420708,0.131744846701622,0.4237191081047058,-0.007999044843018055,0.12482378631830215,0.3736219108104706,-0.036754973232746124,0.13393737375736237,0.42366886138916016,-0.0446842685341835,0.13816913962364197,0.463622510433197,-0.040029704570770264,0.10745749622583389,0.454746276140213,-0.011293507181107998,0.10851595550775528,0.41026195883750916,-0.036285657435655594,0.1197378933429718,0.4478198289871216,-0.03852631151676178,0.12578196823596954,0.48489245772361755,-0.03326898068189621,Victory
0.4516495168209076,0.9615393280982971,7.206461987152579e-07,0.5013463497161865,0.8712471127510071,-0.03324529901146889,0.5146633386611938,0.7332838773727417,-0.04449184238910675,0.47472047805786133,0.6421976685523987,-0.05633720010519028,0.43213343620300293,0.571269154548645,-0.06505171209573746,0.49494534730911255,0.5715463161468506,-0.0102724963799119,0.5057300925254822,0.4232828915119171,-0.03076978772878647,0.5088822245597839,0.331362783908844,-0.04304654896259308,0.508690357208252,0.2569485604763031,-0.04972958564758301,0.4440169632434845,0.584623396396637,-0.014476382173597813,0.426592618227005,0.4188354015350342,-0.04282829165458679,0.4188510775566101,0.31730762124061584,-0.05887581408023834,0.4104621708393097,0.2410391867160797,-0.06375912576913834,0.3996673822402954,0.6355252265930176,-0.023815210908651352,0.3998071253299713,0.5518584847450256,-0.07360095530748367,0.4324358403682709,0.6512229442596436,-0.07797885686159134,0.447303831577301,0.7245165109634399,-0.06378882378339767,0.3616459369659424,0.709432065486908,-0.03528907522559166,0.37374135851860046,0.6393452286720276,-0.07583390921354294,0.404228150844574,0.7043502926826477,-0.07266339659690857,0.4183303117752075,0.7611610889434814,-0.05866663157939911,Victory
0.6166247725486755,1.0325543880462646,7.672578590245394e-07,0.6674661636352539,0.9415461421012878,-0.02831772156059742,0.6832090616226196,0.8123865723609924,-0.04005051404237747,0.6522036790847778,0.7142034769058228,-0.053779929876327515,0.6130615472793579,0.6445868015289307,-0.06489886343479156,0.6428787112236023,0.673790693283081,-0.015042301267385483,0.6702263951301575,0.5165340900421143,-0.039696794003248215,0.6816052794456482,0.4227869510650635,-0.05332185700535774,0.6867601275444031,0.33792123198509216,-0.06019805744290352,0.5994733572006226,0.6752222776412964,-0.020600633695721626,0.5974268913269043,0.49771469831466675,-0.052091628313064575,0.5974350571632385,0.3921399414539337,-0.06981997191905975,0.5951225161552429,0.3060339689254761,-0.07599900662899017,0.5606090426445007,0.7111304402351379,-0.02972501330077648,0.5796514749526978,0.6218698024749756,-0.07929576188325882,0.6093252301216125,0.7198044657707214,-0.08292625099420547,0.6223781704902649,0.7976008653640747,-0.06828557699918747,0.5307960510253906,0.7690450549125671,-0.04052712395787239,0.551618218421936,0.7089933156967163,-0.07921692728996277,0.5881296396255493,0.7685333490371704,-0.07555802166461945,0.6113710999488831,0.8310751914978027,-0.0608108714222908,Victory
0.8001534342765808,0.974678635597229,7.886844741733512e-07,0.8469947576522827,0.8788763284683228,-0.028084736317396164,0.8566285967826843,0.7436062097549438,-0.03989541158080101,0.8278607726097107,0.6483206152915955,-0.05323632061481476,0.8009334802627563,0.5672580599784851,-0.06317712366580963,0.8066408038139343,0.6226325035095215,-0.013801741413772106,0.8289781212806702,0.47231268882751465,-0.03909837454557419,0.8392015099525452,0.3830542266368866,-0.051788080483675,0.8429513573646545,0.30570361018180847,-0.057073503732681274,0.7651405930519104,0.6294773817062378,-0.018591437488794327,0.7640472650527954,0.45211470127105713,-0.05033554136753082,0.7641817927360535,0.3480150103569031,-0.06554127484560013,0.7599258422851562,0.2662454843521118,-0.06909345835447311,0.7286635637283325,0.6662287712097168,-0.027570759877562523,0.7571699023246765,0.5809386372566223,-0.07679672539234161,0.7920498251914978,0.671617865562439,-0.07846393436193466,0.805836021900177,0.7448707818984985,-0.062207624316215515,0.700173556804657,0.7216045260429382,-0.038229573518037796,0.7368866205215454,0.6574487090110779,-0.07470165938138962,0.7728023529052734,0.7208182215690613,-0.06892509013414383,0.7884839773178101,0.7824246287345886,-0.053050048649311066,Victory
0.6537884473800659,0.8397197723388672,7.809513249412703e-07,0.7165640592575073,0.7542240023612976,-0.0384061224758625,0.7339279651641846,0.6026730537414551,-0.04917990043759346,0.6966520547866821,0.49775928258895874,-0.05830792337656021,0.654005765914917,0.42782819271087646,-0.06404717266559601,0.7017207741737366,0.48210442066192627,-0.01943865977227688,0.7274926900863647,0.32194095849990845,-0.03971926122903824,0.7404549717903137,0.22888271510601044,-0.04985934868454933,0.744107723236084,0.14573056995868683,-0.05499241501092911,0.6546416282653809,0.4864387512207031,-0.01809929497539997,0.6492164731025696,0.30513817071914673,-0.0455794520676136,0.6506457924842834,0.1990722268819809,-0.059211377054452896,0.6439581513404846,0.11401892453432083,-0.06293877959251404,0.6144214272499084,0.5262231826782227,-0.02168167755007744,0.625464141368866,0.4365828335285187,-0.07117912173271179,0.6554742455482483,0.5337628126144409,-0.07619711011648178,0.6637047529220581,0.6078363060951233,-0.06250160932540894,0.5818427205085754,0.5838090777397156,-0.02742651104927063,0.6047762036323547,0.5087034702301025,-0.06681163609027863,0.6380747556686401,0.5698862671852112,-0.06461459398269653,0.6529983282089233,0.6291537284851074,-0.05211245268583298,Victory
0.8017669916152954,0.7524635791778564,7.561925485788379e-07,0.8582814931869507,0.6676878929138184,-0.030414147302508354,0.8798440098762512,0.5341706275939941,-0.04450608044862747,0.856501579284668,0.43603515625,-0.05951738357543945,0.8328167796134949,0.3591229021549225,-0.07108879089355469,0.8408410549163818,0.4075164496898651,-0.020311983302235603,0.8723674416542053,0.2615930736064911,-0.04752548411488533,0.8872527480125427,0.17664194107055664,-0.06218083202838898,0.8946412801742554,0.09916634857654572,-0.06991933286190033,0.7972033023834229,0.411756694316864,-0.024929655715823174,0.8012535572052002,0.24429740011692047,-0.05951467156410217,0.8046830296516418,0.14410477876663208,-0.07561157643795013,0.8010533452033997,0.06116984784603119,-0.08071071654558182,0.7596502900123596,0.44587162137031555,-0.03385309502482414,0.789975106716156,0.35882195830345154,-0.08345352858304977,0.8196656703948975,0.45141083002090454,-0.08344265073537827,0.8277338147163391,0.5230644345283508,-0.067536361515522,0.730778157711029,0.498482346534729,-0.045031268149614334,0.7732491493225098,0.4435192346572876,-0.08146297186613083,0.8011568784713745,0.5065574645996094,-0.07652541995048523,0.8083986043930054,0.5607576370239258,-0.0625155046582222,Victory
0.6420031785964966,0.8969302773475647,7.668446642128401e-07,0.6920799612998962,0.8088295459747314,-0.03071177750825882,0.6990929841995239,0.6616503000259399,-0.03980191797018051,0.6546505093574524,0.5755362510681152,-0.04881363734602928,0.6084932684898376,0.520599901676178,-0.05565403401851654,0.6702817678451538,0.5319033265113831,-0.014184780418872833,0.689032256603241,0.3799472451210022,-0.03604637086391449,0.6978774070739746,0.2877717912197113,-0.04833287000656128,0.6999034285545349,0.20877037942409515,-0.05443894863128662,0.6245856881141663,0.5405916571617126,-0.01726486347615719,0.6159444451332092,0.37427178025245667,-0.043181076645851135,0.6176974177360535,0.2712918519973755,-0.05665840208530426,0.6156001091003418,0.18856900930404663,-0.06068190187215805,0.5837613344192505,0.5863600373268127,-0.024840302765369415,0.5925179123878479,0.5078564882278442,-0.06959961354732513,0.623432993888855,0.5934038758277893,-0.07316851615905762,0.635176956653595,0.6599920392036438,-0.060224588960409164,0.5492274761199951,0.6515085697174072,-0.03426990285515785,0.5628761053085327,0.5949570536613464,-0.06927750259637833,0.5908600687980652,0.6536367535591125,-0.06456436216831207,0.6017000675201416,0.7092752456665039,-0.05100924149155617,Victory
0.4406011998653412,0.9201842546463013,7.761908022985153e-07,0.4907339811325073,0.8373718857765198,-0.030760258436203003,0.49348127841949463,0.6939760446548462,-0.036659982055425644,0.4491143822669983,0.6092406511306763,-0.042880527675151825,0.4021754264831543,0.5550724864006042,-0.04649287834763527,0.47325611114501953,0.569316565990448,-0.004161264281719923,0.48403334617614746,0.42269325256347656,-0.022907529026269913,0.49071377515792847,0.3321816027164459,-0.03338092565536499,0.4923490881919861,0.2576199471950531,-0.038486748933792114,0.43152788281440735,0.5800389051437378,-0.006381224375218153,0.4265117645263672,0.4172212481498718,-0.03058171086013317,0.4247872829437256,0.3184770345687866,-0.04350253939628601,0.41950783133506775,0.24361982941627502,-0.04653307422995567,0.3930523693561554,0.624308168888092,-0.014150873757898808,0.3861205577850342,0.5380828380584717,-0.06069143861532211,0.41487327218055725,0.6261060833930969,-0.0662679523229599,0.4294249415397644,0.692559003829956,-0.053375743329524994,0.35806208848953247,0.6862701773643494,-0.023713352158665657,0.36219924688339233,0.6248424649238586,-0.06267408281564713,0.38997772336006165,0.6842573881149292,-0.0621565617620945,0.4041512906551361,0.7365041971206665,-0.050801120698451996,Victory
0.24586108326911926,0.9236665368080139,6.684136337753444e-07,0.29081904888153076,0.8468945622444153,-0.027244754135608673,0.2953517735004425,0.7138689160346985,-0.03406263142824173,0.24137866497039795,0.6323662996292114,-0.04152623191475868,0.1934056133031845,0.5822341442108154,-0.04703369736671448,0.2955768406391144,0.5931358337402344,-0.003251830115914345,0.3116856813430786,0.4536193013191223,-0.02082683891057968,0.31971898674964905,0.3665226399898529,-0.03154345229268074,0.3223493695259094,0.29376494884490967,-0.03656066954135895,0.25442615151405334,0.599071741104126,-0.005528222303837538,0.25646376609802246,0.4536578357219696,-0.028593361377716064,0.2579452693462372,0.3561851382255554,-0.04324281960725784,0.257061630487442,0.2771212160587311,-0.04818844050168991,0.21553467214107513,0.6331148147583008,-0.01252006832510233,0.21119651198387146,0.5673807263374329,-0.054862041026353836,0.2273097038269043,0.6461768746376038,-0.06446605175733566,0.23474723100662231,0.7072434425354004,-0.055774837732315063,0.18140122294425964,0.680494487285614,-0.02081267163157463,0.18511588871479034,0.6221747994422913,-0.053593967109918594,0.20442557334899902,0.6846033930778503,-0.05256076529622078,0.21637722849845886,0.7439281940460205,-0.042033933103084564,Victory
0.13962924480438232,0.9178730845451355,6.277265356402495e-07,0.1770753562450409,0.8346474170684814,-0.027570120990276337,0.17506882548332214,0.7165125608444214,-0.0341913178563118,0.12455522269010544,0.6509426236152649,-0.041061803698539734,0.08325118571519852,0.6174069046974182,-0.04572567343711853,0.1852789670228958,0.6016284823417664,-0.0015664170496165752,0.19668512046337128,0.4695717394351959,-0.017523648217320442,0.20160289108753204,0.38790008425712585,-0.027720602229237556,0.20234255492687225,0.3217706084251404,-0.03240063041448593,0.14766056835651398,0.6088284850120544,-0.0024958294816315174,0.14496058225631714,0.4686211347579956,-0.02301185578107834,0.1418209969997406,0.3808014690876007,-0.03677576407790184,0.13825052976608276,0.30981576442718506,-0.04068291187286377,0.11396869271993637,0.643652081489563,-0.008430908434092999,0.10096041858196259,0.59111487865448,-0.04782872274518013,0.11503979563713074,0.6611324548721313,-0.059430964291095734,0.12482532858848572,0.7115179300308228,-0.05197281390428543,0.0858260914683342,0.6904572248458862,-0.01577184908092022,0.08084456622600555,0.6372621655464172,-0.04506392031908035,0.0981886088848114,0.6887940764427185,-0.04525595158338547,0.11246603727340698,0.7346236705780029,-0.03603373095393181,Victory
0.06954820454120636,0.7506349682807922,7.08224831669213e-07,0.10747931152582169,0.6371943354606628,-0.029984120279550552,0.09932995587587357,0.5075775384902954,-0.0322287380695343,0.04766543209552765,0.4360889792442322,-0.033927835524082184,-0.0001037284528138116,0.4156988561153412,-0.03289908915758133,0.11402575671672821,0.42581692337989807,0.007367610931396484,0.12556080520153046,0.29410913586616516,-0.003833666443824768,0.1315469592809677,0.214344784617424,-0.012735692784190178,0.13432848453521729,0.14836430549621582,-0.017619092017412186,0.07172994315624237,0.4327765107154846,0.009273359552025795,0.0692642480134964,0.30685681104660034,-0.006004967261105776,0.0683475211262703,0.22107024490833282,-0.018518973141908646,0.06491546332836151,0.15156400203704834,-0.02355848252773285,0.03168511390686035,0.4683173894882202,0.004780425224453211,0.010421516373753548,0.40032753348350525,-0.033509302884340286,0.03209942206740379,0.4671299457550049,-0.047747641801834106,0.04846527427434921,0.5254979133605957,-0.04267793893814087,-0.002171866362914443,0.5152040719985962,-0.0015576438745483756,-0.008781017735600471,0.44136640429496765,-0.032414909452199936,0.013311859220266342,0.4834499955177307,-0.03658303990960121,0.031262900680303574,0.5335703492164612,-0.031000543385744095,Victory
0.09830234199762344,0.8452648520469666,5.668129006153322e-07,0.132158100605011,0.7430660128593445,-0.029749872162938118,0.12462684512138367,0.6330391764640808,-0.03309576213359833,0.07819373160600662,0.563300609588623,-0.03613846376538277,0.03589408099651337,0.5275864005088806,-0.03671193867921829,0.1353997439146042,0.5258248448371887,0.0070272586308419704,0.14376136660575867,0.3936200439929962,-0.0066744000650942326,0.1467084288597107,0.3134358525276184,-0.01760990172624588,0.14659658074378967,0.24671998620033264,-0.022806253284215927,0.09685774147510529,0.5308405160903931,0.009677332825958729,0.08921973407268524,0.40051931142807007,-0.0073950523510575294,0.08305124938488007,0.31389570236206055,-0.02290126495063305,0.07888595759868622,0.242902934551239,-0.028763586655259132,0.0630793571472168,0.564086377620697,0.006274843588471413,0.050028588622808456,0.5153666138648987,-0.02890014462172985,0.06408874690532684,0.578081488609314,-0.04446661099791527,0.07561726123094559,0.627681314945221,-0.04066482558846474,0.03589531034231186,0.6099348664283752,0.0010360353626310825,0.027867957949638367,0.5606397390365601,-0.023593351244926453,0.04317064210772514,0.6016985774040222,-0.02558845281600952,0.056624334305524826,0.6463889479637146,-0.01849270798265934,Victory
0.235616534948349,0.91180819272995,5.315270641403913e-07,0.2710803747177124,0.8336170315742493,-0.02084324136376381,0.2696024477481842,0.7239930629730225,-0.027443353086709976,0.2210288643836975,0.6679986715316772,-0.035109858959913254,0.17738215625286102,0.6325035095214844,-0.041523851454257965,0.26530924439430237,0.6261094808578491,-0.005513232201337814,0.27104511857032776,0.5028787851333618,-0.02128366380929947,0.2717796862125397,0.4262489974498749,-0.03138699010014534,0.2692639231681824,0.36160993576049805,-0.036754753440618515,0.22825609147548676,0.6375134587287903,-0.010052432306110859,0.22200626134872437,0.5085549354553223,-0.029604004696011543,0.21698905527591705,0.42484351992607117,-0.04277494177222252,0.21058273315429688,0.35517045855522156,-0.04811776056885719,0.19550247490406036,0.6731659770011902,-0.01802094094455242,0.18880301713943481,0.6096286773681641,-0.05520728975534439,0.20655237138271332,0.6746835708618164,-0.06331083923578262,0.21459811925888062,0.7268419861793518,-0.0561741478741169,0.16944684088230133,0.722038209438324,-0.026823826134204865,0.16998878121376038,0.6610873341560364,-0.05669473484158516,0.19115522503852844,0.7096599340438843,-0.05496544763445854,0.2043495774269104,0.7621430158615112,-0.04530166834592819,Victory
0.3101586699485779,0.8541027903556824,4.279390282135864e-07,0.34416481852531433,0.791206419467926,-0.017227089032530785,0.3471415638923645,0.7008660435676575,-0.021947940811514854,0.31676429510116577,0.6496058702468872,-0.02740134857594967,0.2848112881183624,0.6223708391189575,-0.03168804198503494,0.33544397354125977,0.6235370635986328,-0.0050236997194588184,0.34404388070106506,0.5281795859336853,-0.01744951121509075,0.34655898809432983,0.4684010148048401,-0.024652108550071716,0.34513312578201294,0.41941750049591064,-0.02831472083926201,0.3071564733982086,0.6297650337219238,-0.007797583006322384,0.2997683882713318,0.5245704054832458,-0.023093830794095993,0.2971675992012024,0.45793479681015015,-0.031440410763025284,0.29258957505226135,0.4063442051410675,-0.03406586870551109,0.2820204496383667,0.6577015519142151,-0.013558456674218178,0.2807953953742981,0.6053370833396912,-0.04187372699379921,0.29930388927459717,0.6560095548629761,-0.04662488400936127,0.3078104257583618,0.698878288269043,-0.03989182040095329,0.2604181170463562,0.696924090385437,-0.020227855071425438,0.26461729407310486,0.6536973714828491,-0.04288378357887268,0.28371331095695496,0.6871203780174255,-0.04206782951951027,0.29444703459739685,0.7245230078697205,-0.03499426320195198,Victory
0.24709610641002655,0.7825596332550049,3.4415646155139257e-07,0.27443915605545044,0.7334917187690735,-0.012940063141286373,0.2769686281681061,0.6643185019493103,-0.016444897279143333,0.25307807326316833,0.6220958828926086,-0.02096223458647728,0.2282775640487671,0.5984711647033691,-0.024703113362193108,0.2716684341430664,0.5990408062934875,-0.0021091331727802753,0.2796963155269623,0.5233317017555237,-0.012736060656607151,0.28343480825424194,0.4757690131664276,-0.019305730238556862,0.28335893154144287,0.43771496415138245,-0.02270033024251461,0.24945347011089325,0.6037240624427795,-0.005247532390058041,0.24669131636619568,0.5206554532051086,-0.018661417067050934,0.24363264441490173,0.4675212800502777,-0.02687964402139187,0.23825758695602417,0.4260007441043854,-0.029603462666273117,0.22923028469085693,0.6270209550857544,-0.010797078721225262,0.22540128231048584,0.5885075926780701,-0.03449976071715355,0.23773141205310822,0.6287338733673096,-0.03922710195183754,0.2440192848443985,0.6597939729690552,-0.03400791436433792,0.21137213706970215,0.6608678698539734,-0.016972139477729797,0.21202103793621063,0.6270222067832947,-0.03541756421327591,0.2249385118484497,0.654413640499115,-0.0348668247461319,0.23279573023319244,0.682116687297821,-0.029054367914795876,Victory
0.2614295184612274,0.7897809743881226,2.893754640354018e-07,0.2870044708251953,0.7481441497802734,-0.011228103190660477,0.2898796796798706,0.6886224150657654,-0.014067243784666061,0.2706598937511444,0.644576370716095,-0.017545167356729507,0.25000712275505066,0.6207448840141296,-0.02045217901468277,0.29239147901535034,0.637060284614563,-0.002829472068697214,0.30264517664909363,0.573176920413971,-0.01188695803284645,0.3078567683696747,0.5318508148193359,-0.017873462289571762,0.3103390038013458,0.4977254271507263,-0.021177876740694046,0.27253228425979614,0.6358277201652527,-0.004653762094676495,0.2736441195011139,0.5656535625457764,-0.015306743793189526,0.27388036251068115,0.519296407699585,-0.02224680595099926,0.2735019326210022,0.480831116437912,-0.024967215955257416,0.25411665439605713,0.6510693430900574,-0.00836748257279396,0.24955657124519348,0.6165340542793274,-0.027927828952670097,0.2566450238227844,0.650242030620575,-0.03275012597441673,0.2613057792186737,0.678857147693634,-0.029221870005130768,0.23767538368701935,0.6764077544212341,-0.012611504644155502,0.23804177343845367,0.6486167311668396,-0.02886175736784935,0.24785630404949188,0.6729652881622314,-0.029649976640939713,0.2550255358219147,0.6988376379013062,-0.025613153353333473,Victory
0.26888346672058105,0.7531843185424805,2.8983785682612506e-07,0.2909720838069916,0.7159382700920105,-0.013005100190639496,0.2967967391014099,0.6639033555984497,-0.016095245257019997,0.2797550559043884,0.6258633136749268,-0.018903769552707672,0.26135554909706116,0.6048750281333923,-0.020877020433545113,0.30774861574172974,0.6230903267860413,-0.0031217688228935003,0.32071566581726074,0.5631221532821655,-0.011533893644809723,0.32714760303497314,0.5248948335647583,-0.01689969375729561,0.33062291145324707,0.493852436542511,-0.019205594435334206,0.2881055772304535,0.6192286014556885,-0.002916573779657483,0.2922786772251129,0.5550359487533569,-0.012887486256659031,0.2943013906478882,0.5155270099639893,-0.01971212401986122,0.29582855105400085,0.482905775308609,-0.021702785044908524,0.2692008912563324,0.6284859776496887,-0.0047319913282990456,0.26383668184280396,0.6068122982978821,-0.022625314071774483,0.26655223965644836,0.6398729085922241,-0.028068916872143745,0.269396036863327,0.663935124874115,-0.024743063375353813,0.25309625267982483,0.6448045372962952,-0.00716573279350996,0.2525116801261902,0.6225003600120544,-0.019763818010687828,0.2571764588356018,0.6458413004875183,-0.01897554285824299,0.2606220841407776,0.6677342057228088,-0.014091105200350285,Victory
0.25751224160194397,0.627979040145874,2.7799475788015116e-07,0.2781291604042053,0.5880597233772278,-0.011284461244940758,0.28313106298446655,0.5381280183792114,-0.013341829180717468,0.26757821440696716,0.5025827288627625,-0.015592234209179878,0.2512412965297699,0.4825836420059204,-0.017036058008670807,0.2960623502731323,0.5031513571739197,0.0009418482077307999,0.3074364960193634,0.44446688890457153,-0.005449500400573015,0.3132094442844391,0.4080054759979248,-0.00970290694385767,0.3163345754146576,0.37844377756118774,-0.011380475014448166,0.2782384753227234,0.4995400607585907,0.0015262813540175557,0.2823468744754791,0.43889594078063965,-0.006432561203837395,0.28307482600212097,0.40035781264305115,-0.012448486872017384,0.2831486761569977,0.36922940611839294,-0.014162261039018631,0.2612724304199219,0.5073354840278625,2.9751874535577372e-05,0.25657281279563904,0.48565128445625305,-0.014778018929064274,0.2579980492591858,0.5143110156059265,-0.02029922790825367,0.2593924403190613,0.5361568331718445,-0.017739444971084595,0.24702705442905426,0.5198951363563538,-0.0021283994428813457,0.24640505015850067,0.5008150935173035,-0.012156649492681026,0.24916940927505493,0.5221595168113708,-0.012189248576760292,0.2508791387081146,0.5415223240852356,-0.008454100228846073,Victory
0.2423616647720337,0.4863612949848175,2.829963818840042e-07,0.2648237943649292,0.45576196908950806,-0.011324411258101463,0.27140918374061584,0.4079996347427368,-0.014289356768131256,0.25679680705070496,0.3685992956161499,-0.017274217680096626,0.24198049306869507,0.34417566657066345,-0.0195938553661108,0.28190287947654724,0.37311017513275146,-0.003156189573928714,0.2947806417942047,0.3189048171043396,-0.011777213774621487,0.3021937608718872,0.28467315435409546,-0.017317676916718483,0.30648747086524963,0.2560853958129883,-0.01988319307565689,0.2634621262550354,0.3670141100883484,-0.003500823862850666,0.27006301283836365,0.3081686198711395,-0.013392939232289791,0.27266401052474976,0.27087751030921936,-0.01988351158797741,0.27385085821151733,0.24015307426452637,-0.021868720650672913,0.24582922458648682,0.3744209110736847,-0.005605996120721102,0.23981240391731262,0.3539648652076721,-0.022462965920567513,0.24188277125358582,0.38280582427978516,-0.027086514979600906,0.24428458511829376,0.4058786630630493,-0.02383902668952942,0.23016701638698578,0.3898446261882782,-0.008272106759250164,0.2288554608821869,0.372093141078949,-0.0207290668040514,0.23215243220329285,0.39373594522476196,-0.020286697894334793,0.23477770388126373,0.41386446356773376,-0.01591179147362709,Victory
0.20895664393901825,0.36008575558662415,2.851568865480658e-07,0.23190277814865112,0.32160672545433044,-0.00986502319574356,0.235673189163208,0.26524269580841064,-0.011575565673410892,0.21896949410438538,0.22328589856624603,-0.013644881546497345,0.20050963759422302,0.19978082180023193,-0.015209364704787731,0.23976384103298187,0.2301502525806427,-0.0018175860168412328,0.25202566385269165,0.17378723621368408,-0.00941266119480133,0.25836989283561707,0.13800717890262604,-0.014547026716172695,0.26177942752838135,0.10818234831094742,-0.01747296005487442,0.22100830078125,0.22840110957622528,-0.0031978606712073088,0.22393107414245605,0.16892600059509277,-0.011749019846320152,0.22542929649353027,0.13130685687065125,-0.017923761159181595,0.22561445832252502,0.1001628190279007,-0.020781315863132477,0.20305797457695007,0.242014080286026,-0.006274459417909384,0.19908571243286133,0.21493622660636902,-0.022563962265849113,0.20492984354496002,0.24059006571769714,-0.027224021032452583,0.2086753100156784,0.2630960941314697,-0.02507683075964451,0.1860300451517105,0.2646952271461487,-0.009784729219973087,0.18667882680892944,0.2417008876800537,-0.023464662954211235,0.19398409128189087,0.2592306137084961,-0.024469921365380287,0.19900667667388916,0.2780003547668457,-0.021668775007128716,Victory
0.199363112449646,0.38078242540359497,2.7883456255040073e-07,0.2239724099636078,0.34486883878707886,-0.014546492137014866,0.22847144305706024,0.28112858533859253,-0.01755036972463131,0.20867691934108734,0.23626695573329926,-0.020565882325172424,0.1860782504081726,0.21004141867160797,-0.022707020863890648,0.23156720399856567,0.22714273631572723,-0.0022859189193695784,0.24064597487449646,0.16143733263015747,-0.011219308711588383,0.24573488533496857,0.11894476413726807,-0.017326923087239265,0.2483871728181839,0.08372824639081955,-0.02102377638220787,0.20991310477256775,0.22735744714736938,-0.002859437605366111,0.20518356561660767,0.15671393275260925,-0.015099911950528622,0.20402948558330536,0.11049164831638336,-0.02372637577354908,0.20137552917003632,0.07204921543598175,-0.027302633970975876,0.190224751830101,0.24420300126075745,-0.005754188634455204,0.1849990040063858,0.21276038885116577,-0.02884441427886486,0.19407595694065094,0.25161683559417725,-0.03510716184973717,0.19796904921531677,0.2803093194961548,-0.03160220384597778,0.1725504994392395,0.2693139314651489,-0.009261341765522957,0.17412783205509186,0.24176189303398132,-0.029211850836873055,0.1838812381029129,0.2711208760738373,-0.031097859144210815,0.18902762234210968,0.2979993522167206,-0.027189482003450394,Victory
0.16889096796512604,0.4876740872859955,2.909744978296658e-07,0.19148777425289154,0.4471559524536133,-0.015453717671334743,0.19500400125980377,0.3865576386451721,-0.020236482843756676,0.17358240485191345,0.34039634466171265,-0.02496354654431343,0.15283721685409546,0.31037959456443787,-0.02892894111573696,0.19953276216983795,0.3257407248020172,-0.0061384206637740135,0.21038274466991425,0.25821495056152344,-0.017590442672371864,0.2149488627910614,0.21444442868232727,-0.025239812210202217,0.2177819311618805,0.17758230865001678,-0.029239848256111145,0.17735205590724945,0.3259330987930298,-0.006858380511403084,0.1756037175655365,0.25340089201927185,-0.02033698745071888,0.17284581065177917,0.2053166925907135,-0.02918500453233719,0.1700451821088791,0.16611070930957794,-0.03259525075554848,0.15700432658195496,0.3441433310508728,-0.009729552082717419,0.1512438803911209,0.3158407509326935,-0.032191164791584015,0.1596939116716385,0.351757287979126,-0.03742075338959694,0.1652866154909134,0.3809475898742676,-0.033245787024497986,0.13918671011924744,0.37178927659988403,-0.013402081094682217,0.13796639442443848,0.3438342213630676,-0.031094137579202652,0.14678382873535156,0.3701224625110626,-0.030683375895023346,0.1529652625322342,0.3972640335559845,-0.025090651586651802,Victory
0.10796765238046646,0.5922529697418213,3.09396284592367e-07,0.12855947017669678,0.5520917177200317,-0.01601771079003811,0.13220253586769104,0.49325650930404663,-0.020318668335676193,0.1091683879494667,0.45193034410476685,-0.024249417707324028,0.08880660682916641,0.42564597725868225,-0.027014879509806633,0.14236871898174286,0.4342481195926666,-0.004721242003142834,0.15246069431304932,0.3645986020565033,-0.01508309692144394,0.15747377276420593,0.32161834836006165,-0.021224627271294594,0.15960608422756195,0.28738221526145935,-0.023712731897830963,0.12097463011741638,0.43481433391571045,-0.0042174989357590675,0.11948709189891815,0.36078301072120667,-0.017258798703551292,0.1171405091881752,0.31360065937042236,-0.02545267902314663,0.11453665047883987,0.27712389826774597,-0.027422143146395683,0.10237782448530197,0.450670063495636,-0.00615978566929698,0.09262236207723618,0.4279864430427551,-0.028768084943294525,0.09610136598348618,0.46591702103614807,-0.035454388707876205,0.09991706162691116,0.4933336079120636,-0.03117339313030243,0.08762109279632568,0.4730670154094696,-0.008777148090302944,0.08209338784217834,0.4523489773273468,-0.026008103042840958,0.0867849588394165,0.48104506731033325,-0.026614658534526825,0.0915973111987114,0.505347728729248,-0.021261245012283325,Victory
0.16173234581947327,0.6968143582344055,2.971269168483559e-07,0.18353517353534698,0.6552436351776123,-0.019147638231515884,0.18691721558570862,0.5945746302604675,-0.02348526380956173,0.16647088527679443,0.5480674505233765,-0.02658270299434662,0.14792558550834656,0.5150058269500732,-0.02799885720014572,0.20297043025493622,0.5348203182220459,-0.005352007690817118,0.21558524668216705,0.46288880705833435,-0.014807788655161858,0.22254438698291779,0.4188011884689331,-0.020831367000937462,0.22628208994865417,0.38270631432533264,-0.023402279242873192,0.18193428218364716,0.5297234058380127,-0.0027372874319553375,0.18407991528511047,0.45295819640159607,-0.013533149845898151,0.183634415268898,0.4050741493701935,-0.020820362493395805,0.1821175366640091,0.3690485656261444,-0.022607332095503807,0.16246433556079865,0.5411297678947449,-0.0030954291578382254,0.15228554606437683,0.5161021947860718,-0.0229596309363842,0.15343107283115387,0.5520076751708984,-0.02980298362672329,0.15518413484096527,0.5779099464416504,-0.026468845084309578,0.14561061561107635,0.5588269233703613,-0.0047017959877848625,0.13944776356220245,0.5333243012428284,-0.01931239478290081,0.1425609141588211,0.5598374605178833,-0.02003421075642109,0.14602963626384735,0.5837026834487915,-0.01561206579208374,Victory
0.2650315463542938,0.8484413027763367,3.31722702640036e-07,0.29885056614875793,0.7942091226577759,-0.013706167228519917,0.3064117431640625,0.7177090644836426,-0.01609990745782852,0.28219544887542725,0.6627753973007202,-0.019294964149594307,0.2586100101470947,0.6326778531074524,-0.021590890362858772,0.31399476528167725,0.6549273133277893,0.0010409079259261489,0.3275569975376129,0.572977602481842,-0.007603107951581478,0.33536091446876526,0.5200204253196716,-0.014174186624586582,0.33877816796302795,0.4760878384113312,-0.017894074320793152,0.288909375667572,0.6503314971923828,-0.0005209216033108532,0.2940146028995514,0.5665836334228516,-0.010667050257325172,0.29469427466392517,0.5097107291221619,-0.019130054861307144,0.29310381412506104,0.46254345774650574,-0.02288440242409706,0.2646384835243225,0.6657474637031555,-0.004574683029204607,0.26027369499206543,0.6248645186424255,-0.023987267166376114,0.2670695185661316,0.6657491326332092,-0.02996925264596939,0.27076366543769836,0.7007459998130798,-0.026728300377726555,0.2417345643043518,0.6924067139625549,-0.00964271742850542,0.24248580634593964,0.6588122248649597,-0.024425530806183815,0.2533135414123535,0.6854373812675476,-0.024375466629862785,0.261286199092865,0.7153031229972839,-0.019744236022233963,Victory
0.3573078215122223,0.8827115297317505,3.3876750649142195e-07,0.3949885368347168,0.8333805203437805,-0.013545297086238861,0.40705856680870056,0.7532610297203064,-0.017202576622366905,0.3885538578033447,0.6946656107902527,-0.02202511951327324,0.36505386233329773,0.6576990485191345,-0.02633599005639553,0.400105744600296,0.6809327602386475,-0.005376115441322327,0.4152913987636566,0.5950905680656433,-0.01720326393842697,0.4227713942527771,0.5402408838272095,-0.024546988308429718,0.426803857088089,0.4936138093471527,-0.02864486165344715,0.3742370307445526,0.6770124435424805,-0.009226078167557716,0.37728363275527954,0.5776321887969971,-0.02300228178501129,0.3799215853214264,0.51568204164505,-0.03170081973075867,0.3799108862876892,0.46573400497436523,-0.035228222608566284,0.3495301604270935,0.6966636776924133,-0.015054787509143353,0.357185423374176,0.6433931589126587,-0.03841668367385864,0.3696914315223694,0.6921270489692688,-0.04086241498589516,0.37387600541114807,0.7326676249504089,-0.0344410203397274,0.326798677444458,0.7316310405731201,-0.021732985973358154,0.3331437110900879,0.689695417881012,-0.039926059544086456,0.3485967218875885,0.7194961309432983,-0.03732411190867424,0.3565869629383087,0.7532625198364258,-0.029940171167254448,Victory
0.577728807926178,0.9493970274925232,6.571290214196779e-07,0.5159285068511963,0.869645893573761,-0.039122868329286575,0.4922580122947693,0.7219261527061462,-0.06035086140036583,0.5373562574386597,0.61403489112854,-0.0834478884935379,0.588340163230896,0.5417304635047913,-0.10392208397388458,0.5292404890060425,0.5004052519798279,-0.02781985141336918,0.5134826302528381,0.31148767471313477,-0.0600801520049572,0.5050991773605347,0.195887491106987,-0.07944227755069733,0.49939537048339844,0.0962897539138794,-0.09147234261035919,0.5869328379631042,0.5086702108383179,-0.03595275059342384,0.5905200839042664,0.3079923391342163,-0.0737733468413353,0.5883567929267883,0.1838616281747818,-0.09593307971954346,0.5886812210083008,0.08055798709392548,-0.10588382184505463,0.6342403888702393,0.5644739270210266,-0.04965944588184357,0.6354228258132935,0.4558406472206116,-0.10720141232013702,0.608037531375885,0.5767744779586792,-0.1112002432346344,0.5910261869430542,0.6680583357810974,-0.09679583460092545,0.6714813113212585,0.648590624332428,-0.06634955108165741,0.6724828481674194,0.5671433806419373,-0.1097692921757698,0.6424592733383179,0.6504002213478088,-0.10492652654647827,0.6212083101272583,0.7252062559127808,-0.09070689231157303,Victory
0.5866601467132568,0.9452237486839294,6.122710942690901e-07,0.5314196348190308,0.85829097032547,-0.03515102341771126,0.513931930065155,0.7151637673377991,-0.0557311587035656,0.5642060041427612,0.6202141642570496,-0.07904399931430817,0.6160049438476562,0.5600887537002563,-0.1006789579987526,0.5538309812545776,0.5156906843185425,-0.028741758316755295,0.5434205532073975,0.3311018645763397,-0.06064986437559128,0.5364463925361633,0.2168998271226883,-0.08071331679821014,0.5333101153373718,0.11779054254293442,-0.0938696339726448,0.608386754989624,0.5260332226753235,-0.038166385143995285,0.61318439245224,0.3290409445762634,-0.07470311969518661,0.6149845719337463,0.20573477447032928,-0.0978178158402443,0.6199498176574707,0.10382372885942459,-0.10960018634796143,0.6530629992485046,0.5817467570304871,-0.05218604579567909,0.6579703688621521,0.4694971740245819,-0.10617588460445404,0.6289981007575989,0.584571123123169,-0.11001424491405487,0.608778178691864,0.6735960841178894,-0.09721848368644714,0.6888766884803772,0.6644307374954224,-0.06892828643321991,0.6904159188270569,0.5832419395446777,-0.11003301292657852,0.6600335240364075,0.6603009104728699,-0.10488902032375336,0.6370817422866821,0.7317612767219543,-0.09136272221803665,Victory
0.6561926007270813,0.8665951490402222,4.416501155901642e-07,0.6148633360862732,0.7874734997749329,-0.0220656618475914,0.606245756149292,0.6758120656013489,-0.03484559804201126,0.642909586429596,0.5998637080192566,-0.05010998621582985,0.6793196797370911,0.5560829639434814,-0.06421690434217453,0.6359398365020752,0.5299395322799683,-0.016639191657304764,0.6306870579719543,0.3945629298686981,-0.037556011229753494,0.6264511942863464,0.3132616877555847,-0.05114560201764107,0.624468982219696,0.2428094446659088,-0.05974607169628143,0.6765899062156677,0.543463945388794,-0.023949477821588516,0.6882568597793579,0.3962889313697815,-0.04562273621559143,0.6902822852134705,0.30525174736976624,-0.060390885919332504,0.6934912204742432,0.23300693929195404,-0.06834980845451355,0.7096194624900818,0.58982253074646,-0.0344243161380291,0.7171285152435303,0.5141912698745728,-0.06715808063745499,0.6886427998542786,0.5798367261886597,-0.0716264620423317,0.6687111258506775,0.6363517642021179,-0.06528159976005554,0.7348322868347168,0.6544321775436401,-0.046733178198337555,0.7384819388389587,0.5966099500656128,-0.06979436427354813,0.7137326002120972,0.640110969543457,-0.06562349945306778,0.695219874382019,0.685711681842804,-0.05704076588153839,Victory
0.6935719847679138,0.8026917576789856,3.7228460314508993e-07,0.6608116626739502,0.7429092526435852,-0.016502272337675095,0.6556686162948608,0.6582533717155457,-0.02608637697994709,0.6844554543495178,0.6032403111457825,-0.037621498107910156,0.7114680409431458,0.5710853338241577,-0.048289407044649124,0.6759935617446899,0.5500119924545288,-0.013339931145310402,0.6707258224487305,0.44406262040138245,-0.03025950863957405,0.6666580438613892,0.37829259037971497,-0.041211917996406555,0.6647677421569824,0.32295897603034973,-0.04815877228975296,0.7069436311721802,0.5592463612556458,-0.01952369697391987,0.7161967754364014,0.44760724902153015,-0.03826816752552986,0.7189697623252869,0.37628403306007385,-0.050706032663583755,0.7233967781066895,0.3192816972732544,-0.05703466758131981,0.7324802875518799,0.5937883257865906,-0.02791496179997921,0.7404752373695374,0.5349786281585693,-0.05427093803882599,0.7206626534461975,0.5863202810287476,-0.05647449195384979,0.7075174450874329,0.6311935782432556,-0.05036946386098862,0.751968502998352,0.643790066242218,-0.03779720142483711,0.757162868976593,0.5994241237640381,-0.05684113875031471,0.737979531288147,0.6341931819915771,-0.052960578352212906,0.7233972549438477,0.6710408329963684,-0.04526922479271889,Victory
0.7282605767250061,0.7769877314567566,2.8928965889463143e-07,0.7014036178588867,0.7214082479476929,-0.014055042527616024,0.69781094789505,0.6461814641952515,-0.022313712164759636,0.7220786213874817,0.5964260697364807,-0.03238646313548088,0.7468280792236328,0.5673972368240356,-0.041643671691417694,0.715435802936554,0.5563750863075256,-0.011211128905415535,0.7111257910728455,0.4645625352859497,-0.026026707142591476,0.7073081135749817,0.4066787362098694,-0.035751279443502426,0.7056637406349182,0.3581123650074005,-0.04213183745741844,0.7424027323722839,0.564651370048523,-0.016710754483938217,0.7512980103492737,0.4676516354084015,-0.03291422873735428,0.7545120716094971,0.4059731364250183,-0.04424040764570236,0.7590448260307312,0.3564479351043701,-0.05050817131996155,0.7645106315612793,0.5951796770095825,-0.024082964286208153,0.7735509276390076,0.5418771505355835,-0.046684615314006805,0.7561063766479492,0.5833355784416199,-0.049093399196863174,0.7436080574989319,0.6206672787666321,-0.04458918422460556,0.7814956307411194,0.6394132375717163,-0.03272230550646782,0.7876895666122437,0.5994852185249329,-0.04901726916432381,0.770781934261322,0.6257147192955017,-0.04604632034897804,0.7569001913070679,0.6562904715538025,-0.04000457003712654,Victory
0.7974962592124939,0.766532838344574,3.343211858464201e-07,0.7734736204147339,0.7201155424118042,-0.015043176710605621,0.7733124494552612,0.6490874886512756,-0.02220129407942295,0.7996096611022949,0.6005443334579468,-0.030130654573440552,0.8218143582344055,0.5714799761772156,-0.03687044605612755,0.7754687070846558,0.562828779220581,-0.011138985864818096,0.7725539803504944,0.4765918552875519,-0.023464391008019447,0.769739031791687,0.4235415458679199,-0.031400490552186966,0.7675520181655884,0.3788709342479706,-0.03641490638256073,0.8007120490074158,0.5653427839279175,-0.014487996697425842,0.8067684173583984,0.4742807447910309,-0.02726193703711033,0.8116586208343506,0.41984155774116516,-0.035855554044246674,0.8178101181983948,0.37445464730262756,-0.04029501602053642,0.8219111561775208,0.5904721021652222,-0.019831480458378792,0.8344477415084839,0.5500107407569885,-0.03864317759871483,0.8247183561325073,0.5938606262207031,-0.03982154652476311,0.8174693584442139,0.6293990015983582,-0.03490833193063736,0.8380371928215027,0.6281036734580994,-0.026646209880709648,0.8488699197769165,0.5934996604919434,-0.03987908735871315,0.8377619385719299,0.6203287839889526,-0.03625038266181946,0.8277617692947388,0.6482323408126831,-0.030120521783828735,Victory
0.7834520936012268,0.9423635601997375,2.7009878067474347e-07,0.7555431127548218,0.9067840576171875,-0.01235648151487112,0.7383540868759155,0.8476641774177551,-0.02015637792646885,0.7509609460830688,0.806431233882904,-0.029639124870300293,0.7716121077537537,0.785991370677948,-0.038827359676361084,0.7497247457504272,0.7521821856498718,-0.010706824250519276,0.7337320446968079,0.6741956472396851,-0.02491353265941143,0.7239479422569275,0.6244975924491882,-0.034617356956005096,0.7167990207672119,0.5824174284934998,-0.04096880927681923,0.7738354206085205,0.752556324005127,-0.016355613246560097,0.7693178653717041,0.6654320955276489,-0.03196893259882927,0.7630175948143005,0.612017810344696,-0.04241457208991051,0.7589411735534668,0.5672191977500916,-0.04753977432847023,0.7973774075508118,0.7724514007568359,-0.023733623325824738,0.7941174507141113,0.728059709072113,-0.04623048007488251,0.78281569480896,0.7760312557220459,-0.04890264943242073,0.7775375843048096,0.8156198263168335,-0.04407360032200813,0.8173294067382812,0.8050958514213562,-0.03209719806909561,0.8116338849067688,0.7760502099990845,-0.048758938908576965,0.8006587624549866,0.8119514584541321,-0.04626677185297012,0.7966471910476685,0.8440951704978943,-0.040151406079530716,Victory
0.8230352997779846,0.9035418629646301,2.947231791949889e-07,0.7944949269294739,0.8645762205123901,-0.014507776126265526,0.7805886268615723,0.8088811039924622,-0.02369595877826214,0.7956429123878479,0.7638842463493347,-0.03381529077887535,0.8147836923599243,0.7356534600257874,-0.042907457798719406,0.7881874442100525,0.7161378860473633,-0.011781483888626099,0.7738751769065857,0.6395991444587708,-0.02476342022418976,0.7647208571434021,0.5921400785446167,-0.033292680978775024,0.757800817489624,0.5517159104347229,-0.038576576858758926,0.8121774792671204,0.7149724960327148,-0.015707626938819885,0.8072283267974854,0.6295820474624634,-0.02866017259657383,0.8038347363471985,0.5770493149757385,-0.03716180846095085,0.8028170466423035,0.5350514054298401,-0.04138233885169029,0.8348220586776733,0.734894335269928,-0.021647514775395393,0.8353154063224792,0.690829336643219,-0.041057150810956955,0.8269785642623901,0.7322945594787598,-0.043530456721782684,0.8224655389785767,0.7689747214317322,-0.03937608748674393,0.8548380136489868,0.7673885822296143,-0.02880433015525341,0.8538559675216675,0.7324909567832947,-0.0427948534488678,0.8444896936416626,0.7611275911331177,-0.039993591606616974,0.8392465114593506,0.7911990284919739,-0.03420672565698624,Victory
0.9205216765403748,0.8270286917686462,3.6528734881358105e-07,0.8970932364463806,0.7858028411865234,-0.018078401684761047,0.8884552717208862,0.721279501914978,-0.02516906149685383,0.9094477891921997,0.6667817234992981,-0.031715843826532364,0.9282721281051636,0.6341390013694763,-0.03693338856101036,0.8792663812637329,0.6480879187583923,-0.011455221101641655,0.8649210333824158,0.5654199719429016,-0.022468671202659607,0.8577629923820496,0.515245258808136,-0.029785366728901863,0.8520604968070984,0.47263115644454956,-0.034291502088308334,0.9027204513549805,0.6424074172973633,-0.011467422358691692,0.8962963223457336,0.5531720519065857,-0.02296358533203602,0.896673321723938,0.5025511980056763,-0.03089206852018833,0.8979480862617493,0.4598849415779114,-0.03442859277129173,0.9251143336296082,0.6572243571281433,-0.013828575611114502,0.9381694793701172,0.6158235669136047,-0.033295199275016785,0.9378395080566406,0.6567823886871338,-0.037144746631383896,0.9355548024177551,0.6928432583808899,-0.03319476917386055,0.9440501928329468,0.6841141581535339,-0.01760074682533741,0.9539000391960144,0.652921199798584,-0.03242713585495949,0.9505146145820618,0.6783538460731506,-0.03157772496342659,0.945772111415863,0.7053815126419067,-0.026834597811102867,Victory
0.9604136943817139,0.6476588845252991,4.1159526631417975e-07,0.9357070922851562,0.6004459857940674,-0.017684675753116608,0.9280122518539429,0.5320248007774353,-0.0237807035446167,0.9518921971321106,0.47595441341400146,-0.029492728412151337,0.9759659767150879,0.44565263390541077,-0.03401944041252136,0.9154245257377625,0.4670606553554535,-0.008222927339375019,0.9022554159164429,0.38266441226005554,-0.018249139189720154,0.8970137238502502,0.33046862483024597,-0.02477552928030491,0.8927833437919617,0.28731775283813477,-0.028375376015901566,0.9410086870193481,0.4602687656879425,-0.00786227360367775,0.9360151886940002,0.3698953688144684,-0.018199531361460686,0.9362237453460693,0.3179418742656708,-0.025556590408086777,0.937396228313446,0.27590566873550415,-0.028266871348023415,0.9657204151153564,0.47451624274253845,-0.01005527563393116,0.9785226583480835,0.4354662597179413,-0.028721237555146217,0.9772531390190125,0.4737958014011383,-0.03352339565753937,0.9753294587135315,0.5083470344543457,-0.02969510853290558,0.9859240651130676,0.5005294680595398,-0.013549961149692535,0.9937293529510498,0.4666062295436859,-0.027173105627298355,0.9911371469497681,0.49147987365722656,-0.02614329196512699,0.9887087941169739,0.5195451974868774,-0.02098640240728855,Victory
0.9429888129234314,0.4728492498397827,3.343004379985359e-07,0.9107376337051392,0.41901493072509766,-0.012715511955320835,0.9001410603523254,0.34702467918395996,-0.019999848678708076,0.9195159077644348,0.2922403812408447,-0.029205914586782455,0.9418550729751587,0.2598861753940582,-0.03767284005880356,0.9103960394859314,0.26398301124572754,-0.007768445648252964,0.8985874056816101,0.17584863305091858,-0.021665936335921288,0.8920597434043884,0.1207583025097847,-0.03059898316860199,0.8883394598960876,0.07533694803714752,-0.03602681681513786,0.9373126029968262,0.2647436857223511,-0.01306635607033968,0.936905026435852,0.164573535323143,-0.028582939878106117,0.9351942539215088,0.10538879036903381,-0.03892800584435463,0.9377456307411194,0.05699910223484039,-0.04386911168694496,0.9630724787712097,0.2870572805404663,-0.02034842036664486,0.969788670539856,0.22590841352939606,-0.04316018149256706,0.9568142294883728,0.27203136682510376,-0.045843251049518585,0.9498130083084106,0.31452181935310364,-0.0405123345553875,0.9865351915359497,0.3230891823768616,-0.028640765696763992,0.9910455942153931,0.2770581543445587,-0.04492383077740669,0.9780112504959106,0.3031994700431824,-0.04254049435257912,0.9692082405090332,0.33417314291000366,-0.03630293905735016,Victory
0.8831028938293457,0.4674657881259918,3.467252156497125e-07,0.8471319079399109,0.4087967276573181,-0.013082455843687057,0.8321442604064941,0.33367109298706055,-0.022234097123146057,0.8507294058799744,0.2744655907154083,-0.034121859818696976,0.8768094182014465,0.23966793715953827,-0.045346323400735855,0.856396496295929,0.24650369584560394,-0.008393227122724056,0.8460519909858704,0.15489278733730316,-0.026099679991602898,0.8401278853416443,0.09525804966688156,-0.037710558623075485,0.8369960188865662,0.045127589255571365,-0.044798705726861954,0.8845052123069763,0.2461661547422409,-0.01543367002159357,0.8875424265861511,0.14012977480888367,-0.035004593431949615,0.8859905004501343,0.07176516205072403,-0.047659531235694885,0.8871539235115051,0.015384302474558353,-0.05357429012656212,0.911116898059845,0.26865386962890625,-0.024731172248721123,0.909153938293457,0.21376962959766388,-0.05118028447031975,0.8909341096878052,0.262475848197937,-0.05381038412451744,0.8802189826965332,0.3068774938583374,-0.047389738261699677,0.9351712465286255,0.30632466077804565,-0.03521287068724632,0.9299861788749695,0.2639513611793518,-0.0529865138232708,0.9113768339157104,0.29513856768608093,-0.0494237020611763,0.8983149528503418,0.33032307028770447,-0.041823532432317734,Victory
0.7218760848045349,0.4941418170928955,3.9607130020158365e-07,0.6796417236328125,0.4400078058242798,-0.016701750457286835,0.661466658115387,0.357372909784317,-0.027627363801002502,0.6810255646705627,0.29025229811668396,-0.04084622859954834,0.7067132592201233,0.24650883674621582,-0.0533197745680809,0.6835583448410034,0.25108370184898376,-0.013416997157037258,0.6702308058738708,0.1483018398284912,-0.03397851437330246,0.6624335050582886,0.08055594563484192,-0.047069381922483444,0.6575064063072205,0.024140583351254463,-0.054896872490644455,0.7149455547332764,0.2497863620519638,-0.020440896973013878,0.7154656052589417,0.12660634517669678,-0.043050676584243774,0.7119561433792114,0.04876863956451416,-0.05716698244214058,0.7111698389053345,-0.014036763459444046,-0.06354588270187378,0.7446156144142151,0.27399948239326477,-0.029944388195872307,0.7384459972381592,0.21300137042999268,-0.06095604598522186,0.720471978187561,0.26966485381126404,-0.06457750499248505,0.7101916670799255,0.3201958239078522,-0.05762241408228874,0.771522581577301,0.3135809898376465,-0.04075160250067711,0.7634421586990356,0.2690185308456421,-0.06203404441475868,0.745278000831604,0.3074611723423004,-0.05863288417458534,0.7327216267585754,0.3469600975513458,-0.050405051559209824,Victory
0.6067090630531311,0.5747118592262268,3.507495307530917e-07,0.5643789768218994,0.5277126431465149,-0.017510663717985153,0.5432335734367371,0.4502558410167694,-0.02939457818865776,0.5558295249938965,0.38653337955474854,-0.043481532484292984,0.5740258693695068,0.3386918604373932,-0.056651197373867035,0.5666743516921997,0.33344578742980957,-0.014274168759584427,0.5529066324234009,0.2325223833322525,-0.03507199510931969,0.5445218682289124,0.1676231026649475,-0.04934121295809746,0.5399049520492554,0.11114462465047836,-0.058665867894887924,0.598786473274231,0.33452552556991577,-0.021100793033838272,0.5957475900650024,0.218227818608284,-0.04346013814210892,0.5907195210456848,0.14699377119541168,-0.05820535868406296,0.5885500907897949,0.08608120679855347,-0.06614351272583008,0.6290695071220398,0.3582712411880493,-0.030547864735126495,0.6144890785217285,0.295030415058136,-0.06131342798471451,0.5949538946151733,0.357831746339798,-0.06467224657535553,0.5856849551200867,0.4094349145889282,-0.058795858174562454,0.6552532911300659,0.39626413583755493,-0.04145330190658569,0.6352806091308594,0.35979780554771423,-0.06416729837656021,0.6147199273109436,0.4039026200771332,-0.06223543733358383,0.6049388647079468,0.4431891441345215,-0.05564665049314499,Victory
0.562260627746582,0.781274676322937,3.1674468914388854e-07,0.5265946388244629,0.740716814994812,-0.01866822876036167,0.5060814023017883,0.6642072200775146,-0.030198095366358757,0.5212554335594177,0.6034197211265564,-0.043324802070856094,0.5414094924926758,0.5588032007217407,-0.055810343474149704,0.5323213934898376,0.537094235420227,-0.01524344552308321,0.5233005285263062,0.43834078311920166,-0.0349433571100235,0.5170527696609497,0.3753304183483124,-0.047947708517313004,0.514074444770813,0.32043683528900146,-0.05637092888355255,0.5644642114639282,0.5414267778396606,-0.021578261628746986,0.563467800617218,0.4286680221557617,-0.04457390680909157,0.5594404935836792,0.35814106464385986,-0.059496425092220306,0.5576214790344238,0.2960797846317291,-0.06678991764783859,0.5938358902931213,0.568860650062561,-0.030456406995654106,0.5785974264144897,0.5138668417930603,-0.06422412395477295,0.556937575340271,0.5793167352676392,-0.06900571286678314,0.5455900430679321,0.6284934282302856,-0.06292423605918884,0.6165574789047241,0.6099035143852234,-0.04045888036489487,0.5927039384841919,0.5792350172996521,-0.06645011156797409,0.5716429352760315,0.6301475763320923,-0.06541388481855392,0.562317430973053,0.6710430383682251,-0.05856673792004585,Victory
0.5826186537742615,0.8560219407081604,3.072222227729071e-07,0.5467149019241333,0.8126412630081177,-0.016151029616594315,0.525542676448822,0.7396674752235413,-0.027296224609017372,0.5382435321807861,0.6832579374313354,-0.04026255011558533,0.5632010698318481,0.6492210030555725,-0.052505746483802795,0.5537802577018738,0.6166653633117676,-0.01577361673116684,0.5455322265625,0.5196763277053833,-0.03355058655142784,0.5406751036643982,0.4583863615989685,-0.04421757534146309,0.5381001234054565,0.4055054783821106,-0.05109390243887901,0.5842423439025879,0.6221593618392944,-0.022318299859762192,0.583659827709198,0.5110909342765808,-0.04194718599319458,0.5791156888008118,0.4438929259777069,-0.053946353495121,0.5764591693878174,0.38824698328971863,-0.0597635954618454,0.6114315390586853,0.6503453850746155,-0.030953247100114822,0.597644567489624,0.596958339214325,-0.059844620525836945,0.5764859914779663,0.6508689522743225,-0.0643603652715683,0.5656266808509827,0.696433424949646,-0.05945143476128578,0.6319602727890015,0.6920285820960999,-0.040685199201107025,0.609282910823822,0.6685976386070251,-0.06275536119937897,0.5889100432395935,0.7101383209228516,-0.0625510886311531,0.5797898173332214,0.7461989521980286,-0.05730387568473816,Victory
0.6139268279075623,0.9249334931373596,3.591793245050212e-07,0.5812965035438538,0.8762840628623962,-0.012917456217110157,0.5626850724220276,0.8044117093086243,-0.022578421980142593,0.574863076210022,0.74849933385849,-0.03464077040553093,0.599784791469574,0.7188424468040466,-0.04578334093093872,0.5842474102973938,0.6929538249969482,-0.011372802779078484,0.5747921466827393,0.5987915396690369,-0.026628633961081505,0.5692949891090393,0.5418288111686707,-0.03560084477066994,0.5655238628387451,0.49216872453689575,-0.04131174832582474,0.6138098835945129,0.6958557367324829,-0.018261978402733803,0.6193446516990662,0.5919331312179565,-0.03417523205280304,0.6205266118049622,0.5284003615379333,-0.04351514205336571,0.6219711899757385,0.4761631488800049,-0.04790757596492767,0.6398659944534302,0.7217960357666016,-0.027164258062839508,0.6296719908714294,0.6726038455963135,-0.05075034126639366,0.6122358441352844,0.7242769598960876,-0.05304323136806488,0.6034502983093262,0.7692907452583313,-0.04761689156293869,0.6605620384216309,0.7616413831710815,-0.03724847361445427,0.6454336643218994,0.7371997833251953,-0.053935132920742035,0.6279372572898865,0.7720540165901184,-0.05159585177898407,0.6189724206924438,0.804855227470398,-0.04568396136164665,Victory
0.7021729350090027,0.9090902209281921,3.5601479453362117e-07,0.6704959869384766,0.860021710395813,-0.012792114168405533,0.6573284864425659,0.7850365042686462,-0.022011226043105125,0.6752434968948364,0.7357208728790283,-0.033580198884010315,0.6973395347595215,0.7107815146446228,-0.044384345412254333,0.6798816919326782,0.6826902031898499,-0.013552163727581501,0.6708331108093262,0.5889428853988647,-0.029194269329309464,0.6651411056518555,0.5306625962257385,-0.038920555263757706,0.6614398956298828,0.4803355932235718,-0.04502084106206894,0.7086045742034912,0.6892082095146179,-0.02040557935833931,0.7159486413002014,0.5868226289749146,-0.0373111218214035,0.718722403049469,0.5207691788673401,-0.047303181141614914,0.722784161567688,0.4675315320491791,-0.05189371481537819,0.7332449555397034,0.7184180021286011,-0.029000718146562576,0.7331680059432983,0.6650001406669617,-0.05299944058060646,0.714765191078186,0.7162580490112305,-0.053965210914611816,0.7032562494277954,0.761583149433136,-0.04714413732290268,0.7535331845283508,0.7613157629966736,-0.038708094507455826,0.7522503137588501,0.7217233180999756,-0.05560816824436188,0.73590087890625,0.7508926391601562,-0.051437072455883026,0.7241536974906921,0.782141387462616,-0.04367635026574135,Victory
0.7736005187034607,0.88832026720047,3.230030358736258e-07,0.7459323406219482,0.8361838459968567,-0.014753603376448154,0.7438845038414001,0.7608575224876404,-0.021578995510935783,0.7714602947235107,0.7100157737731934,-0.02978951670229435,0.7954970002174377,0.6817380785942078,-0.03716537728905678,0.7548766136169434,0.6722050905227661,-0.009772232733666897,0.7468132972717285,0.5808807611465454,-0.02244500257074833,0.7415101528167725,0.5232436060905457,-0.030956940725445747,0.7381024360656738,0.476362019777298,-0.03674234822392464,0.7829143404960632,0.6785607933998108,-0.014082136563956738,0.7897212505340576,0.5819208025932312,-0.028681175783276558,0.7919718623161316,0.5216827988624573,-0.03999544680118561,0.796233594417572,0.47416165471076965,-0.04618207365274429,0.8052899837493896,0.7081784009933472,-0.020348839461803436,0.8165977001190186,0.6548267006874084,-0.04140559211373329,0.8041636347770691,0.6959940195083618,-0.044575486332178116,0.795968234539032,0.7318379282951355,-0.04057224467396736,0.8224855661392212,0.7504428029060364,-0.02787753939628601,0.8312345743179321,0.7096432447433472,-0.042837295681238174,0.8189104795455933,0.7321839332580566,-0.04052797704935074,0.8093906044960022,0.758547306060791,-0.035044047981500626,Victory
0.780056893825531,0.9299792647361755,3.095405247677263e-07,0.7552596926689148,0.8738861083984375,-0.01273037027567625,0.7564753293991089,0.7983481287956238,-0.018366755917668343,0.7858537435531616,0.7548244595527649,-0.025794100016355515,0.8102107644081116,0.7329738736152649,-0.0325542576611042,0.7710903286933899,0.7074183821678162,-0.006826920434832573,0.7654799818992615,0.6153364777565002,-0.018936781212687492,0.7613030672073364,0.5558463931083679,-0.027404770255088806,0.7588615417480469,0.5072317719459534,-0.03323006257414818,0.7980031371116638,0.7167885899543762,-0.012129012495279312,0.8090664148330688,0.6182377934455872,-0.02580251358449459,0.8141295313835144,0.5573298931121826,-0.036978524178266525,0.8210359215736389,0.5087543725967407,-0.04323561117053032,0.819200873374939,0.7497004270553589,-0.019341211766004562,0.8331196308135986,0.6966403722763062,-0.03985156863927841,0.817511260509491,0.7331512570381165,-0.04389111325144768,0.8069469928741455,0.7672827839851379,-0.040635060518980026,0.8343997001647949,0.7946576476097107,-0.02766118198633194,0.8446843028068542,0.7537883520126343,-0.04235978052020073,0.8309462070465088,0.7727961540222168,-0.04038183018565178,0.8205884099006653,0.797065258026123,-0.035282980650663376,Victory
0.7668799161911011,1.0108612775802612,3.252834233080648e-07,0.7435101866722107,0.9561150670051575,-0.013967132195830345,0.7439224720001221,0.886526882648468,-0.02203843556344509,0.7738156914710999,0.8530821800231934,-0.0320238396525383,0.8008319139480591,0.8427790403366089,-0.04114503785967827,0.7674733996391296,0.7970687747001648,-0.010577338747680187,0.7645569443702698,0.7030925154685974,-0.025058239698410034,0.7622247338294983,0.6446669101715088,-0.03492652624845505,0.7612806558609009,0.595369279384613,-0.04128440469503403,0.7945489883422852,0.8091015219688416,-0.015957223251461983,0.8076679110527039,0.7119404077529907,-0.03135906904935837,0.8138138651847839,0.6506258845329285,-0.043006785213947296,0.8216427564620972,0.6005648374557495,-0.049106795340776443,0.814842700958252,0.8439813256263733,-0.023273956030607224,0.8266667127609253,0.798599362373352,-0.04542011395096779,0.810008704662323,0.8381624817848206,-0.049191370606422424,0.7986471652984619,0.8752387762069702,-0.044631317257881165,0.8290926218032837,0.8911052942276001,-0.031804848462343216,0.8422067165374756,0.8531129360198975,-0.04685308411717415,0.8271032571792603,0.8717867732048035,-0.04404187947511673,0.8140408992767334,0.8982850909233093,-0.037704139947891235,Victory
0.796002984046936,0.9091194272041321,3.585782337722776e-07,0.7682849168777466,0.8502539992332458,-0.015311903320252895,0.7664051651954651,0.7741798162460327,-0.023087572306394577,0.7937818765640259,0.724145770072937,-0.03224209323525429,0.8193617463111877,0.6965243220329285,-0.04022696614265442,0.7752860188484192,0.6853740811347961,-0.009308350272476673,0.7670239210128784,0.5932559967041016,-0.022824792191386223,0.761303722858429,0.5338229537010193,-0.03183931112289429,0.7572715878486633,0.48514145612716675,-0.03777775540947914,0.8034864068031311,0.6913741230964661,-0.013606572523713112,0.8102898597717285,0.5927533507347107,-0.028364058583974838,0.8128321766853333,0.5320256948471069,-0.03909000754356384,0.8177295923233032,0.482371985912323,-0.044829752296209335,0.8269410133361816,0.7206640243530273,-0.020187314599752426,0.8407971262931824,0.6655346751213074,-0.041980162262916565,0.8259373307228088,0.7073632478713989,-0.045491307973861694,0.8156939148902893,0.7458516955375671,-0.04120346158742905,0.8456351161003113,0.7621161341667175,-0.028116796165704727,0.855703592300415,0.7212050557136536,-0.04351959377527237,0.8426491022109985,0.7396628856658936,-0.04193330556154251,0.831963837146759,0.7634894251823425,-0.036684539169073105,Victory
0.7446017265319824,0.9194474816322327,3.0896273983671563e-07,0.7124846577644348,0.860924243927002,-0.011225474998354912,0.703275203704834,0.7820740938186646,-0.018447963520884514,0.7250149250030518,0.7307606935501099,-0.028536945581436157,0.745093584060669,0.7045909762382507,-0.038001298904418945,0.7295336127281189,0.681557834148407,-0.008238360285758972,0.7192783951759338,0.5864939093589783,-0.024062933400273323,0.7134388089179993,0.5244016647338867,-0.03523416444659233,0.7097469568252563,0.4719673693180084,-0.04264412447810173,0.7571411728858948,0.690748929977417,-0.016166919842362404,0.7651251554489136,0.5865325331687927,-0.03324699401855469,0.7660620212554932,0.5200051069259644,-0.045356713235378265,0.7693058252334595,0.4645446538925171,-0.05193037912249565,0.7810534238815308,0.722722589969635,-0.02600743994116783,0.7850362062454224,0.6665634512901306,-0.04909111186861992,0.7647760510444641,0.7136321663856506,-0.05034683644771576,0.7521669268608093,0.7559946775436401,-0.04451685771346092,0.8008104562759399,0.7696645855903625,-0.03710243105888367,0.8038196563720703,0.7232928276062012,-0.05239059776067734,0.7848780155181885,0.7509526014328003,-0.04753498733043671,0.7708232998847961,0.7826358675956726,-0.04003443941473961,Victory
0.5677114129066467,0.9151114225387573,3.421973531203548e-07,0.5310019850730896,0.8705364465713501,-0.016295460984110832,0.5059956312179565,0.8069302439689636,-0.029325926676392555,0.5056318640708923,0.7508289813995361,-0.04456721991300583,0.5251880884170532,0.7144295573234558,-0.058625247329473495,0.5356407165527344,0.6822221875190735,-0.0132096316665411,0.5219462513923645,0.5953322052955627,-0.033288516104221344,0.5144575238227844,0.5418216586112976,-0.046044088900089264,0.5101661682128906,0.49243614077568054,-0.05375881493091583,0.565048336982727,0.6810916066169739,-0.019915292039513588,0.5619185566902161,0.5698095560073853,-0.041938863694667816,0.5580989718437195,0.5040861368179321,-0.0544048473238945,0.5567870736122131,0.4437781870365143,-0.05938790738582611,0.5933722257614136,0.7032875418663025,-0.029026323929429054,0.5657487511634827,0.6604785323143005,-0.05875828117132187,0.546199381351471,0.7222679853439331,-0.0601206049323082,0.538631021976471,0.7707873582839966,-0.051760509610176086,0.6163465976715088,0.7417694926261902,-0.03960698843002319,0.5837022662162781,0.7217129468917847,-0.05879097431898117,0.5641201734542847,0.7672977447509766,-0.054782431572675705,0.5572128891944885,0.8044353723526001,-0.04639251530170441,Victory
0.603854238986969,0.8920931220054626,3.6271021031097916e-07,0.568449854850769,0.8500242829322815,-0.01752585358917713,0.5456892251968384,0.7800523638725281,-0.03148877993226051,0.5567224621772766,0.7240284085273743,-0.047436345368623734,0.5837691426277161,0.6886044144630432,-0.06270443648099899,0.57905113697052,0.6522478461265564,-0.018399247899651527,0.5708150863647461,0.5584351420402527,-0.038347020745277405,0.5652185082435608,0.4971463978290558,-0.04973231256008148,0.5623711347579956,0.44401803612709045,-0.056725986301898956,0.6109591722488403,0.6555220484733582,-0.02579318918287754,0.6150798797607422,0.5366044044494629,-0.04837609454989433,0.6144497394561768,0.4644201397895813,-0.06117924675345421,0.6154141426086426,0.4047493636608124,-0.06634914129972458,0.6391382813453674,0.6844598650932312,-0.03532876819372177,0.621497631072998,0.6337053775787354,-0.06789576262235641,0.5985899567604065,0.6923902630805969,-0.07245699316263199,0.5872626900672913,0.7404018640518188,-0.06585827469825745,0.6603305339813232,0.7276114225387573,-0.04586769640445709,0.6322008967399597,0.7037208080291748,-0.0693456158041954,0.6106246113777161,0.7482135891914368,-0.06795039027929306,0.6012159585952759,0.7866795659065247,-0.06091733276844025,Victory
0.7105690836906433,0.8850700855255127,3.606362213304237e-07,0.6804587841033936,0.8278741240501404,-0.014035067521035671,0.6704862117767334,0.74749755859375,-0.02460392750799656,0.6929277181625366,0.6999318599700928,-0.03749442100524902,0.7192115783691406,0.6768668293952942,-0.049754444509744644,0.7009591460227966,0.6408308744430542,-0.015512995421886444,0.6952423453330994,0.5425794720649719,-0.03308531641960144,0.6919600963592529,0.47997725009918213,-0.04395107552409172,0.690609872341156,0.4268633723258972,-0.050785914063453674,0.7310627698898315,0.6522501707077026,-0.023007012903690338,0.7427600026130676,0.5442590713500977,-0.0418778732419014,0.7469677925109863,0.47520866990089417,-0.05325664207339287,0.7520332336425781,0.42035752534866333,-0.058477867394685745,0.7561294436454773,0.6879005432128906,-0.03234441205859184,0.7565745711326599,0.6344892382621765,-0.05878831073641777,0.7317352890968323,0.6833058595657349,-0.06107494607567787,0.715753972530365,0.7268082499504089,-0.054668769240379333,0.7753692865371704,0.7369275093078613,-0.04274223744869232,0.7693939805030823,0.7008060812950134,-0.061087317764759064,0.7492532730102539,0.7310415506362915,-0.05725673586130142,0.7367419004440308,0.7616171836853027,-0.049527857452631,Victory
0.7819674611091614,0.8927105665206909,3.7539564345934195e-07,0.7530841827392578,0.8330368995666504,-0.018479913473129272,0.7539504766464233,0.7509421706199646,-0.028225142508745193,0.7879835367202759,0.7038846611976624,-0.039275795221328735,0.817344069480896,0.6813859343528748,-0.049402233213186264,0.7784904837608337,0.6492303013801575,-0.014344190247356892,0.778509795665741,0.5496011972427368,-0.02996920794248581,0.7778486013412476,0.48643407225608826,-0.040378015488386154,0.7782895565032959,0.4339488744735718,-0.047534387558698654,0.8092643022537231,0.6624298095703125,-0.019279630854725838,0.8248315453529358,0.5579440593719482,-0.03664498031139374,0.8321899771690369,0.49081718921661377,-0.04882529377937317,0.840294361114502,0.4382677972316742,-0.05555209144949913,0.8324018120765686,0.7005559802055359,-0.02663033828139305,0.8477029204368591,0.6433219313621521,-0.05170194059610367,0.8249229788780212,0.6887847781181335,-0.05476328358054161,0.8084768652915955,0.7281630039215088,-0.04988429322838783,0.8490352034568787,0.7521659135818481,-0.03557302802801132,0.8570466637611389,0.7114216685295105,-0.054634179919958115,0.8369944095611572,0.7381995916366577,-0.052378132939338684,0.8206640481948853,0.766970157623291,-0.046231962740421295,Victory
0.8340445160865784,0.8174581527709961,4.048837070058653e-07,0.8060336112976074,0.7578046321868896,-0.018091924488544464,0.80904221534729,0.6712199449539185,-0.025979699566960335,0.8448718190193176,0.6237849593162537,-0.03457643836736679,0.8762614727020264,0.6047518253326416,-0.04248882457613945,0.8231846690177917,0.5763213634490967,-0.013932200148701668,0.8226144313812256,0.47584620118141174,-0.028065599501132965,0.8231321573257446,0.41054603457450867,-0.037652261555194855,0.8240939378738403,0.35810986161231995,-0.04455031082034111,0.8542929291725159,0.5870922803878784,-0.018008315935730934,0.868320643901825,0.4818265736103058,-0.033649880439043045,0.8760783672332764,0.4183990955352783,-0.044929277151823044,0.8845675587654114,0.3684197664260864,-0.05139494314789772,0.8780462741851807,0.6235532164573669,-0.024344809353351593,0.8999475240707397,0.5672796368598938,-0.047934163361787796,0.8817679286003113,0.6113725900650024,-0.05172637850046158,0.8672223091125488,0.649421215057373,-0.04797311872243881,0.8951314687728882,0.6735860109329224,-0.032179322093725204,0.9083831906318665,0.6373902559280396,-0.05151890218257904,0.8914081454277039,0.6668258309364319,-0.05083506554365158,0.8765786290168762,0.696293294429779,-0.04609145596623421,Victory
0.8118027448654175,0.7032992243766785,3.796052965299168e-07,0.7785726189613342,0.6373322010040283,-0.015356471762061119,0.7768087387084961,0.5521988272666931,-0.023493126034736633,0.8056016564369202,0.4969460666179657,-0.03349306806921959,0.8329269289970398,0.46728840470314026,-0.04253951460123062,0.7978665232658386,0.4485841691493988,-0.00966364610940218,0.7942394614219666,0.3457071781158447,-0.024930233135819435,0.7923661470413208,0.27969518303871155,-0.03465929254889488,0.7908278703689575,0.2265794724225998,-0.04089919105172157,0.8292850852012634,0.4598417580127716,-0.01581810787320137,0.8421413898468018,0.3462667167186737,-0.033006101846694946,0.8466941118240356,0.2775617837905884,-0.044643037021160126,0.8524458408355713,0.22420454025268555,-0.05052969977259636,0.8554658889770508,0.4975731074810028,-0.024266814813017845,0.8694852590560913,0.43211519718170166,-0.049389276653528214,0.849791944026947,0.47902345657348633,-0.052007969468832016,0.8357573747634888,0.5217653512954712,-0.04640112444758415,0.8766031861305237,0.5506076216697693,-0.03401101008057594,0.8854302763938904,0.5056262612342834,-0.05241299420595169,0.8659915924072266,0.5334269404411316,-0.04957255721092224,0.8491333723068237,0.5640670657157898,-0.04279213026165962,Victory
0.6225869655609131,0.7105926871299744,3.663818404220365e-07,0.5843371748924255,0.6604918241500854,-0.020771736279129982,0.5651143193244934,0.5778573155403137,-0.03467179834842682,0.5817405581474304,0.5096623301506042,-0.04996811971068382,0.607454776763916,0.46611645817756653,-0.06414373219013214,0.5992730259895325,0.4530750811100006,-0.01937597617506981,0.5893310904502869,0.34017059206962585,-0.040767744183540344,0.5843155384063721,0.2674245536327362,-0.0544375404715538,0.5823274850845337,0.20487529039382935,-0.06345320492982864,0.6329702734947205,0.4601733684539795,-0.02512415312230587,0.6376305222511292,0.3340177536010742,-0.04820036515593529,0.6367872953414917,0.2574997842311859,-0.06239054724574089,0.6381616592407227,0.19235433638095856,-0.06963592767715454,0.6631482243537903,0.4921475052833557,-0.033429842442274094,0.6525074243545532,0.4271215796470642,-0.06518006324768066,0.6272338628768921,0.4850068688392639,-0.06811624765396118,0.6128166913986206,0.5355375409126282,-0.061596088111400604,0.687952995300293,0.5377978086471558,-0.0434289388358593,0.6666694283485413,0.5020906329154968,-0.067293182015419,0.6427493691444397,0.5443289875984192,-0.06545563787221909,0.6298797130584717,0.5840958952903748,-0.05857712775468826,Victory
0.30625101923942566,0.8977524042129517,-6.913256100915532e-08,0.31479737162590027,0.8262918591499329,0.006624393630772829,0.34131473302841187,0.7743970155715942,0.008237233385443687,0.36746102571487427,0.7622655034065247,0.006477005779743195,0.38850024342536926,0.7738299369812012,0.004561090841889381,0.36756330728530884,0.7373613119125366,0.007013065740466118,0.40406182408332825,0.6998565793037415,0.004851026926189661,0.4262808561325073,0.6811605095863342,0.00357994856312871,0.44510409235954285,0.6662148237228394,0.0018296624766662717,0.3815932869911194,0.7650471329689026,-0.0004656250821426511,0.4115111231803894,0.7678847312927246,-0.0061093224212527275,0.39759817719459534,0.7870222926139832,-0.006490712054073811,0.38206857442855835,0.795173168182373,-0.005028881598263979,0.39092084765434265,0.8026002049446106,-0.007520788814872503,0.4120016098022461,0.8065371513366699,-0.010313015431165695,0.3982817828655243,0.8179035782814026,-0.005753478966653347,0.3843991756439209,0.8220385313034058,-0.0020390301942825317,0.3952213227748871,0.8396335244178772,-0.014574624598026276,0.41072118282318115,0.8383660316467285,-0.01244044303894043,0.3999076783657074,0.845488965511322,-0.005852728150784969,0.3876607120037079,0.8494138717651367,-0.0005615104455500841,I/Me
0.2649507522583008,0.8772094249725342,1.2895865708628662e-08,0.2855360805988312,0.8171057105064392,0.009187770076096058,0.3257480561733246,0.7841200828552246,0.007452272344380617,0.3623460531234741,0.7972001433372498,0.002857983810827136,0.3862825036048889,0.8287796974182129,-0.001970297424122691,0.33916741609573364,0.7361037731170654,-0.0032237630803138018,0.38742783665657043,0.7309955358505249,-0.005777593236416578,0.41335082054138184,0.7302069067955017,-0.0064020911231637,0.43420541286468506,0.72575443983078,-0.00804391410201788,0.34369614720344543,0.7645003795623779,-0.012640397995710373,0.386241614818573,0.7970596551895142,-0.01574769802391529,0.373134970664978,0.8162919878959656,-0.013247060589492321,0.35763049125671387,0.8131687641143799,-0.011998695321381092,0.3458413779735565,0.8039820790290833,-0.020405806601047516,0.3802058696746826,0.8337531089782715,-0.018843911588191986,0.36591991782188416,0.8454511165618896,-0.010002700611948967,0.3511291742324829,0.8398477435112,-0.005870928522199392,0.3449823260307312,0.844133198261261,-0.028050649911165237,0.37136372923851013,0.8636623024940491,-0.020318303257226944,0.3584746718406677,0.8723190426826477,-0.00965884979814291,0.3448490500450134,0.8695662021636963,-0.00365125248208642,I/Me
0.37355735898017883,1.0126721858978271,-1.4113794577497174e-07,0.3695387840270996,0.9358417987823486,0.011269701644778252,0.39257577061653137,0.8938882350921631,0.02192101627588272,0.41642051935195923,0.8852766156196594,0.0303485170006752,0.432193785905838,0.8922231793403625,0.038149770349264145,0.4325106739997864,0.8618010878562927,0.02254064567387104,0.4563779830932617,0.8222334980964661,0.03555082902312279,0.47098761796951294,0.8016466498374939,0.04298289492726326,0.4819827973842621,0.7871496081352234,0.04659039154648781,0.4498111605644226,0.8988073468208313,0.019871637225151062,0.46790507435798645,0.8825678825378418,0.033125657588243484,0.45791390538215637,0.8935351967811584,0.03748899698257446,0.4457733631134033,0.9065801501274109,0.03964867815375328,0.45785224437713623,0.9447474479675293,0.018107809126377106,0.47116053104400635,0.9314213991165161,0.02805154398083687,0.4606110155582428,0.9399002194404602,0.028661169111728668,0.44882628321647644,0.9511474967002869,0.027397315949201584,0.46047598123550415,0.9865875840187073,0.017289359122514725,0.4693838059902191,0.9808750152587891,0.025507725775241852,0.4613073766231537,0.9870628714561462,0.027988765388727188,0.45128509402275085,0.9971188306808472,0.02909225784242153,I/Me
0.4717898666858673,1.031633734703064,-2.27133270414015e-07,0.4708281457424164,0.9731737375259399,0.0031047204975038767,0.48678189516067505,0.9349148273468018,0.006702023092657328,0.5073014497756958,0.9118293523788452,0.009229871444404125,0.5216797590255737,0.8926904201507568,0.012189419940114021,0.527028501033783,0.9139397144317627,0.015075377188622952,0.5237836241722107,0.9057448506355286,0.021094150841236115,0.5132045149803162,0.9118394255638123,0.02021016553044319,0.5072786808013916,0.9182165861129761,0.01851414516568184,0.5405193567276001,0.9461982250213623,0.013673718087375164,0.5371307730674744,0.941033661365509,0.023382656276226044,0.5261608362197876,0.9486414790153503,0.02245304360985756,0.5187435150146484,0.9616257548332214,0.020106961950659752,0.5460239052772522,0.9835060834884644,0.012502663768827915,0.545769989490509,0.9776296615600586,0.019841954112052917,0.5360098481178284,0.9838926792144775,0.019524555653333664,0.5284850597381592,0.9966267347335815,0.017501166090369225,0.5470518469810486,1.0214556455612183,0.011358488351106644,0.5479870438575745,1.0159841775894165,0.017208987846970558,0.5393739342689514,1.018531322479248,0.020553413778543472,0.5320210456848145,1.0282738208770752,0.022626981139183044,I/Me
0.363457590341568,0.8262268900871277,-9.748330853653897e-08,0.40301814675331116,0.7942740321159363,-0.003603688906878233,0.4400959312915802,0.7414649724960327,-0.0015657981857657433,0.45805075764656067,0.6996671557426453,0.0016554371686652303,0.4646221101284027,0.6784960627555847,0.006450088229030371,0.46326667070388794,0.7028025984764099,0.0044110361486673355,0.4732314646244049,0.6810604929924011,0.005609866231679916,0.46437621116638184,0.7048593163490295,0.0028295782394707203,0.45793285965919495,0.7228275537490845,0.0006878608837723732,0.45727217197418213,0.6938802599906921,0.007074529305100441,0.4706323742866516,0.6801525950431824,0.010288414545357227,0.46219202876091003,0.7037922143936157,0.006932997144758701,0.44962719082832336,0.7228163480758667,0.004221286624670029,0.44818419218063354,0.6961047649383545,0.009843593463301659,0.4637550115585327,0.6820264458656311,0.013212882913649082,0.4596838057041168,0.7033553719520569,0.011999664828181267,0.44904625415802,0.7210558652877808,0.010810501873493195,0.43897777795791626,0.7042605876922607,0.01232233177870512,0.45475661754608154,0.6910189986228943,0.015207008458673954,0.45339635014533997,0.7083173990249634,0.017821360379457474,0.44514724612236023,0.7223720550537109,0.02066420018672943,I/Me
0.170618936419487,0.734136700630188,7.537852297900827e-08,0.20737788081169128,0.6842235326766968,0.014166686683893204,0.2553761303424835,0.6498861908912659,0.01057412102818489,0.29447099566459656,0.6661123633384705,0.0012400480918586254,0.31950393319129944,0.704599142074585,-0.008695157244801521,0.2609046399593353,0.5619746446609497,0.003906785510480404,0.3158528506755829,0.5814539790153503,-0.0022519093472510576,0.3433322012424469,0.586840033531189,-0.0065753040835261345,0.36694392561912537,0.5840985178947449,-0.011440581642091274,0.2575241029262543,0.5719485282897949,-0.012014877051115036,0.3144015371799469,0.6269741058349609,-0.02041170373558998,0.2994329333305359,0.6599975228309631,-0.020299209281802177,0.2832336723804474,0.6595278382301331,-0.020168669521808624,0.25312894582748413,0.60123211145401,-0.026719462126493454,0.304842084646225,0.659493088722229,-0.030651407316327095,0.2877088189125061,0.6845316886901855,-0.02328496426343918,0.27142518758773804,0.6792032122612,-0.019025733694434166,0.2490738034248352,0.6402591466903687,-0.041157469153404236,0.2886030972003937,0.6844625473022461,-0.03684940189123154,0.2777239680290222,0.7052257657051086,-0.027718422934412956,0.26492300629615784,0.704556941986084,-0.022614378482103348,I/Me
0.4157966673374176,0.9404845237731934,-1.2847557684381172e-07,0.4235107898712158,0.8627929091453552,0.0117004020139575,0.44866064190864563,0.8189562559127808,0.018933163955807686,0.4722978472709656,0.814755380153656,0.023432444781064987,0.4892585873603821,0.830443263053894,0.027334503829479218,0.4769378900527954,0.7943000197410583,0.016051065176725388,0.5041885375976562,0.7713424563407898,0.023292547091841698,0.5193325281143188,0.7600082755088806,0.026909641921520233,0.5306270122528076,0.750711977481842,0.027890494093298912,0.4933604896068573,0.8246533870697021,0.011089446023106575,0.5112407803535461,0.8201102614402771,0.019112227484583855,0.5018157958984375,0.834047257900238,0.021650489419698715,0.4905858039855957,0.8440468907356262,0.022527463734149933,0.5032457113265991,0.8638668656349182,0.00736210448667407,0.5133196115493774,0.8553900122642517,0.014820502139627934,0.5042021870613098,0.8647993803024292,0.01740793138742447,0.4930545687675476,0.8737930655479431,0.017574584111571312,0.5080826878547668,0.901543915271759,0.004329814109951258,0.5151302814483643,0.8903495669364929,0.012008359655737877,0.5080615282058716,0.895352840423584,0.017024662345647812,0.49804016947746277,0.9031482338905334,0.02017769031226635,I/Me
0.45174506306648254,0.9259110689163208,-6.48563371896671e-08,0.4677745997905731,0.8590937256813049,0.006058809347450733,0.5018011331558228,0.8232872486114502,0.009606000036001205,0.5283966660499573,0.8216103315353394,0.011245704255998135,0.5468026399612427,0.8379700183868408,0.01298056822270155,0.5239967107772827,0.8016552329063416,0.007465904578566551,0.5584214925765991,0.7830847501754761,0.00829715933650732,0.5802649855613708,0.77674800157547,0.007934884168207645,0.597339391708374,0.7717382907867432,0.006783000193536282,0.5370979905128479,0.8324809670448303,0.003753236262127757,0.5586602091789246,0.8346177935600281,0.005159853491932154,0.5525571703910828,0.852056086063385,0.00493167107924819,0.5442039370536804,0.8595073819160461,0.004508770536631346,0.5447282195091248,0.8710668683052063,0.0007701875292696059,0.5592573285102844,0.8661442399024963,0.0036678046453744173,0.5526168346405029,0.8769630193710327,0.006456008180975914,0.5427581071853638,0.8813957571983337,0.0075157517567276955,0.5484428405761719,0.9060947299003601,-0.0021224296651780605,0.5588050484657288,0.8967186808586121,0.0033652768470346928,0.5533987879753113,0.9021867513656616,0.008510549552738667,0.5440047383308411,0.9053785800933838,0.012038996443152428,I/Me
0.38607412576675415,0.9597781896591187,-7.856493056124236e-08,0.3885492980480194,0.8839529156684875,0.006131923757493496,0.4095953702926636,0.8369805216789246,0.009026664309203625,0.43563976883888245,0.8212933540344238,0.009895585477352142,0.4550369679927826,0.8266248106956482,0.01071919035166502,0.4364171326160431,0.8084522485733032,0.009963852353394032,0.4585707485675812,0.7741526961326599,0.01197927538305521,0.4717649519443512,0.7566936016082764,0.012258496135473251,0.48209503293037415,0.7417060136795044,0.011599765159189701,0.4545738399028778,0.8348760604858398,0.005694610998034477,0.4732855260372162,0.812075138092041,0.007852216251194477,0.46500906348228455,0.8260380029678345,0.009114044718444347,0.4547305107116699,0.8403232097625732,0.010594623163342476,0.4664781093597412,0.8681549429893494,0.0019273386569693685,0.47761526703834534,0.8480392694473267,0.004429704509675503,0.468585729598999,0.8567872643470764,0.007713728118687868,0.457990437746048,0.8692413568496704,0.009968390688300133,0.4731503427028656,0.9011819362640381,-0.0017077927477657795,0.480645090341568,0.8843627572059631,0.0034955814480781555,0.4743890166282654,0.8899959325790405,0.00919488724321127,0.46589288115501404,0.9004629850387573,0.013604697771370411,I/Me
0.35255059599876404,0.941757082939148,-1.8876590957006556e-07,0.3544730842113495,0.8653783202171326,0.004934690427035093,0.37620142102241516,0.8166623115539551,0.009263244457542896,0.3992736041545868,0.7950335741043091,0.0125691844150424,0.4171258807182312,0.7926375865936279,0.016196198761463165,0.4091552197933197,0.8103604316711426,0.012706102803349495,0.41903409361839294,0.7720870971679688,0.017072170972824097,0.41651999950408936,0.7663272023200989,0.017655452713370323,0.4172148108482361,0.7639788389205933,0.017343461513519287,0.42320239543914795,0.8301457762718201,0.010963688604533672,0.430233359336853,0.7943078875541687,0.016450125724077225,0.4204465448856354,0.7993645668029785,0.016345810145139694,0.4124956429004669,0.8116234540939331,0.015969395637512207,0.4319034814834595,0.85259610414505,0.009712778963148594,0.4359000623226166,0.8148751258850098,0.013658249750733376,0.42576923966407776,0.8175428509712219,0.014568719081580639,0.41731134057044983,0.8289094567298889,0.014840827323496342,0.435619056224823,0.8727454543113708,0.008914215490221977,0.43927717208862305,0.8374249935150146,0.013461341150105,0.4327310621738434,0.832046389579773,0.017749886959791183,0.4268311560153961,0.8335478901863098,0.021275045350193977,I/Me
0.41193339228630066,0.9613760709762573,-8.8531727726604e-08,0.4141537547111511,0.8838168382644653,0.002193304942920804,0.4400908946990967,0.8404085636138916,0.003889109706506133,0.4661805331707001,0.833435595035553,0.0044418941251933575,0.48266512155532837,0.8415261507034302,0.004706270061433315,0.4732052683830261,0.8251602053642273,0.0024341691751033068,0.5025652647018433,0.7944532036781311,0.0033088938798755407,0.5205607414245605,0.7771795988082886,0.002874034456908703,0.534526526927948,0.7641086578369141,0.0012224729871377349,0.48839136958122253,0.8616999983787537,-0.0004340353771112859,0.5021705031394958,0.8542826771736145,-0.0002806767006404698,0.4916687309741974,0.8620973825454712,-0.000522324931807816,0.4811595380306244,0.8687573075294495,-0.0008448531734757125,0.4954600930213928,0.9033086895942688,-0.0026864209212362766,0.49925777316093445,0.8893755674362183,-0.001989837270230055,0.49021458625793457,0.8940609097480774,3.87669715564698e-05,0.48069122433662415,0.9003328084945679,0.0007616112125106156,0.49790117144584656,0.9405420422554016,-0.005018075928092003,0.4986550509929657,0.9228507876396179,-0.0024197648745030165,0.49023669958114624,0.9235700368881226,0.0018271718872711062,0.4809603691101074,0.9275597333908081,0.005006138700991869,I/Me
0.379126638174057,0.8519919514656067,-4.04592590541597e-08,0.3764145076274872,0.7709111571311951,0.013208458200097084,0.3899574875831604,0.7003009915351868,0.011721720919013023,0.4125208258628845,0.6697224378585815,0.005910250823944807,0.43588221073150635,0.6651268005371094,-0.001120494562201202,0.3903824985027313,0.6544132828712463,-0.0069773243740201,0.41771817207336426,0.5680328607559204,-0.013967144303023815,0.4347337782382965,0.521787703037262,-0.0165525171905756,0.4478236436843872,0.4820812940597534,-0.01886957883834839,0.4039571285247803,0.6698311567306519,-0.019001955166459084,0.44556379318237305,0.6357612609863281,-0.025458864867687225,0.4438539147377014,0.6704463362693787,-0.02144445851445198,0.43191853165626526,0.6896849274635315,-0.018373051658272743,0.42136961221694946,0.7000055909156799,-0.028940187767148018,0.4569137692451477,0.67814040184021,-0.029362335801124573,0.4517252445220947,0.7060777544975281,-0.01805173046886921,0.4393218159675598,0.7195000648498535,-0.011826973408460617,0.4371025562286377,0.7362484335899353,-0.038467343896627426,0.46514514088630676,0.7146136164665222,-0.032393984496593475,0.4588461220264435,0.7381777763366699,-0.019800446927547455,0.44773539900779724,0.7526524662971497,-0.011662251316010952,I/Me
0.35227012634277344,0.7694910168647766,-3.047425423119421e-08,0.346661239862442,0.7024645209312439,0.012170996516942978,0.35721471905708313,0.6400278210639954,0.012426423840224743,0.3767203092575073,0.6145709156990051,0.00824697781354189,0.3961839973926544,0.6143660545349121,0.0032934341579675674,0.3563753366470337,0.5973044037818909,0.0028337971307337284,0.3773440718650818,0.5283605456352234,-9.74112845142372e-05,0.3886348307132721,0.4892381429672241,-0.0010337894782423973,0.396829217672348,0.4570034146308899,-0.0027238570619374514,0.3658604919910431,0.604531466960907,-0.007784259971231222,0.40859657526016235,0.5961963534355164,-0.01266784593462944,0.4069898724555969,0.628609836101532,-0.01163183432072401,0.395864874124527,0.6396558880805969,-0.010548789985477924,0.3807348608970642,0.6257325410842896,-0.016816291958093643,0.41831910610198975,0.628031313419342,-0.01765557937324047,0.4127834439277649,0.6554099917411804,-0.011171427555382252,0.4010279178619385,0.6621816754341125,-0.007941936142742634,0.39590057730674744,0.6511448621749878,-0.02554486319422722,0.4254050552845001,0.6556791663169861,-0.020477911457419395,0.418774276971817,0.6817985773086548,-0.011773522011935711,0.40763774514198303,0.6912367343902588,-0.006299048196524382,I/Me
0.4541570842266083,0.8921059370040894,-1.3676763899184152e-07,0.43789318203926086,0.8121269941329956,0.0066572823561728,0.4471890926361084,0.754967212677002,0.005718203727155924,0.46902209520339966,0.7246394157409668,0.0032123620621860027,0.4883512258529663,0.7219903469085693,0.00013476125604938716,0.4744333028793335,0.7057723999023438,-0.008286906406283379,0.49749842286109924,0.6259958148002625,-0.010224541649222374,0.5118549466133118,0.5833320021629333,-0.010213589295744896,0.5231460928916931,0.5508146286010742,-0.011000460013747215,0.4990994930267334,0.7241251468658447,-0.012638487853109837,0.5103622674942017,0.7075544595718384,-0.011410034261643887,0.5032818913459778,0.7280321717262268,-0.007370001170784235,0.4970068633556366,0.7436379194259644,-0.005846803076565266,0.5186370015144348,0.7605530023574829,-0.014966103248298168,0.5161420106887817,0.7475361824035645,-0.011142467148602009,0.5094704627990723,0.7628765106201172,-0.004168958403170109,0.5042632222175598,0.7754995226860046,-0.0015110574895516038,0.5323171615600586,0.7980698943138123,-0.01687338761985302,0.5307428240776062,0.7793088555335999,-0.010041648522019386,0.5217925310134888,0.7862594127655029,-0.0009403520962223411,0.5139957666397095,0.7948749661445618,0.005239144433289766,I/Me
0.6843032240867615,0.8635798096656799,-1.9121702621305303e-07,0.6815701723098755,0.7720534205436707,0.016143636777997017,0.6602590680122375,0.698642373085022,0.02000311389565468,0.6332857012748718,0.6675719618797302,0.01880640536546707,0.6077494621276855,0.6672187447547913,0.01676594465970993,0.6528586149215698,0.6359233260154724,0.015919014811515808,0.6197731494903564,0.5711674094200134,0.01411853265017271,0.5968344211578369,0.5400114059448242,0.01299456600099802,0.5794009566307068,0.5199739933013916,0.011325388215482235,0.6375458836555481,0.6491103768348694,0.004769111052155495,0.5885328650474548,0.6588119268417358,0.002548050833866,0.5925354361534119,0.692592978477478,0.005141041241586208,0.6067454814910889,0.7021650075912476,0.006494952831417322,0.6207618713378906,0.6795288920402527,-0.005615570116788149,0.5789739489555359,0.6935750246047974,-0.004933645948767662,0.5860884189605713,0.7230468988418579,0.0024694830644875765,0.599639356136322,0.7255041599273682,0.0054916138760745525,0.6039701700210571,0.7169883847236633,-0.015527290292084217,0.5728268027305603,0.72369784116745,-0.013565052300691605,0.5808159708976746,0.7522661089897156,-0.006133475806564093,0.5930464267730713,0.7617379426956177,-0.0007420603069476783,I/Me
0.6319692730903625,0.9276079535484314,-1.930204973632499e-07,0.6188194751739502,0.8362782001495361,0.02350212074816227,0.5886235237121582,0.7703337073326111,0.032671548426151276,0.5654138922691345,0.733094334602356,0.03503284230828285,0.5484955906867981,0.7176065444946289,0.03635874763131142,0.5607567429542542,0.7077845335006714,0.03256997838616371,0.5188474655151367,0.6808727979660034,0.036937445402145386,0.4991649091243744,0.6747422218322754,0.03667140752077103,0.48687684535980225,0.670900821685791,0.035250287503004074,0.5454453825950623,0.7221613526344299,0.020099760964512825,0.5061936974525452,0.7557088732719421,0.02593359909951687,0.518974781036377,0.7854841351509094,0.026886392384767532,0.5361700654029846,0.7933400869369507,0.026017971336841583,0.5316271185874939,0.7576285600662231,0.00872979685664177,0.5008498430252075,0.7929905652999878,0.016263598576188087,0.5137239694595337,0.8189370036125183,0.019580239430069923,0.5283002853393555,0.8249180316925049,0.018469199538230896,0.5180590748786926,0.8009482622146606,-0.001562546007335186,0.49797898530960083,0.8303109407424927,0.004964494612067938,0.5112243890762329,0.8547564744949341,0.009913519956171513,0.524058997631073,0.8639723658561707,0.012723732739686966,I/Me
0.6954724788665771,0.9458326697349548,-2.5430634309486777e-07,0.6929516792297363,0.8666698336601257,0.03155079856514931,0.6669297814369202,0.8200812339782715,0.049064237624406815,0.6416730284690857,0.7972642183303833,0.05919088050723076,0.6253114938735962,0.7897328734397888,0.06743674725294113,0.6273968815803528,0.7671041488647461,0.04754862189292908,0.5982863306999207,0.7356548309326172,0.06185336410999298,0.5836434364318848,0.7347074747085571,0.06792625039815903,0.5749746561050415,0.7414947152137756,0.07102929800748825,0.6074830293655396,0.7873053550720215,0.03512619808316231,0.5875523090362549,0.7995901107788086,0.05085602402687073,0.5971331000328064,0.8269003629684448,0.0535365454852581,0.6095584034919739,0.8388869166374207,0.05379704758524895,0.5940677523612976,0.8246059417724609,0.0246417373418808,0.578881561756134,0.8341515064239502,0.03752299025654793,0.5903190970420837,0.8573699593544006,0.039196718484163284,0.6017694473266602,0.8688675761222839,0.037860698997974396,0.5836380124092102,0.867195188999176,0.01670292392373085,0.5607410669326782,0.8705195784568787,0.02779431827366352,0.5683048367500305,0.8818079233169556,0.034277163445949554,0.5798571705818176,0.8878913521766663,0.038351722061634064,I/Me
0.5955352783203125,0.9555113315582275,-8.38494429444836e-08,0.5888652205467224,0.8844136595726013,0.01606621779501438,0.5625033974647522,0.8496423959732056,0.026141202077269554,0.5334426760673523,0.8446027040481567,0.03225301578640938,0.5155714154243469,0.8610975742340088,0.037125568836927414,0.5245025157928467,0.8177704215049744,0.027283331379294395,0.4941263496875763,0.8002711534500122,0.03579016402363777,0.4784075617790222,0.7987512946128845,0.038796331733465195,0.4685669541358948,0.8003005385398865,0.039598625153303146,0.5065460801124573,0.8452453017234802,0.02191939949989319,0.4889121949672699,0.8829057216644287,0.03171730414032936,0.501481831073761,0.9008848667144775,0.03361672908067703,0.5138270258903503,0.8995468020439148,0.033366311341524124,0.49786537885665894,0.887327253818512,0.017550744116306305,0.48587068915367126,0.9222322702407837,0.02588893100619316,0.49954959750175476,0.9343810081481934,0.027593104168772697,0.5104537010192871,0.9315086603164673,0.026335906237363815,0.4934920370578766,0.9323743581771851,0.01432799268513918,0.48361140489578247,0.9609853625297546,0.02097989246249199,0.49614450335502625,0.9716814756393433,0.025102263316512108,0.5068149566650391,0.9707047939300537,0.027874287217855453,I/Me
0.7334439158439636,0.96391361951828,-3.0411365514737554e-07,0.7286649346351624,0.8925508260726929,0.021161410957574844,0.7037992477416992,0.841313362121582,0.03256537765264511,0.6822507977485657,0.8080490231513977,0.03844933211803436,0.6683353185653687,0.7866868376731873,0.043508708477020264,0.664505124092102,0.7892177700996399,0.03560204058885574,0.633042573928833,0.8129576444625854,0.04261867702007294,0.6399478316307068,0.8416085839271545,0.04140890762209892,0.6527757048606873,0.853401243686676,0.03977196291089058,0.6487175226211548,0.8085421323776245,0.025942230597138405,0.6179261803627014,0.8395636081695557,0.03645408898591995,0.6260089874267578,0.8673446774482727,0.036921896040439606,0.6404911875724792,0.8751929402351379,0.03541422262787819,0.6370638608932495,0.8436921834945679,0.017076876014471054,0.6085426807403564,0.869921863079071,0.026830021291971207,0.6185686588287354,0.8940168023109436,0.029654616490006447,0.6319619417190552,0.8966619968414307,0.02865656465291977,0.6289787292480469,0.8873800039291382,0.009402217343449593,0.6038970947265625,0.9044498205184937,0.01744183711707592,0.6162232756614685,0.9237291216850281,0.02434626966714859,0.6308009028434753,0.9277858734130859,0.028720172122120857,I/Me
0.6906207203865051,0.8925890326499939,-1.9646060422928713e-07,0.6804232001304626,0.8355526328086853,0.011530054733157158,0.6537389159202576,0.7992769479751587,0.017591774463653564,0.629653811454773,0.7932364344596863,0.019825682044029236,0.6114588379859924,0.8069804310798645,0.021736513823270798,0.6252950429916382,0.7642183303833008,0.02101525478065014,0.5974069237709045,0.7720370888710022,0.020819734781980515,0.5919209718704224,0.7928364276885986,0.01771499030292034,0.593399167060852,0.8061497807502747,0.015315612778067589,0.6133999228477478,0.7817942500114441,0.014070713892579079,0.5862519145011902,0.811342716217041,0.016318993642926216,0.5926356315612793,0.8326084017753601,0.015780769288539886,0.6021089553833008,0.838089644908905,0.014876817353069782,0.6056347489356995,0.8114237189292908,0.007009434979408979,0.5836439728736877,0.8442342281341553,0.010353934951126575,0.5948576927185059,0.8613979816436768,0.012006770819425583,0.6058363318443298,0.8624579310417175,0.011334547773003578,0.6012406945228577,0.8460590243339539,0.00019515841268002987,0.589065670967102,0.8783446550369263,0.001982469577342272,0.600691020488739,0.8901600241661072,0.004002026282250881,0.610981822013855,0.8893625140190125,0.005500799510627985,I/Me
0.6684168577194214,0.9671580791473389,-2.1661149673946056e-07,0.6557866930961609,0.9130927920341492,0.025921642780303955,0.6307529807090759,0.880774199962616,0.03845413029193878,0.6104137301445007,0.8610183596611023,0.04511499032378197,0.6011528372764587,0.8491142988204956,0.050163839012384415,0.5976632237434387,0.8498022556304932,0.032243285328149796,0.564978301525116,0.8567105531692505,0.0411040261387825,0.5534438490867615,0.8695608377456665,0.04475759342312813,0.5468614101409912,0.8746083378791809,0.045722074806690216,0.5902049541473389,0.8700250387191772,0.020279211923480034,0.5550616383552551,0.8949195146560669,0.029337281361222267,0.5616520047187805,0.9158479571342468,0.03332007676362991,0.5731229186058044,0.9204211235046387,0.03467245399951935,0.5879116058349609,0.9029829502105713,0.009942878969013691,0.5571311712265015,0.9303022027015686,0.019120629876852036,0.5674318075180054,0.9453497529029846,0.02445090375840664,0.5781025886535645,0.9438133239746094,0.025116531178355217,0.5891561508178711,0.9411895275115967,0.0012310530291870236,0.5672181248664856,0.9669016003608704,0.008846333250403404,0.5770661234855652,0.9757380485534668,0.014315489679574966,0.5873306393623352,0.9729838967323303,0.016817985102534294,I/Me
0.6569223403930664,0.9753924012184143,2.9019149305753444e-09,0.6615204811096191,0.8934664130210876,0.007797903381288052,0.6449700593948364,0.8268016576766968,0.012878227978944778,0.6176342368125916,0.8149688243865967,0.01581711880862713,0.5968465805053711,0.8289816975593567,0.017668994143605232,0.5832415819168091,0.7787201404571533,0.013287660665810108,0.5561081171035767,0.7194611430168152,0.01982119120657444,0.539692759513855,0.6864696741104126,0.021984750404953957,0.5268731713294983,0.6630859971046448,0.021658144891262054,0.5556161999702454,0.8092813491821289,0.00993688777089119,0.5444247722625732,0.8216895461082458,0.016786424443125725,0.5547441244125366,0.8449810147285461,0.017576495185494423,0.5657657980918884,0.8555072546005249,0.016779767349362373,0.5418024659156799,0.8566598296165466,0.007970797829329967,0.5345292091369629,0.870970606803894,0.013599839061498642,0.5460111498832703,0.8875159025192261,0.01538924966007471,0.5571737289428711,0.8967353701591492,0.014907138422131538,0.5334587693214417,0.906353235244751,0.006540574133396149,0.5262274742126465,0.9224615097045898,0.0114898681640625,0.5377985239028931,0.9355037212371826,0.016514096409082413,0.5486012101173401,0.9427247643470764,0.020934652537107468,I/Me
0.5350313782691956,0.9865752458572388,-6.926646989313667e-08,0.5380927324295044,0.9152336120605469,0.017102880403399467,0.5183025598526001,0.8648335933685303,0.029686393216252327,0.4897019565105438,0.8559195399284363,0.038928333669900894,0.47141072154045105,0.8653599619865417,0.04710740968585014,0.45343872904777527,0.8285041451454163,0.033539142459630966,0.4272090196609497,0.7924277782440186,0.04991627857089043,0.4165605306625366,0.7799675464630127,0.056450799107551575,0.41091087460517883,0.7756360769271851,0.059072066098451614,0.43163734674453735,0.8634913563728333,0.02991139143705368,0.4282420873641968,0.8795986175537109,0.04911799728870392,0.44068196415901184,0.8953233361244202,0.051403217017650604,0.4523402154445648,0.9038854241371155,0.04964112862944603,0.4251002371311188,0.9102631211280823,0.027811283245682716,0.4239346385002136,0.922767162322998,0.042946167290210724,0.4369359612464905,0.9337242841720581,0.04266272485256195,0.4479174315929413,0.9431585073471069,0.03911146521568298,0.4223053455352783,0.9566001296043396,0.027086729183793068,0.41696035861968994,0.9699346423149109,0.039646320044994354,0.42819446325302124,0.9777033925056458,0.04424742981791496,0.43922141194343567,0.9838635325431824,0.04672453925013542,I/Me
0.7210018038749695,0.9897962212562561,-3.18792530151768e-07,0.718564510345459,0.8942937850952148,0.017415981739759445,0.6924432516098022,0.8347653746604919,0.027080612257122993,0.6675899028778076,0.7984792590141296,0.03187919408082962,0.6497545838356018,0.7826426029205322,0.036739226430654526,0.6428642272949219,0.7671197056770325,0.03524601086974144,0.6074179410934448,0.7899194359779358,0.040561169385910034,0.6161823272705078,0.8239786028862,0.03762140870094299,0.6322988271713257,0.8404011726379395,0.0349176786839962,0.6190760731697083,0.7945176959037781,0.02683381363749504,0.5908915996551514,0.828803300857544,0.036646872758865356,0.6023172736167908,0.8599050045013428,0.03562336787581444,0.6203805208206177,0.8720667958259583,0.03336355462670326,0.6026937961578369,0.8405895233154297,0.0188429094851017,0.5805813670158386,0.8695816397666931,0.02879965677857399,0.5939165353775024,0.8980724215507507,0.030663538724184036,0.6105099320411682,0.9085517525672913,0.02909279242157936,0.5939035415649414,0.8931857347488403,0.011328596621751785,0.5793808698654175,0.9187338352203369,0.017319822683930397,0.5939800143241882,0.9418786764144897,0.021945104002952576,0.6092463135719299,0.9490979313850403,0.02583208866417408,I/Me
0.7096920013427734,0.9649466872215271,-2.4052116032180493e-07,0.7125548124313354,0.864734947681427,0.029479192569851875,0.6830552220344543,0.7989509105682373,0.04475768655538559,0.6513206362724304,0.7670798301696777,0.05297944322228432,0.6261481642723083,0.7717132568359375,0.05986059829592705,0.6531192660331726,0.7345104813575745,0.04148055613040924,0.6087924838066101,0.6914646029472351,0.05493572726845741,0.5855872631072998,0.694718062877655,0.061486199498176575,0.5739577412605286,0.7064423561096191,0.06428298354148865,0.6305559873580933,0.7532519102096558,0.029895855113863945,0.5921417474746704,0.7787782549858093,0.046564988791942596,0.6021024584770203,0.8103851079940796,0.052184924483299255,0.6180151104927063,0.8196413516998291,0.052826885133981705,0.6119993329048157,0.793237566947937,0.02016862854361534,0.5832343101501465,0.8242190480232239,0.037332016974687576,0.5969327092170715,0.8488759994506836,0.04289175197482109,0.6112279295921326,0.8550505042076111,0.04099144786596298,0.5964857339859009,0.8404751420021057,0.012051469646394253,0.5754601359367371,0.8626984357833862,0.025008413940668106,0.5896143913269043,0.8856921792030334,0.03185885399580002,0.6035089492797852,0.8946383595466614,0.034793805330991745,I/Me
0.6040125489234924,1.034891128540039,-1.9486932956169767e-07,0.6051865816116333,0.962368369102478,0.024143103510141373,0.5805021524429321,0.9100925922393799,0.04074987396597862,0.5512087941169739,0.8943602442741394,0.05202144384384155,0.5302382707595825,0.897720456123352,0.06256645917892456,0.5386722087860107,0.8629284501075745,0.052882418036460876,0.5177321434020996,0.8748863935470581,0.07216592878103256,0.5252721905708313,0.9032520055770874,0.07704249769449234,0.5378941893577576,0.9171596169471741,0.07832660526037216,0.518250584602356,0.8856914043426514,0.04485733062028885,0.5012478828430176,0.9053816795349121,0.06808320432901382,0.511100172996521,0.9323844313621521,0.06938111037015915,0.5258089303970337,0.9487500190734863,0.06749209016561508,0.5051468014717102,0.9219213724136353,0.037856727838516235,0.49202096462249756,0.9434593319892883,0.058678172528743744,0.5028771758079529,0.9688510894775391,0.05853915587067604,0.5161182284355164,0.9834032654762268,0.053953442722558975,0.49740511178970337,0.963749885559082,0.03209918737411499,0.4860650897026062,0.991237998008728,0.048556726425886154,0.49742111563682556,1.0111660957336426,0.05368036404252052,0.5098884105682373,1.0222300291061401,0.05567141994833946,I/Me
0.5737633109092712,0.9717068672180176,-5.420216098173114e-08,0.5808508992195129,0.9232895374298096,0.0003588165855035186,0.5683894753456116,0.887012243270874,0.0011870773741975427,0.5491443276405334,0.8847754597663879,0.0016933332663029432,0.5350605845451355,0.8981724381446838,0.0024177655577659607,0.524124801158905,0.8527505397796631,0.0065546282567083836,0.5131362080574036,0.8663849234580994,0.005987988319247961,0.5211317539215088,0.8855063319206238,0.002683323109522462,0.5322703719139099,0.8942775130271912,4.323366374592297e-05,0.5068784952163696,0.8805233836174011,0.004754957742989063,0.49568021297454834,0.892284631729126,0.0069482470862567425,0.5045866370201111,0.9096871018409729,0.0061156367883086205,0.5168817639350891,0.9169996976852417,0.005223304498940706,0.49884775280952454,0.9170657992362976,0.0028171194717288017,0.4917137622833252,0.9326902627944946,0.002996788127347827,0.5020031332969666,0.9459951519966125,0.003279181895777583,0.5130755305290222,0.9498158097267151,0.003252860624343157,0.49654194712638855,0.9545753002166748,0.0008137449040077627,0.49266186356544495,0.971466064453125,-4.256630563759245e-05,0.5037662386894226,0.9811084270477295,0.0020573593210428953,0.5132644176483154,0.9820171594619751,0.004567738156765699,I/Me
0.6793327331542969,0.8317002058029175,-1.788754673270887e-07,0.6767204403877258,0.775941014289856,0.007315987721085548,0.6530219912528992,0.7430148720741272,0.01236784365028143,0.6310753226280212,0.739630401134491,0.014976073987782001,0.6145530343055725,0.754048228263855,0.017196644097566605,0.6369438767433167,0.7061774730682373,0.017532192170619965,0.6243957877159119,0.7342689633369446,0.01665242575109005,0.6291512846946716,0.7534191608428955,0.011443530209362507,0.6377489566802979,0.7623022198677063,0.007597355172038078,0.619301974773407,0.7158427238464355,0.013036658987402916,0.6077561378479004,0.7481703758239746,0.015242394991219044,0.6153421401977539,0.7695943117141724,0.012696003541350365,0.6260199546813965,0.776674211025238,0.01031730230897665,0.6057212352752686,0.7400255799293518,0.00828532874584198,0.594087541103363,0.7716770768165588,0.009608494117856026,0.6033021211624146,0.7924670577049255,0.008636081591248512,0.6138978004455566,0.7949285507202148,0.00694712670519948,0.5935870409011841,0.7715160846710205,0.003761816769838333,0.5853413939476013,0.8065873384475708,0.0029515891801565886,0.5959270000457764,0.8210962414741516,0.0033786797430366278,0.6055593490600586,0.8191012740135193,0.0041618566028773785,I/Me
0.2634395956993103,0.9652858972549438,-1.0943358574877493e-07,0.2727188467979431,0.885962724685669,0.015857860445976257,0.29898667335510254,0.8360127806663513,0.022129850462079048,0.3234598934650421,0.8298546671867371,0.02357284538447857,0.3432401716709137,0.8414828181266785,0.024376822635531425,0.3141903877258301,0.7939967513084412,0.021013103425502777,0.354243665933609,0.7974855899810791,0.02388462983071804,0.3691242039203644,0.8031902313232422,0.023850632831454277,0.3778919279575348,0.7990773916244507,0.022161727771162987,0.32741743326187134,0.8115788102149963,0.011120027862489223,0.36322569847106934,0.8452406525611877,0.012367965653538704,0.3503597676753998,0.8696812987327576,0.010685850866138935,0.3335481882095337,0.8684935569763184,0.009229402057826519,0.33857718110084534,0.8431780338287354,0.002302094828337431,0.3670752942562103,0.8741729855537415,0.004287792835384607,0.3523236811161041,0.8950806856155396,0.0056852418929338455,0.33556896448135376,0.8908562064170837,0.005769116338342428,0.3462057411670685,0.8793327212333679,-0.005574158858507872,0.3665696084499359,0.9017449617385864,-0.00027129071531817317,0.3534145653247833,0.9185246825218201,0.0047994088381528854,0.3378167450428009,0.9173358082771301,0.00797330029308796,I/Me
0.226145938038826,0.8088005781173706,7.020172887450826e-08,0.26492658257484436,0.799536406993866,0.0062133679166436195,0.30358555912971497,0.7982281446456909,-0.0014611714286729693,0.33055922389030457,0.8225497007369995,-0.01404435932636261,0.34149160981178284,0.8468685746192932,-0.026848018169403076,0.3321130871772766,0.7126105427742004,-0.0010158042423427105,0.3750717341899872,0.7350104451179504,-0.010941609740257263,0.40027397871017456,0.7450466752052307,-0.017810892313718796,0.42305585741996765,0.7515470385551453,-0.023518670350313187,0.32256194949150085,0.712254524230957,-0.013538241386413574,0.3557141423225403,0.7917121052742004,-0.025494350120425224,0.33588266372680664,0.8090070486068726,-0.02648019604384899,0.324474573135376,0.7976218461990356,-0.026502298191189766,0.30989453196525574,0.7305504679679871,-0.025885751470923424,0.33942171931266785,0.8116089701652527,-0.03441135585308075,0.32041695713996887,0.8190270662307739,-0.027782028540968895,0.30936259031295776,0.803006112575531,-0.023216718807816505,0.29639753699302673,0.7586143016815186,-0.0386258028447628,0.32130494713783264,0.8214879035949707,-0.03963502496480942,0.308332622051239,0.8296555280685425,-0.03189454227685928,0.29865801334381104,0.8172767758369446,-0.026577528566122055,I/Me
0.24679797887802124,0.8220955729484558,1.0805370465050146e-07,0.28278985619544983,0.8004730939865112,0.005166356451809406,0.32400238513946533,0.8068562150001526,-0.0031517052557319403,0.35107600688934326,0.8409315943717957,-0.014096175320446491,0.36123737692832947,0.8736016750335693,-0.025644632056355476,0.34807729721069336,0.759992778301239,-0.017575863748788834,0.39165791869163513,0.7972100973129272,-0.028932446613907814,0.41808995604515076,0.8180583715438843,-0.03609214350581169,0.44074690341949463,0.833166778087616,-0.04194822534918785,0.3352167308330536,0.7732365131378174,-0.02909093163907528,0.36856353282928467,0.8517054319381714,-0.04147786647081375,0.3528560400009155,0.8609122037887573,-0.04150432348251343,0.34169650077819824,0.8481279611587524,-0.041765548288822174,0.31880202889442444,0.7982520461082458,-0.03908560052514076,0.3502759337425232,0.8746107816696167,-0.04645908251404762,0.33596134185791016,0.8747615814208984,-0.03767022490501404,0.3255126476287842,0.856972873210907,-0.03250253200531006,0.30089572072029114,0.8257483839988708,-0.0491117462515831,0.328348308801651,0.8787397742271423,-0.049139972776174545,0.3174469470977783,0.876573383808136,-0.039440251886844635,0.30710095167160034,0.8583313822746277,-0.03339679539203644,I/Me
0.2540520131587982,0.829102098941803,1.363997625958291e-07,0.29102274775505066,0.8030520677566528,0.004524818621575832,0.33135101199150085,0.8019350171089172,-0.002639282960444689,0.35913464426994324,0.8258256316184998,-0.011994962580502033,0.37370917201042175,0.8528152704238892,-0.02197364531457424,0.35414740443229675,0.7616251111030579,-0.015600415877997875,0.3986752927303314,0.8039873242378235,-0.026425596326589584,0.4240737557411194,0.8238054513931274,-0.03318241983652115,0.44597968459129333,0.8379558324813843,-0.03833546116948128,0.34063002467155457,0.7763543725013733,-0.02538665384054184,0.37842926383018494,0.8515155911445618,-0.0365908183157444,0.367954283952713,0.8641354441642761,-0.03736536577343941,0.3596087694168091,0.8570345640182495,-0.03807983174920082,0.3236597180366516,0.8019242882728577,-0.03385293483734131,0.3611880838871002,0.876465916633606,-0.04183761402964592,0.35468876361846924,0.8851538896560669,-0.036497704684734344,0.3480508625507355,0.8754662275314331,-0.03310425579547882,0.3050311505794525,0.8300825953483582,-0.041977327316999435,0.33654049038887024,0.8805078864097595,-0.043069932609796524,0.33362048864364624,0.885217547416687,-0.03571309894323349,0.32833242416381836,0.8740944862365723,-0.030858345329761505,I/Me
0.6667589545249939,0.8634684085845947,-2.0637229170006322e-07,0.6325153708457947,0.8352426886558533,0.0040037985891103745,0.5895219445228577,0.8253498673439026,-0.001905537792481482,0.5579063892364502,0.8463039994239807,-0.009650417603552341,0.535780131816864,0.8648101687431335,-0.017546994611620903,0.57105553150177,0.7507627010345459,-0.00461473036557436,0.5292383432388306,0.7994495630264282,-0.014787782914936543,0.506475567817688,0.8226920366287231,-0.023055316880345345,0.4865291714668274,0.8371049761772156,-0.030261291190981865,0.5809222459793091,0.7655461430549622,-0.014260901138186455,0.5373879075050354,0.8351771831512451,-0.0258600115776062,0.5543323159217834,0.8404626846313477,-0.027555514127016068,0.5688098669052124,0.825905442237854,-0.02897615171968937,0.5931658148765564,0.792260468006134,-0.023809904232621193,0.5538434386253357,0.8556868433952332,-0.033685438334941864,0.5711917877197266,0.8581296801567078,-0.027268201112747192,0.5830767750740051,0.841296911239624,-0.023161422461271286,0.6066439747810364,0.8240077495574951,-0.03343857452273369,0.5753898620605469,0.8665260076522827,-0.04148229584097862,0.5880599617958069,0.8728778958320618,-0.037245843559503555,0.5998764634132385,0.8645603656768799,-0.033712875097990036,I/Me
0.6664525270462036,0.8695568442344666,-1.9872197754011722e-07,0.6285153031349182,0.8455328345298767,0.0024703179951757193,0.5883030295372009,0.8330237865447998,-0.005474821664392948,0.5576984882354736,0.8462865352630615,-0.01481049694120884,0.5349552631378174,0.854429304599762,-0.024319179356098175,0.5782380104064941,0.749087393283844,-0.010041858069598675,0.5331913828849792,0.784757673740387,-0.02374294213950634,0.5069645643234253,0.8050812482833862,-0.03433302044868469,0.4855284094810486,0.8190765976905823,-0.042671285569667816,0.5901358127593994,0.763018786907196,-0.019297093152999878,0.543394148349762,0.824638307094574,-0.03339693695306778,0.5586028695106506,0.8361942172050476,-0.036271627992391586,0.5738680958747864,0.8257420659065247,-0.03859882056713104,0.6024142503738403,0.7911080718040466,-0.028502115979790688,0.5595964193344116,0.8492623567581177,-0.0398455373942852,0.5750085711479187,0.8561733365058899,-0.03313803672790527,0.5878180265426636,0.8413234949111938,-0.028830833733081818,0.6142932772636414,0.8255593180656433,-0.037858158349990845,0.5809222459793091,0.867470920085907,-0.04668014869093895,0.5914046168327332,0.8764382004737854,-0.04222163185477257,0.6021704077720642,0.8682215213775635,-0.03852347657084465,I/Me
0.637311577796936,0.860095202922821,-2.3133111426432151e-07,0.5997914671897888,0.8333121538162231,0.007215921301394701,0.5565159916877747,0.8199366927146912,0.0024724469985812902,0.5242434144020081,0.8375058770179749,-0.004676592070609331,0.5006735920906067,0.8537761569023132,-0.012222085148096085,0.5387368202209473,0.7458474040031433,-0.0025963340885937214,0.49295905232429504,0.786856472492218,-0.013957523740828037,0.4671717584133148,0.8111428022384644,-0.02364497259259224,0.4458215832710266,0.8308985233306885,-0.03143605589866638,0.5481235980987549,0.7606611847877502,-0.013401634991168976,0.49951016902923584,0.8297591805458069,-0.02494451031088829,0.5174767374992371,0.8392093777656555,-0.026859009638428688,0.5345553755760193,0.8277774453163147,-0.02856387384235859,0.5597842335700989,0.7883321046829224,-0.023844407871365547,0.5171958804130554,0.8525785803794861,-0.03249083831906319,0.5365046858787537,0.8584612607955933,-0.02549506537616253,0.550491213798523,0.8428901433944702,-0.021586982533335686,0.5726549029350281,0.8217281699180603,-0.03419080376625061,0.5430177450180054,0.8679127097129822,-0.04119894281029701,0.5575339794158936,0.875173032283783,-0.03639546409249306,0.5696015954017639,0.8651731014251709,-0.03274182602763176,I/Me
0.6332228779792786,0.8864927887916565,-2.335515318918624e-07,0.5982114672660828,0.8351995944976807,0.009855513460934162,0.5515032410621643,0.8196728825569153,0.008699106052517891,0.5163905620574951,0.8383287191390991,0.004789602477103472,0.49593544006347656,0.8690648674964905,0.00022984568204265088,0.5174182057380676,0.7859249711036682,0.0019040217157453299,0.4736860692501068,0.839001476764679,-0.005086000543087721,0.44990774989128113,0.8684551119804382,-0.010907684452831745,0.4289911091327667,0.8936643600463867,-0.016421107575297356,0.5244970917701721,0.8082230091094971,-0.00912303663790226,0.4773288071155548,0.8862788677215576,-0.016391484066843987,0.4982532858848572,0.8908631801605225,-0.015242788009345531,0.515238344669342,0.8774980306625366,-0.014972693286836147,0.5369970202445984,0.8404920101165771,-0.019373944029211998,0.4965819716453552,0.9135537147521973,-0.024113932624459267,0.5194864869117737,0.9129019975662231,-0.016576198861002922,0.533351480960846,0.8935477137565613,-0.013032318092882633,0.5526391863822937,0.8766506314277649,-0.029383225366473198,0.5252103805541992,0.9320293068885803,-0.033713776618242264,0.5418729782104492,0.9296323657035828,-0.02887110412120819,0.5533084869384766,0.9126718044281006,-0.025655211880803108,I/Me
0.6735263466835022,0.8657151460647583,-2.4292631906064344e-07,0.6391462087631226,0.8220848441123962,0.005230205599218607,0.5917890071868896,0.7978553771972656,0.0016773774987086654,0.5527894496917725,0.8060650825500488,-0.004058144520968199,0.5242127180099487,0.817377507686615,-0.009396171197295189,0.5799717307090759,0.7277485728263855,0.0032548941671848297,0.5345401763916016,0.7712931632995605,-0.0047247158363461494,0.5147007703781128,0.794787585735321,-0.011302332393825054,0.49826759099960327,0.8087247610092163,-0.016870837658643723,0.5846749544143677,0.7454947829246521,-0.0048308237455785275,0.5400357842445374,0.8120819926261902,-0.014789598993957043,0.5594317317008972,0.8217470645904541,-0.016133850440382957,0.5740758180618286,0.8095701932907104,-0.017052460461854935,0.5908535122871399,0.7741280794143677,-0.013044197112321854,0.5510230660438538,0.8343559503555298,-0.02119356393814087,0.5718768835067749,0.8410066366195679,-0.01592533104121685,0.5851750373840332,0.8259435892105103,-0.012739520519971848,0.5978971123695374,0.8080027103424072,-0.0213013906031847,0.5691584944725037,0.8508354425430298,-0.028201673179864883,0.5850968360900879,0.8579718470573425,-0.02551973983645439,0.5969942808151245,0.8482422232627869,-0.023003775626420975,I/Me
0.6912171244621277,0.8438135981559753,-2.669337675342831e-07,0.660918653011322,0.7954348921775818,0.012278055772185326,0.6204248070716858,0.7689207196235657,0.012552990578114986,0.5873273611068726,0.7729958295822144,0.008789531886577606,0.5642396211624146,0.7892409563064575,0.004706119187176228,0.6061592698097229,0.6980651617050171,0.012609372846782207,0.5618427395820618,0.7196841239929199,0.0077292718924582005,0.5370248556137085,0.7348381280899048,0.00144347851164639,0.5156199336051941,0.7429280877113342,-0.004663562402129173,0.6074584722518921,0.7144479155540466,0.001755038625560701,0.5620364546775818,0.7672215700149536,-0.003809357061982155,0.579116940498352,0.7827273011207581,-0.00449243001639843,0.5940225720405579,0.7751830816268921,-0.005719971377402544,0.610691249370575,0.7417335510253906,-0.00880314689129591,0.5718456506729126,0.7917144298553467,-0.010476143099367619,0.5898553133010864,0.8022738099098206,-0.004664673004299402,0.6033499836921692,0.7901067137718201,-0.002847480121999979,0.6153552532196045,0.7730756402015686,-0.01939469948410988,0.5883508920669556,0.8104669451713562,-0.019853899255394936,0.6018744707107544,0.8206738233566284,-0.015526492148637772,0.6143212914466858,0.8133350610733032,-0.013268412090837955,I/Me
0.7093756794929504,0.9273539185523987,-2.3075831734331587e-07,0.6786601543426514,0.8630398511886597,0.007494747173041105,0.6308149695396423,0.8252546191215515,0.0055810194462537766,0.5917951464653015,0.8341507911682129,0.0010247949976474047,0.5650218725204468,0.8609218597412109,-0.0037488455418497324,0.6050758957862854,0.7715499997138977,0.00471583241596818,0.5575897097587585,0.8151518106460571,-0.0029557186644524336,0.5346354246139526,0.838208794593811,-0.008678251877427101,0.5161539912223816,0.8542609214782715,-0.01353225763887167,0.6079727411270142,0.7962670922279358,-0.005260182544589043,0.5565599203109741,0.8693157434463501,-0.014318739995360374,0.5766200423240662,0.8798491358757019,-0.014257398433983326,0.593140721321106,0.8689827919006348,-0.013823983259499073,0.615318238735199,0.8346629738807678,-0.015169394202530384,0.5700756311416626,0.8994234204292297,-0.023911327123641968,0.5936818718910217,0.9050315022468567,-0.019286921247839928,0.6093139052391052,0.8880789279937744,-0.016153277829289436,0.6255263686180115,0.8779275417327881,-0.02475164085626602,0.5950864553451538,0.9252594709396362,-0.03283071145415306,0.6135250926017761,0.9316332936286926,-0.030697673559188843,0.6272584795951843,0.9217332601547241,-0.028226394206285477,I/Me
0.26208731532096863,0.9355961084365845,6.327376844694754e-09,0.295026034116745,0.8737882971763611,0.014772439375519753,0.34007561206817627,0.8462888598442078,0.01645084284245968,0.37117573618888855,0.8597258925437927,0.013109100051224232,0.3918085992336273,0.8921990990638733,0.009359562769532204,0.3700508177280426,0.8120025396347046,0.009371745400130749,0.41818779706954956,0.8396597504615784,0.008336341939866543,0.4429594576358795,0.8524970412254333,0.007545109372586012,0.46375733613967896,0.859143853187561,0.005541550926864147,0.3710474967956543,0.8375818133354187,-0.002647791523486376,0.4075269103050232,0.903478741645813,-0.00480116019025445,0.39024993777275085,0.9213817715644836,-0.003283353289589286,0.37574857473373413,0.9147664308547974,-0.0025316302198916674,0.3665124773979187,0.8764084577560425,-0.013257503509521484,0.3988109529018402,0.9395066499710083,-0.012443719431757927,0.38111966848373413,0.948783814907074,-0.005935037042945623,0.36698415875434875,0.9371365308761597,-0.002711697481572628,0.3587050139904022,0.9169691205024719,-0.023387648165225983,0.387195885181427,0.968339741230011,-0.017514465376734734,0.37518689036369324,0.9782044291496277,-0.009246941655874252,0.36326563358306885,0.970353364944458,-0.003911134786903858,I/Me
0.2640667259693146,0.8671756982803345,1.4289305738657276e-08,0.29846706986427307,0.8128933906555176,0.014750483445823193,0.34377819299697876,0.7933221459388733,0.016731027513742447,0.37402036786079407,0.8120372295379639,0.013440188020467758,0.392962247133255,0.8473068475723267,0.00964928139001131,0.37434884905815125,0.7558402419090271,0.012381608597934246,0.4202776849269867,0.7935336232185364,0.0125343669205904,0.4434303045272827,0.8070911169052124,0.012172583490610123,0.46399396657943726,0.8131797313690186,0.010183602571487427,0.3766149580478668,0.7724693417549133,0.0004615460056811571,0.4088498651981354,0.8489882349967957,-0.0014718703459948301,0.3902834355831146,0.8610841631889343,-0.0012425293680280447,0.3766549527645111,0.8482653498649597,-0.001094524865038693,0.37217554450035095,0.8032392263412476,-0.010049372911453247,0.3983980119228363,0.8757357597351074,-0.009316841140389442,0.3788357377052307,0.8827278017997742,-0.00501081719994545,0.3662071228027344,0.8675779700279236,-0.00294268480502069,0.3641811013221741,0.8377545475959778,-0.020086785778403282,0.3855019211769104,0.8968643546104431,-0.01466015912592411,0.37741345167160034,0.9105064868927002,-0.008441885933279991,0.37102705240249634,0.9053103923797607,-0.004301507957279682,I/Me
0.2543104588985443,0.7933593392372131,4.321333513246373e-09,0.29465922713279724,0.8154137134552002,0.007031445391476154,0.33232080936431885,0.8245571851730347,0.002831490011885762,0.35756415128707886,0.841299831867218,-0.00621023029088974,0.3775242269039154,0.8467346429824829,-0.014468877576291561,0.3630485236644745,0.7124617099761963,0.00908160675317049,0.40327298641204834,0.7353772521018982,0.002898662118241191,0.426175594329834,0.7425308227539062,-0.002492913044989109,0.4470531642436981,0.7426921725273132,-0.007687509525567293,0.3599768280982971,0.7053502798080444,-0.002692636800929904,0.3932853639125824,0.7855252027511597,-0.01353126484900713,0.3720136284828186,0.8048927783966064,-0.016205333173274994,0.3586459159851074,0.7910076975822449,-0.016563810408115387,0.35313573479652405,0.717642068862915,-0.014511970803141594,0.3816758692264557,0.8010382652282715,-0.02179686725139618,0.3602481186389923,0.8138949871063232,-0.016966070979833603,0.34844550490379333,0.7962769865989685,-0.013437241315841675,0.34554868936538696,0.7425351142883301,-0.026667818427085876,0.3659748136997223,0.8110156059265137,-0.026875318959355354,0.3491303622722626,0.8210388422012329,-0.020718524232506752,0.3376810848712921,0.8042306303977966,-0.016601139679551125,I/Me
0.2559537887573242,0.9201505184173584,-1.3269394472104068e-08,0.28651243448257446,0.8624924421310425,0.01737082377076149,0.3285207450389862,0.8311699628829956,0.019589101895689964,0.3594273626804352,0.8392593264579773,0.0165618434548378,0.38043922185897827,0.8678111433982849,0.012806213460862637,0.35703256726264954,0.7964508533477783,0.007421434856951237,0.40928784012794495,0.8138272166252136,0.007110678590834141,0.4371403455734253,0.819051206111908,0.007654144894331694,0.46034833788871765,0.8185102343559265,0.0065707252360880375,0.3582969903945923,0.8170682191848755,-0.005585795734077692,0.39891159534454346,0.885502278804779,-0.007408120669424534,0.3808480501174927,0.9035027623176575,-0.0038453296292573214,0.3649013638496399,0.894946277141571,-0.0016866624355316162,0.35412099957466125,0.8529752492904663,-0.016644660383462906,0.39060190320014954,0.9171202778816223,-0.01522909477353096,0.37414515018463135,0.9286931753158569,-0.00681673688814044,0.35935330390930176,0.9179420471191406,-0.002558376407250762,0.34735429286956787,0.8912811875343323,-0.026993226259946823,0.3792017698287964,0.9421992897987366,-0.021309148520231247,0.3738860487937927,0.9580879211425781,-0.012660875916481018,0.36754584312438965,0.9562629461288452,-0.007014088332653046,I/Me
0.2784164845943451,0.924380898475647,-1.3868220349877447e-08,0.31375059485435486,0.8728330731391907,0.014582837000489235,0.3595173954963684,0.8576439023017883,0.016231268644332886,0.3894094228744507,0.8760636448860168,0.01288086362183094,0.4065459668636322,0.9068085551261902,0.009025837294757366,0.3929195702075958,0.8358262181282043,0.009120406582951546,0.43842795491218567,0.8649473786354065,0.007565745618194342,0.46415674686431885,0.8778647780418396,0.006792462896555662,0.4846102297306061,0.8847452402114868,0.0049269115552306175,0.3925623595714569,0.859395444393158,-0.0032771241385489702,0.42280182242393494,0.9359955787658691,-0.007008030079305172,0.4041438698768616,0.9474201798439026,-0.0051877000369131565,0.39013203978538513,0.9345059990882874,-0.00362009066157043,0.3858112096786499,0.8951732516288757,-0.014378616586327553,0.4097048044204712,0.9656803011894226,-0.014802427962422371,0.39170125126838684,0.9682968854904175,-0.0078007495030760765,0.3793683648109436,0.9522275924682617,-0.004023953806608915,0.37525245547294617,0.9326120615005493,-0.02507942169904709,0.3945809006690979,0.987046480178833,-0.019661717116832733,0.37931498885154724,0.988521158695221,-0.010977024212479591,0.36723843216896057,0.9741640090942383,-0.005394792649894953,I/Me
0.2683248519897461,0.9350284337997437,1.2451069508756518e-08,0.303225040435791,0.8898285627365112,0.00978562980890274,0.34671393036842346,0.880671501159668,0.007524464279413223,0.3762449026107788,0.908431887626648,0.0013404189376160502,0.3922751545906067,0.9495511054992676,-0.00530147785320878,0.3762916326522827,0.8553903102874756,-0.0021125790663063526,0.4252295196056366,0.8820648789405823,-0.007185233756899834,0.4535156190395355,0.8943661451339722,-0.009725211188197136,0.4763173460960388,0.8997486233711243,-0.012583166360855103,0.3752090632915497,0.8833244442939758,-0.013367257080972195,0.40833765268325806,0.949018657207489,-0.01944045163691044,0.391469806432724,0.9614550471305847,-0.01721097342669964,0.3773246705532074,0.950719952583313,-0.01538785733282566,0.3680010437965393,0.9225422739982605,-0.023326830938458443,0.39641690254211426,0.9831798076629639,-0.024579238146543503,0.3809974193572998,0.9885962009429932,-0.015170014463365078,0.36786088347435,0.9759292602539062,-0.009817354381084442,0.35718661546707153,0.9617425799369812,-0.033383481204509735,0.3777463436126709,1.0060935020446777,-0.028793610632419586,0.3657207489013672,1.0121164321899414,-0.018737604841589928,0.35472947359085083,1.004054069519043,-0.012079691514372826,I/Me
0.23021972179412842,0.901782214641571,7.777034127798288e-09,0.25812914967536926,0.8410640358924866,0.015003486536443233,0.300534188747406,0.8116760849952698,0.016492974013090134,0.3318765461444855,0.8264073133468628,0.012642083689570427,0.3523181676864624,0.8590869903564453,0.008198653347790241,0.33134210109710693,0.7685257196426392,0.011356305330991745,0.3796297013759613,0.7897026538848877,0.011678447015583515,0.40445446968078613,0.7960190773010254,0.01184904109686613,0.42477354407310486,0.7963197231292725,0.010273094289004803,0.334947407245636,0.7845233678817749,-0.0009327582665719092,0.37295204401016235,0.8530269861221313,-0.002201522933319211,0.3552699089050293,0.8709434866905212,-0.00033168113441206515,0.34065520763397217,0.8622625470161438,0.0008245001081377268,0.33258411288261414,0.8179219365119934,-0.011854411102831364,0.36388567090034485,0.8860850930213928,-0.009899853728711605,0.34492430090904236,0.8972855806350708,-0.003926954697817564,0.3314934968948364,0.8846487402915955,-0.0013612783513963223,0.32707399129867554,0.8566601276397705,-0.02244623564183712,0.3518361449241638,0.9128865599632263,-0.015374467708170414,0.3389391303062439,0.9241344332695007,-0.00771639309823513,0.32818078994750977,0.9159672856330872,-0.0031435221899300814,I/Me
0.19682841002941132,0.828011155128479,1.7009341490847874e-08,0.23162660002708435,0.7940636277198792,0.01698290929198265,0.2775901257991791,0.7848377823829651,0.018730314448475838,0.3114348351955414,0.814836323261261,0.014577128924429417,0.33246734738349915,0.85213702917099,0.010048859752714634,0.301520973443985,0.7086731195449829,0.01612008363008499,0.3471209406852722,0.7384505867958069,0.0175954420119524,0.3687187433242798,0.7479463815689087,0.01765023171901703,0.3883550763130188,0.749419093132019,0.015640176832675934,0.30310481786727905,0.7149325013160706,0.002783035160973668,0.3407817780971527,0.7855166792869568,0.002287942683324218,0.32373979687690735,0.8067148923873901,0.0025087243411689997,0.3105221390724182,0.8006171584129333,0.0021190340630710125,0.2991478443145752,0.7391490340232849,-0.009089428931474686,0.33157655596733093,0.8073019981384277,-0.007066689897328615,0.3134324252605438,0.8223135471343994,-0.00272937398403883,0.30035075545310974,0.813085675239563,-0.0012140809558331966,0.2933529019355774,0.7703112363815308,-0.02029239572584629,0.31836608052253723,0.8250294923782349,-0.012460875324904919,0.31242048740386963,0.8451664447784424,-0.005469897296279669,0.3074418604373932,0.8474370837211609,-0.001860576681792736,I/Me
0.23199890553951263,0.9217259883880615,-3.0030697928395966e-08,0.25772929191589355,0.8524091839790344,0.016157813370227814,0.3004092276096344,0.815005362033844,0.019815655425190926,0.33158519864082336,0.8237074017524719,0.0179421566426754,0.35267332196235657,0.8552258610725403,0.015568362548947334,0.3295668065547943,0.7761886715888977,0.016292225569486618,0.37745338678359985,0.7959111332893372,0.017884373664855957,0.399789035320282,0.8035569190979004,0.018410993739962578,0.41880670189857483,0.8051215410232544,0.016996020451188087,0.33443278074264526,0.7981574535369873,0.003928315360099077,0.3728780746459961,0.8590850830078125,0.0028751788195222616,0.3549930453300476,0.875392496585846,0.003604870056733489,0.33953431248664856,0.8666037917137146,0.004138920921832323,0.3341043293476105,0.8355109691619873,-0.007212759926915169,0.36644378304481506,0.8943542838096619,-0.005361330229789019,0.3473876416683197,0.9044792056083679,-0.0006634192541241646,0.33357134461402893,0.8918753266334534,0.001289781415835023,0.3307342231273651,0.8761993050575256,-0.017788158729672432,0.3584504723548889,0.9235628247261047,-0.010276817716658115,0.3438943922519684,0.9335198998451233,-0.0025037445593625307,0.3314111828804016,0.9253906011581421,0.002039219718426466,I/Me
0.2874027490615845,0.9879927635192871,-2.1166657759863483e-08,0.30844226479530334,0.9244454503059387,0.0063669742085039616,0.3416900634765625,0.8924415707588196,0.00808809231966734,0.3696061968803406,0.8948178887367249,0.00694615300744772,0.38782620429992676,0.9177891612052917,0.005679614841938019,0.3654283583164215,0.8650528192520142,0.010518507100641727,0.39935755729675293,0.8563390374183655,0.010431223548948765,0.4200214743614197,0.8526246547698975,0.008413856849074364,0.4350993037223816,0.8464676141738892,0.005908335093408823,0.3768395185470581,0.900234580039978,0.003894565161317587,0.4058164656162262,0.9182214140892029,0.0009605702944099903,0.39422091841697693,0.9360118508338928,-0.0007559777586720884,0.3765749931335449,0.9401565790176392,-0.0002595385885797441,0.3826069235801697,0.9422605037689209,-0.002325473353266716,0.4040251076221466,0.9582907557487488,-0.0016936673782765865,0.3926823139190674,0.9698988795280457,0.0021757108625024557,0.3778398931026459,0.971251368522644,0.005002173129469156,0.38223952054977417,0.9819406270980835,-0.008710745722055435,0.39699622988700867,0.9940620064735413,-0.003826699685305357,0.38736942410469055,1.00253164768219,0.0026700301095843315,0.3751422166824341,1.0044515132904053,0.007486545015126467,I/Me
0.34658530354499817,0.9831661581993103,1.1835041391350387e-07,0.3752741515636444,0.9377359747886658,0.0022706894669681787,0.4082304537296295,0.9201518893241882,-0.002619130304083228,0.43509331345558167,0.9293168783187866,-0.00896496046334505,0.4510745704174042,0.9495821595191956,-0.01536240242421627,0.4204005300998688,0.8966591358184814,-0.010665714740753174,0.4627950191497803,0.8908606171607971,-0.01995229348540306,0.49046921730041504,0.8926559686660767,-0.026249874383211136,0.5102059841156006,0.8932877779006958,-0.030822042375802994,0.42023611068725586,0.9198020696640015,-0.017599456012248993,0.46310606598854065,0.9467322826385498,-0.02827848121523857,0.4605065882205963,0.9699407815933228,-0.03008059225976467,0.4488476812839508,0.9750578999519348,-0.029932327568531036,0.4155921936035156,0.9525394439697266,-0.02383793145418167,0.4533346891403198,0.9762108325958252,-0.029897714033722878,0.45064210891723633,0.9923831224441528,-0.024584006518125534,0.43970346450805664,0.993499219417572,-0.020232660695910454,0.40683794021606445,0.9855012893676758,-0.03015202283859253,0.43407976627349854,1.002823829650879,-0.031365010887384415,0.43397030234336853,1.0150188207626343,-0.02553200162947178,0.42596566677093506,1.0165849924087524,-0.020880594849586487,I/Me
0.30871066451072693,1.0145463943481445,-5.4034003937886155e-08,0.3206252157688141,0.9437623620033264,0.006979155354201794,0.3488171696662903,0.9124506711959839,0.010410401970148087,0.3751212954521179,0.9143383502960205,0.011469922959804535,0.38946545124053955,0.9356705546379089,0.012169712223112583,0.37349939346313477,0.8895288109779358,0.010125485248863697,0.40388578176498413,0.8688005805015564,0.012717864476144314,0.4218699038028717,0.8586624264717102,0.013331258669495583,0.43486446142196655,0.8499881029129028,0.012656773440539837,0.3898591995239258,0.9265510439872742,0.0053895278833806515,0.4148746728897095,0.9261664748191833,0.007834652438759804,0.40574491024017334,0.9407004117965698,0.008481534197926521,0.3919471502304077,0.9497652053833008,0.009457265958189964,0.3992457091808319,0.9705095887184143,0.001402827794663608,0.4172781705856323,0.9693949222564697,0.005605212412774563,0.40768513083457947,0.9789509177207947,0.008735674433410168,0.39496615529060364,0.9855144619941711,0.010308368131518364,0.40209320187568665,1.0118448734283447,-0.002453259192407131,0.41423675417900085,1.0131431818008423,0.004886098206043243,0.4072623550891876,1.0206533670425415,0.010674954392015934,0.39746835827827454,1.026620864868164,0.014592562802135944,I/Me
0.4467986822128296,0.9520379304885864,2.639172578255966e-07,0.44786742329597473,0.8762648701667786,-0.004670060705393553,0.4707263112068176,0.8259515166282654,-0.009312443435192108,0.49894216656684875,0.7992523312568665,-0.013539286330342293,0.515816330909729,0.7657355666160583,-0.017879242077469826,0.5057830214500427,0.829339861869812,-0.014728588983416557,0.5510188341140747,0.7927689552307129,-0.024748310446739197,0.5783692598342896,0.7786993384361267,-0.03004879504442215,0.6002846956253052,0.7698037624359131,-0.032455407083034515,0.5163421034812927,0.8632962703704834,-0.018117154017090797,0.5652148723602295,0.8226715922355652,-0.025173865258693695,0.5940755605697632,0.8027237057685852,-0.0289478562772274,0.617102324962616,0.7897220849990845,-0.03122711554169655,0.5222291350364685,0.9002066850662231,-0.021692559123039246,0.5667440891265869,0.8613483905792236,-0.02760985679924488,0.5929869413375854,0.8390169143676758,-0.030921025201678276,0.6142107844352722,0.822155773639679,-0.03315836936235428,0.5248271226882935,0.9395418167114258,-0.0255674310028553,0.5588142275810242,0.9138669371604919,-0.030522506684064865,0.5778721570968628,0.8966137170791626,-0.03169872611761093,0.5939591526985168,0.8795890212059021,-0.03188111633062363,Want
0.41663771867752075,0.9436011910438538,2.3809600691038213e-07,0.41728413105010986,0.8732100129127502,-0.0035705207847058773,0.43698224425315857,0.8206763863563538,-0.008136505261063576,0.4607829451560974,0.7916432023048401,-0.01276467926800251,0.4775835871696472,0.761807382106781,-0.017551563680171967,0.467874675989151,0.8156262636184692,-0.014295115135610104,0.5077196359634399,0.7687587141990662,-0.025181934237480164,0.532200276851654,0.7466983795166016,-0.0308847576379776,0.552136242389679,0.730805516242981,-0.033736493438482285,0.4785582721233368,0.8444843292236328,-0.0190487802028656,0.5221800804138184,0.7934021949768066,-0.027976281940937042,0.5488106608390808,0.7666882872581482,-0.0327601321041584,0.570376455783844,0.747530460357666,-0.035529229789972305,0.48527106642723083,0.8787702918052673,-0.023958047851920128,0.526132345199585,0.8312431573867798,-0.03170422837138176,0.5502867698669434,0.8031083941459656,-0.03562727943062782,0.5701280236244202,0.7801131010055542,-0.037955932319164276,0.4890140891075134,0.9171786308288574,-0.029050929471850395,0.519738495349884,0.8827109336853027,-0.03579431399703026,0.5376186370849609,0.8587961792945862,-0.03771510347723961,0.5530959963798523,0.8361464142799377,-0.03824261203408241,Want
0.4508892893791199,0.9830365777015686,2.3036744778437424e-07,0.4509342312812805,0.9143797159194946,-0.007939028553664684,0.4730355441570282,0.8724026083946228,-0.014659207314252853,0.49994227290153503,0.8490663766860962,-0.020200200378894806,0.51412034034729,0.8154262900352478,-0.025852030143141747,0.504775881767273,0.8800874948501587,-0.021256832405924797,0.5485039949417114,0.8444201946258545,-0.03250662982463837,0.5751757025718689,0.827115535736084,-0.038234513252973557,0.5967116355895996,0.8149421215057373,-0.041099663823843,0.5154806971549988,0.9154346585273743,-0.023345552384853363,0.5623433589935303,0.8735947608947754,-0.03294442594051361,0.5917250514030457,0.8482082486152649,-0.03859742358326912,0.6161372661590576,0.828179657459259,-0.04216273874044418,0.5219947099685669,0.9509713053703308,-0.025403611361980438,0.5646638870239258,0.9121409058570862,-0.03390109911561012,0.590491771697998,0.8853509426116943,-0.03953328728675842,0.6111317873001099,0.8628048300743103,-0.04299147054553032,0.5255468487739563,0.9858840703964233,-0.027755379676818848,0.5571852326393127,0.9616318345069885,-0.034998249262571335,0.575505793094635,0.9422500133514404,-0.03826591745018959,0.5904461741447449,0.923229455947876,-0.03980408236384392,Want
0.505219042301178,0.9831017851829529,1.7897404802624806e-07,0.5025204420089722,0.9129894971847534,-0.003409371245652437,0.5224378108978271,0.8691930770874023,-0.006875690072774887,0.5506318211555481,0.8455890417098999,-0.009459366090595722,0.5658031105995178,0.8158892393112183,-0.01220470480620861,0.5573235750198364,0.880704402923584,-0.01762792095541954,0.5997454524040222,0.8376564383506775,-0.025450965389609337,0.6240348219871521,0.8160874247550964,-0.02820010855793953,0.6426944732666016,0.7998061776161194,-0.02900160849094391,0.5696682929992676,0.9159829616546631,-0.019947776570916176,0.6128031611442566,0.8661208152770996,-0.026843998581171036,0.6379949450492859,0.8362095355987549,-0.02955840528011322,0.6576181054115295,0.8133867979049683,-0.030979230999946594,0.5773988366127014,0.9508728981018066,-0.021729400381445885,0.6169069409370422,0.9066526889801025,-0.028063857927918434,0.6397014260292053,0.8772090077400208,-0.03150082379579544,0.656275749206543,0.8542346358299255,-0.03326518461108208,0.5822157859802246,0.9861505627632141,-0.023393774405121803,0.6146482825279236,0.9622184634208679,-0.028708573430776596,0.6326975226402283,0.9410821199417114,-0.030870864167809486,0.6462512016296387,0.9205246567726135,-0.03146564960479736,Want
0.44307437539100647,0.9360817670822144,2.5724457941578294e-07,0.44760724902153015,0.8693251013755798,-0.004215951543301344,0.47131413221359253,0.8235450983047485,-0.008947025053203106,0.4970337152481079,0.7993789315223694,-0.01355399563908577,0.5108280777931213,0.7663986682891846,-0.018347978591918945,0.5037404894828796,0.8238903880119324,-0.01413762103766203,0.5488817691802979,0.7924225330352783,-0.024469632655382156,0.5762025713920593,0.7799896597862244,-0.03017551451921463,0.5982277393341064,0.7714011669158936,-0.032989174127578735,0.5133205056190491,0.8562288880348206,-0.01826353557407856,0.5629673004150391,0.8214703798294067,-0.025927383452653885,0.592633843421936,0.8035672903060913,-0.03025222010910511,0.6162971258163452,0.7909157276153564,-0.032892145216464996,0.5191348791122437,0.8929079174995422,-0.02261076681315899,0.5644314289093018,0.8586481809616089,-0.028865095227956772,0.5914438962936401,0.8374361991882324,-0.03246479108929634,0.6132048964500427,0.8203933835029602,-0.03484124690294266,0.522115170955658,0.9322963953018188,-0.027282601222395897,0.5565513372421265,0.9063577055931091,-0.032718926668167114,0.5760756134986877,0.8871729969978333,-0.03427192568778992,0.5925726294517517,0.8682340979576111,-0.03474083170294762,Want
0.451153427362442,0.9288442730903625,1.9823140462449373e-07,0.4488111734390259,0.8559954762458801,-0.002419787924736738,0.46437424421310425,0.799755334854126,-0.005600345320999622,0.4867761433124542,0.7654469013214111,-0.009394893422722816,0.501975953578949,0.7317010164260864,-0.013015524484217167,0.4997633695602417,0.7859870195388794,-0.006205306854099035,0.5363306999206543,0.7336779236793518,-0.01495040487498045,0.5588293075561523,0.7098918557167053,-0.02033722773194313,0.5772461295127869,0.6934002041816711,-0.023079687729477882,0.513375461101532,0.8113665580749512,-0.011014191433787346,0.5526107549667358,0.75281822681427,-0.016926441341638565,0.5762456059455872,0.7213651537895203,-0.021109161898493767,0.5958688855171204,0.6989169716835022,-0.023725518956780434,0.5229299664497375,0.8436416387557983,-0.01644188165664673,0.5595589876174927,0.7878758311271667,-0.021478747949004173,0.5809137225151062,0.7557464241981506,-0.024319589138031006,0.5985886454582214,0.7299177050590515,-0.026217835023999214,0.5295414328575134,0.8821015357971191,-0.02230093814432621,0.5572238564491272,0.8396395444869995,-0.026570001617074013,0.5722181797027588,0.8112820386886597,-0.027019953355193138,0.5849295854568481,0.7848500609397888,-0.026649579405784607,Want
0.44600003957748413,0.9654412269592285,2.3420989236910827e-07,0.44324561953544617,0.8980586528778076,-0.007208048831671476,0.4629516899585724,0.8525906801223755,-0.013582819141447544,0.48711609840393066,0.8277117013931274,-0.019150186330080032,0.5017338395118713,0.7957561016082764,-0.024868672713637352,0.497369647026062,0.8509233593940735,-0.018564138561487198,0.5370794534683228,0.8085337281227112,-0.029783740639686584,0.5611990690231323,0.7870146036148071,-0.03615348041057587,0.5807951092720032,0.7709578275680542,-0.03952312096953392,0.5081623196601868,0.8823447227478027,-0.021612374112010002,0.551157534122467,0.8349250555038452,-0.030585039407014847,0.5770604610443115,0.8067648410797119,-0.03614087775349617,0.5980344414710999,0.7850131988525391,-0.03973310813307762,0.5148054361343384,0.9173356294631958,-0.02490360476076603,0.5547427535057068,0.873522937297821,-0.03271166980266571,0.5783149003982544,0.8442873358726501,-0.037780627608299255,0.5973511338233948,0.820172131061554,-0.041040290147066116,0.5184300541877747,0.954764187335968,-0.028611578047275543,0.5486897826194763,0.9252526164054871,-0.03539207950234413,0.5657594799995422,0.9022793769836426,-0.03806932643055916,0.5796058773994446,0.880375862121582,-0.03926992788910866,Want
0.3958866596221924,0.9334902763366699,1.9796287631379528e-07,0.3995252549648285,0.8627895712852478,-0.0033116687554866076,0.422270268201828,0.808982253074646,-0.0061983997002244,0.4464528262615204,0.7795531749725342,-0.009924831800162792,0.4598696827888489,0.7474207878112793,-0.013999423943459988,0.45603761076927185,0.7964907884597778,-0.005439162719994783,0.49216824769973755,0.7576448917388916,-0.016009408980607986,0.51534503698349,0.7375825047492981,-0.023828910663723946,0.5354324579238892,0.7218711972236633,-0.02893504686653614,0.46752050518989563,0.8231772780418396,-0.011412527412176132,0.5078786015510559,0.7788260579109192,-0.019862115383148193,0.5333024263381958,0.7536237835884094,-0.02659151889383793,0.5551954507827759,0.7334492206573486,-0.03118974342942238,0.4736873209476471,0.8568857908248901,-0.01839340664446354,0.5130766034126282,0.8132275938987732,-0.026355601847171783,0.5362651348114014,0.7860479950904846,-0.03149726241827011,0.5563796162605286,0.761482834815979,-0.03499976173043251,0.47611817717552185,0.897650420665741,-0.025913987308740616,0.5059699416160583,0.8642434477806091,-0.03309111297130585,0.5233472585678101,0.8399937748908997,-0.035660672932863235,0.5383744835853577,0.8157235980033875,-0.03708086535334587,Want
0.6167218089103699,0.9672001004219055,2.2204557126315194e-07,0.6211962103843689,0.8919717669487,-0.0006144885555841029,0.6055000424385071,0.828284740447998,-0.0025840606540441513,0.5833450555801392,0.7828983068466187,-0.004432681016623974,0.5707859396934509,0.744012713432312,-0.006633254699409008,0.5513125658035278,0.8285965323448181,-0.006642038468271494,0.5109471678733826,0.7823218703269958,-0.01066568586975336,0.4877804219722748,0.7608091235160828,-0.012862724252045155,0.46970146894454956,0.746598482131958,-0.01397893950343132,0.5366898775100708,0.8615400195121765,-0.00909707322716713,0.49579721689224243,0.8064188361167908,-0.011263726279139519,0.47169235348701477,0.7775730490684509,-0.01248860452324152,0.454673707485199,0.7566595077514648,-0.013688609935343266,0.5281233191490173,0.8987494111061096,-0.011255468241870403,0.4892382323741913,0.8499365448951721,-0.012625914998352528,0.4669893682003021,0.8207265138626099,-0.014424251392483711,0.4519522786140442,0.7988021373748779,-0.016468822956085205,0.5237934589385986,0.9392509460449219,-0.01322299987077713,0.49371421337127686,0.9039389491081238,-0.014430730603635311,0.4762033224105835,0.8805996179580688,-0.014372635632753372,0.46296125650405884,0.8599439859390259,-0.014217075891792774,Want
0.5924292802810669,1.0146865844726562,2.748721783518704e-07,0.5961998105049133,0.9370132088661194,-0.005116278305649757,0.5808645486831665,0.8753934502601624,-0.008408375084400177,0.5607134103775024,0.828798234462738,-0.010925465263426304,0.5510066151618958,0.7869240641593933,-0.013690856285393238,0.5224519371986389,0.8879531621932983,-0.009145384654402733,0.4827766418457031,0.8411714434623718,-0.013292230665683746,0.45796096324920654,0.8186134696006775,-0.01582241803407669,0.43779563903808594,0.8034440875053406,-0.017889874055981636,0.5092341303825378,0.9237003922462463,-0.009892003610730171,0.4690079689025879,0.8708582520484924,-0.014084800146520138,0.4432264268398285,0.8425959348678589,-0.017239483073353767,0.42399048805236816,0.8232839703559875,-0.019792795181274414,0.5037789940834045,0.9616061449050903,-0.01075388677418232,0.46361082792282104,0.9192513823509216,-0.01503616850823164,0.4388867914676666,0.8921847343444824,-0.019437212496995926,0.42079222202301025,0.8717573881149292,-0.02294790744781494,0.5032077431678772,0.9988947510719299,-0.011710559017956257,0.4703797399997711,0.9765153527259827,-0.01674431376159191,0.44891756772994995,0.9597541093826294,-0.020148158073425293,0.43144264817237854,0.9424054622650146,-0.02225518971681595,Want
0.613129734992981,0.9305781126022339,1.8791899947245838e-07,0.6099541187286377,0.8567728400230408,0.0020450474694371223,0.5915744304656982,0.799214780330658,0.0007766961352899671,0.5725672841072083,0.7614214420318604,-0.0017334233270958066,0.5610623359680176,0.7277481555938721,-0.005167265888303518,0.5377230644226074,0.8021182417869568,-0.0033335171174257994,0.4969996213912964,0.7642526030540466,-0.00914828572422266,0.4724322259426117,0.7453368306159973,-0.013269544579088688,0.45272955298423767,0.7331488132476807,-0.015845881775021553,0.5263606905937195,0.8332907557487488,-0.008906661532819271,0.4829365611076355,0.7881426811218262,-0.01311379112303257,0.4570774435997009,0.766150951385498,-0.016513720154762268,0.4379909038543701,0.7521827220916748,-0.019031407311558723,0.5203635096549988,0.8719763159751892,-0.014220597222447395,0.4780239462852478,0.8322910666465759,-0.01808237098157406,0.4524630904197693,0.8090429306030273,-0.021644731983542442,0.43395936489105225,0.7924745082855225,-0.02440813183784485,0.5183117985725403,0.9175323843955994,-0.019109856337308884,0.48470938205718994,0.8886404037475586,-0.022612495347857475,0.4643208086490631,0.8692834973335266,-0.023399461060762405,0.4480004608631134,0.8523493409156799,-0.023514218628406525,Want
0.6392750144004822,0.9495231509208679,1.714809911845805e-07,0.6306514143943787,0.8819003701210022,0.00396936759352684,0.6123366355895996,0.8327422738075256,0.002279173582792282,0.5949777960777283,0.7998880743980408,-0.0005928977625444531,0.5840166211128235,0.7695871591567993,-0.004744264297187328,0.571087121963501,0.8409020304679871,-0.008187796920537949,0.5309270024299622,0.804023802280426,-0.015173024497926235,0.5078504085540771,0.7851589918136597,-0.018829436972737312,0.4892190098762512,0.7727708220481873,-0.02083011344075203,0.5641530156135559,0.8672622442245483,-0.014655016362667084,0.5207942128181458,0.8245227336883545,-0.02129162661731243,0.49486294388771057,0.8028656244277954,-0.02495952881872654,0.4753039479255676,0.787146806716919,-0.02744287997484207,0.5609556436538696,0.89982670545578,-0.020232195034623146,0.5193189978599548,0.8612579107284546,-0.025956230238080025,0.4946625828742981,0.8387178778648376,-0.029706666246056557,0.4772375524044037,0.8213173151016235,-0.032345835119485855,0.5610047578811646,0.9387456774711609,-0.02493872307240963,0.5273835062980652,0.9119009375572205,-0.030459487810730934,0.5083251595497131,0.8927966356277466,-0.03207431361079216,0.4930548667907715,0.8755581378936768,-0.03262532502412796,Want
0.6060495972633362,0.9917941093444824,2.0625154206754814e-07,0.6071236729621887,0.9186047911643982,0.0024977063294500113,0.5918287634849548,0.8679927587509155,0.003542131744325161,0.5713109374046326,0.8340908885002136,0.004002686589956284,0.5589405298233032,0.8029927015304565,0.0038192165084183216,0.5442332029342651,0.8810616731643677,-0.0009988754754886031,0.5052038431167603,0.8442143797874451,-0.0038408522959798574,0.4820480942726135,0.8261448740959167,-0.005404456984251738,0.46397900581359863,0.8143153190612793,-0.006336855236440897,0.5349397659301758,0.9137654900550842,-0.004490246530622244,0.4932985305786133,0.8712065815925598,-0.008682378567755222,0.46764644980430603,0.8480027914047241,-0.011939865536987782,0.4487457275390625,0.831531822681427,-0.013960043899714947,0.5316111445426941,0.9491711854934692,-0.0075535522773861885,0.49199169874191284,0.912725031375885,-0.011905614286661148,0.46782657504081726,0.8896785974502563,-0.015758134424686432,0.4502324163913727,0.8725364208221436,-0.01811901666224003,0.5325117111206055,0.9860243797302246,-0.009904737584292889,0.5002719163894653,0.9615684151649475,-0.014137676917016506,0.4802650213241577,0.9443431496620178,-0.016164012253284454,0.46348685026168823,0.9277234673500061,-0.016928065568208694,Want
0.6179754137992859,1.002282738685608,2.123039735124621e-07,0.6187267303466797,0.9302534461021423,0.0014208888169378042,0.6023370027542114,0.8778401017189026,0.0009507635259069502,0.582719624042511,0.8414149284362793,-7.176612416515127e-05,0.5705970525741577,0.8100950121879578,-0.0017915150383487344,0.5545521974563599,0.8877888917922974,-0.005253416020423174,0.5154295563697815,0.8476419448852539,-0.009674258530139923,0.4924027919769287,0.8272085785865784,-0.011738886125385761,0.4742545485496521,0.8132131099700928,-0.012927388772368431,0.545035719871521,0.9194450378417969,-0.009091362357139587,0.5046303868293762,0.8737086057662964,-0.014711419120430946,0.4797342121601105,0.8487604856491089,-0.018060941249132156,0.4612002670764923,0.8304798603057861,-0.020075440406799316,0.5412842631340027,0.9539968371391296,-0.012431200593709946,0.502035915851593,0.9153842926025391,-0.017534470185637474,0.47833994030952454,0.8915606141090393,-0.021207360550761223,0.4611029028892517,0.8735750913619995,-0.02345905639231205,0.5418679714202881,0.9907981753349304,-0.015186184085905552,0.5098225474357605,0.9652903079986572,-0.019819585606455803,0.48995494842529297,0.9474879503250122,-0.02185087837278843,0.4736955761909485,0.9306822419166565,-0.022642919793725014,Want
0.5869617462158203,0.9248557686805725,2.4819121335895034e-07,0.5831828117370605,0.8598801493644714,-0.0051949541084468365,0.5693592429161072,0.8079264760017395,-0.010672679170966148,0.5526995658874512,0.7696667313575745,-0.015496829524636269,0.539219081401825,0.7374550700187683,-0.020750846713781357,0.5262526273727417,0.8265583515167236,-0.01335934642702341,0.49133065342903137,0.7921571731567383,-0.02084616757929325,0.4710947871208191,0.7732897996902466,-0.025507643818855286,0.45479339361190796,0.758526623249054,-0.02828756347298622,0.5183945894241333,0.8570380210876465,-0.015206488780677319,0.48285144567489624,0.8163861036300659,-0.02094697207212448,0.4605884253978729,0.7914931178092957,-0.024694250896573067,0.44387513399124146,0.7712079882621765,-0.027660395950078964,0.5158205628395081,0.8901624083518982,-0.017085297033190727,0.48144036531448364,0.8553627133369446,-0.022014396265149117,0.46043330430984497,0.8329273462295532,-0.025503933429718018,0.4451776146888733,0.8135915398597717,-0.02833857387304306,0.5167864561080933,0.9246338605880737,-0.019101621583104134,0.48946332931518555,0.901838481426239,-0.024398162961006165,0.4726591110229492,0.8855747580528259,-0.02650175429880619,0.4583732485771179,0.8712019920349121,-0.027569694444537163,Want
0.5877297520637512,0.9262433648109436,2.617489656131511e-07,0.5838106274604797,0.861572265625,-0.006053824909031391,0.5695946216583252,0.8095793724060059,-0.011932077817618847,0.5533134937286377,0.7707988023757935,-0.017192265018820763,0.5406137108802795,0.7381213307380676,-0.023023437708616257,0.5265701413154602,0.8297680020332336,-0.01388530619442463,0.4935126304626465,0.7931056618690491,-0.02240702137351036,0.4735496938228607,0.7715477347373962,-0.028226476162672043,0.45730727910995483,0.7549413442611694,-0.03182763233780861,0.5184977650642395,0.8596933484077454,-0.01583954691886902,0.4840944707393646,0.8176107406616211,-0.0225474052131176,0.4619419574737549,0.7914923429489136,-0.02729770913720131,0.4448002874851227,0.7710627317428589,-0.030935091897845268,0.515588104724884,0.8923790454864502,-0.017941171303391457,0.48167848587036133,0.857316255569458,-0.023646142333745956,0.4603845775127411,0.8341957926750183,-0.02773858793079853,0.4447401463985443,0.8147172331809998,-0.03090643510222435,0.5162047743797302,0.926745593547821,-0.020301973447203636,0.48896217346191406,0.9041501879692078,-0.02634904533624649,0.4718207120895386,0.8873100876808167,-0.028923338279128075,0.45766589045524597,0.8723187446594238,-0.030243802815675735,Want
0.6391915082931519,0.8961642384529114,2.431916925615951e-07,0.6328235864639282,0.8341295719146729,-0.00171294913161546,0.6185631155967712,0.7835869193077087,-0.006017172243446112,0.6035493612289429,0.7480076551437378,-0.010450971312820911,0.5921999216079712,0.7191979885101318,-0.015503916889429092,0.5800525546073914,0.7981818914413452,-0.011229061521589756,0.546569287776947,0.7575091123580933,-0.01881641522049904,0.5268067121505737,0.7348525524139404,-0.02344399504363537,0.5108213424682617,0.7186031937599182,-0.026014672592282295,0.5714084506034851,0.8239947557449341,-0.014914900995790958,0.5350497961044312,0.7760338187217712,-0.02111331932246685,0.5133048892021179,0.7489036917686462,-0.025000879541039467,0.49679940938949585,0.7290009260177612,-0.027792086824774742,0.5664618015289307,0.8541673421859741,-0.01826736144721508,0.5317627191543579,0.8135690093040466,-0.023220421746373177,0.5108159184455872,0.7882551550865173,-0.02711745724081993,0.4963664710521698,0.7684413194656372,-0.030101783573627472,0.5642418265342712,0.8881954550743103,-0.021427487954497337,0.5366103053092957,0.8623878359794617,-0.025867173448204994,0.520020067691803,0.8449708223342896,-0.02739977091550827,0.5070459246635437,0.8296315670013428,-0.028117751702666283,Want
0.6315668821334839,0.9307935237884521,2.615471714761952e-07,0.620304524898529,0.8698043823242188,-0.002449052408337593,0.601098895072937,0.8238804936408997,-0.00713026337325573,0.584343671798706,0.786328136920929,-0.011982827447354794,0.5756689310073853,0.7509852647781372,-0.017809513956308365,0.559703528881073,0.8536458015441895,-0.010956781916320324,0.5236685276031494,0.8266375660896301,-0.01849180832505226,0.5013585686683655,0.8111833333969116,-0.023846950381994247,0.48302754759788513,0.7989099025726318,-0.02743251621723175,0.5544654130935669,0.8837871551513672,-0.014563491567969322,0.5161057710647583,0.8545020818710327,-0.021029921248555183,0.4912375509738922,0.8360623121261597,-0.025956757366657257,0.47141268849372864,0.8204740881919861,-0.02983325719833374,0.5545272827148438,0.9168190956115723,-0.01785050518810749,0.5169649720191956,0.8939419388771057,-0.02333875186741352,0.4929479956626892,0.8767654299736023,-0.027764754369854927,0.4748314619064331,0.8611363768577576,-0.031183941289782524,0.5583204030990601,0.9525260329246521,-0.02105649746954441,0.5282079577445984,0.9403604865074158,-0.026649635285139084,0.5094283223152161,0.9300189018249512,-0.029000094160437584,0.4934444725513458,0.9200305938720703,-0.030284030362963676,Want
0.6680397987365723,0.9263243079185486,2.0500439745774202e-07,0.6632881760597229,0.8579703569412231,-0.0003029802755918354,0.6486126184463501,0.8010454177856445,-0.0036347464192658663,0.6330324411392212,0.7599058151245117,-0.00728288060054183,0.6227166056632996,0.7264026403427124,-0.011548484675586224,0.6079849600791931,0.8079735040664673,-0.009438558481633663,0.5734202861785889,0.7645648121833801,-0.016120051965117455,0.5535670518875122,0.7405692934989929,-0.020205333828926086,0.5376153588294983,0.7222140431404114,-0.022577494382858276,0.5972824692726135,0.834234356880188,-0.0136641850695014,0.560867428779602,0.7818282246589661,-0.018783947452902794,0.5387688875198364,0.7518290877342224,-0.02206646464765072,0.5219017863273621,0.7287077903747559,-0.024543339386582375,0.5907719135284424,0.865455687046051,-0.017437297850847244,0.5560887455940247,0.8181626796722412,-0.021527597680687904,0.535245418548584,0.7885864973068237,-0.02483525313436985,0.5208967328071594,0.7653998136520386,-0.027614640071988106,0.5875385999679565,0.9018654823303223,-0.020929573103785515,0.5596967935562134,0.8718122839927673,-0.02489839866757393,0.5429539680480957,0.8515281081199646,-0.026022324338555336,0.5296670198440552,0.8341708779335022,-0.02647562511265278,Want
0.6446499824523926,0.9486345648765564,2.387286599514482e-07,0.6311227083206177,0.8859943151473999,-0.001608031801879406,0.6091334819793701,0.8398249745368958,-0.007404969539493322,0.5899389386177063,0.8006763458251953,-0.013100998476147652,0.5793558359146118,0.7660784721374512,-0.019984493032097816,0.570490837097168,0.8690263628959656,-0.017697539180517197,0.5283148884773254,0.8488406538963318,-0.025985591113567352,0.5034694075584412,0.83904629945755,-0.030350012704730034,0.483894020318985,0.8320011496543884,-0.03305670619010925,0.5658582448959351,0.9017534852027893,-0.021914711222052574,0.5205180048942566,0.8784739971160889,-0.029216839000582695,0.4921737313270569,0.8649877309799194,-0.03324487432837486,0.47157028317451477,0.8533313274383545,-0.036437906324863434,0.5663922429084778,0.9368818402290344,-0.025172827765345573,0.523605227470398,0.9151102900505066,-0.031249990686774254,0.49709078669548035,0.8995826840400696,-0.035317812114953995,0.47821152210235596,0.8849867582321167,-0.03861577808856964,0.5709515810012817,0.973508358001709,-0.027971696108579636,0.5375257730484009,0.9628413319587708,-0.03419872373342514,0.5174649953842163,0.9535214900970459,-0.036556970328092575,0.5008204579353333,0.9439177513122559,-0.03781892731785774,Want
0.6240231394767761,0.9319643974304199,2.3366749246633844e-07,0.6171393990516663,0.8682339787483215,-0.0019275812665000558,0.5990281701087952,0.8155120015144348,-0.0062825921922922134,0.5822276473045349,0.7726881504058838,-0.010769727639853954,0.5743279457092285,0.7363577485084534,-0.016029657796025276,0.5552353858947754,0.8315368294715881,-0.011059841141104698,0.5178588032722473,0.8005955815315247,-0.017929885536432266,0.4950138032436371,0.7840614914894104,-0.022555677220225334,0.47670871019363403,0.7708671689033508,-0.025705302134156227,0.5473416447639465,0.8607279658317566,-0.014701403677463531,0.507082462310791,0.8257837891578674,-0.02009223774075508,0.481762170791626,0.8040605187416077,-0.023907234892249107,0.46272391080856323,0.7853359580039978,-0.02717985399067402,0.5440269112586975,0.8942487239837646,-0.018007803708314896,0.5056087970733643,0.8623740077018738,-0.02254239283502102,0.4819946587085724,0.8412002325057983,-0.02640552818775177,0.46519914269447327,0.822903037071228,-0.029742470011115074,0.5441903471946716,0.9314245581626892,-0.02121739275753498,0.5144082903862,0.9095491170883179,-0.026067189872264862,0.4956970512866974,0.8953977823257446,-0.028255341574549675,0.4798610508441925,0.8823080658912659,-0.029608318582177162,Want
0.6299625635147095,0.8260435461997986,2.231173823474819e-07,0.6306403875350952,0.7164070010185242,0.009019589051604271,0.6053457260131836,0.6411940455436707,0.01483577024191618,0.5713757872581482,0.5916350483894348,0.018674788996577263,0.5507180094718933,0.5490566492080688,0.021415747702121735,0.5217505097389221,0.6568351984024048,0.012120498344302177,0.4600580334663391,0.618237316608429,0.01280850451439619,0.42532914876937866,0.6018381118774414,0.01215161569416523,0.39781031012535095,0.5908936262130737,0.011739397421479225,0.5050935745239258,0.7030858397483826,0.005765140522271395,0.44166091084480286,0.6521817445755005,0.007598063908517361,0.40461230278015137,0.6283127069473267,0.006987490691244602,0.3778609335422516,0.6092296242713928,0.0062465486116707325,0.49855950474739075,0.7566074728965759,-0.00025295885279774666,0.4394634962081909,0.7064269781112671,0.00026610417990013957,0.40635353326797485,0.6782874464988708,-0.001514157047495246,0.38228335976600647,0.6556299924850464,-0.0031502905767410994,0.4985122084617615,0.817850649356842,-0.005334347952157259,0.45058462023735046,0.7772915363311768,-0.005031556356698275,0.42416611313819885,0.7497666478157043,-0.003451266326010227,0.4029403626918793,0.7230305671691895,-0.0018401630222797394,Want
0.6183205842971802,0.9206762909889221,3.124376632968051e-07,0.6224718689918518,0.8080911040306091,0.0030449428595602512,0.5981018543243408,0.7209098935127258,0.005141455680131912,0.5668567419052124,0.6587038040161133,0.007137751672416925,0.5513585209846497,0.6070113778114319,0.00877318438142538,0.5120373964309692,0.7301487326622009,0.0019427173538133502,0.45122888684272766,0.6792003512382507,0.002313718432560563,0.41588500142097473,0.6552603244781494,0.0022919364273548126,0.38849586248397827,0.637669026851654,0.0023594058584421873,0.49118572473526,0.782523512840271,-0.0010573876788839698,0.4300040006637573,0.7193140983581543,0.00037025497294962406,0.3935355544090271,0.6871210932731628,0.0009812950156629086,0.3687628507614136,0.6611204743385315,0.001227681408636272,0.4810473322868347,0.8393591046333313,-0.0034867404028773308,0.4248892366886139,0.7788612246513367,-0.0015029361238703132,0.39278048276901245,0.7420102953910828,-0.0017898570513352752,0.3703542649745941,0.7121471166610718,-0.002762050833553076,0.47856298089027405,0.9002668261528015,-0.005522076040506363,0.4337034821510315,0.8511300683021545,-0.0031943367794156075,0.40847235918045044,0.820681631565094,-0.0002949702902697027,0.3890700936317444,0.7924786806106567,0.0021708093117922544,Want
0.5448251366615295,0.9276740550994873,3.40695464728924e-07,0.5533648729324341,0.8169041275978088,0.0006227322155609727,0.5359227657318115,0.7243547439575195,0.0011892816983163357,0.5110999345779419,0.6536003947257996,0.0016892771236598492,0.4977899491786957,0.5959922075271606,0.0023356119636446238,0.44645485281944275,0.7239463329315186,0.006650119554251432,0.3912087678909302,0.6682138442993164,0.008853313513100147,0.35992807149887085,0.6445002555847168,0.008658809587359428,0.336247980594635,0.6275127530097961,0.008364354260265827,0.42328277230262756,0.7744487524032593,0.004713680129498243,0.3692874312400818,0.7079099416732788,0.009853575378656387,0.33713603019714355,0.6741070747375488,0.010956287384033203,0.31586378812789917,0.6474201083183289,0.010676894336938858,0.41091254353523254,0.8307521939277649,0.002421777695417404,0.3609495759010315,0.7651746273040771,0.006162129342556,0.3333943784236908,0.7269366979598999,0.005678318440914154,0.31391438841819763,0.69545578956604,0.004008893389254808,0.4056640565395355,0.8895646333694458,0.0001285351172555238,0.36602431535720825,0.8380136489868164,0.00359058054164052,0.3442434072494507,0.8050137758255005,0.006449191831052303,0.3271150588989258,0.7731779217720032,0.008363375440239906,Want
0.6483250856399536,0.9194255471229553,2.666051557298488e-07,0.6403762102127075,0.8056808710098267,0.0010249848710373044,0.6093906164169312,0.7227463722229004,-0.0008044519927352667,0.5775419473648071,0.6668525338172913,-0.0030270065180957317,0.5613524317741394,0.6138917207717896,-0.0067519573494791985,0.5275020599365234,0.7496344447135925,-0.011541245505213737,0.4614725112915039,0.7035279273986816,-0.01885746791958809,0.4238339066505432,0.6811164021492004,-0.02360260672867298,0.3935692012310028,0.6645666360855103,-0.02691149152815342,0.5130444169044495,0.8067684173583984,-0.01737510785460472,0.44570237398147583,0.7487615942955017,-0.02252129279077053,0.4050297141075134,0.7197122573852539,-0.02639700286090374,0.37410518527030945,0.6964409351348877,-0.03017357736825943,0.5084201097488403,0.8668235540390015,-0.022365959361195564,0.44577687978744507,0.808832585811615,-0.02698643133044243,0.4094923734664917,0.7741878628730774,-0.031321413815021515,0.38259589672088623,0.7458109855651855,-0.03558945655822754,0.5103406310081482,0.9316361546516418,-0.02674337849020958,0.46195587515830994,0.8891533613204956,-0.03155249357223511,0.4334011971950531,0.8592714071273804,-0.032760147005319595,0.4100431799888611,0.8310018181800842,-0.03355133533477783,Want
0.7129182815551758,0.9062055945396423,2.157318874651537e-07,0.7003641128540039,0.7902869582176208,0.013164062984287739,0.669805645942688,0.7075544595718384,0.0177159383893013,0.6404929757118225,0.648396909236908,0.019284939393401146,0.6224809885025024,0.6001089215278625,0.019175585359334946,0.598504900932312,0.7128996253013611,0.006783079355955124,0.5354120135307312,0.6556870341300964,0.003032698528841138,0.5002678632736206,0.6254780888557434,0.00023833467275835574,0.47247862815856934,0.6036753058433533,-0.0013615585630759597,0.5837418437004089,0.7541908025741577,-0.003985500428825617,0.5174628496170044,0.6843334436416626,-0.005847755819559097,0.47971847653388977,0.6476454734802246,-0.008261872455477715,0.45204973220825195,0.6193047761917114,-0.010450155474245548,0.5754910111427307,0.8065580725669861,-0.013715837150812149,0.5141162872314453,0.738255500793457,-0.015678390860557556,0.4793073832988739,0.697270393371582,-0.018894601613283157,0.45437148213386536,0.6639791131019592,-0.022012149915099144,0.5725992321968079,0.8711644411087036,-0.021952953189611435,0.522301435470581,0.8185815811157227,-0.025310082361102104,0.49469661712646484,0.7859278321266174,-0.02502712979912758,0.47229915857315063,0.7570652961730957,-0.02422584779560566,Want
0.6748487949371338,0.9726455211639404,3.34432115778327e-07,0.6793211102485657,0.8610276579856873,-8.804019307717681e-05,0.6542598605155945,0.7752799987792969,-0.0018066245829686522,0.6247650384902954,0.7114877104759216,-0.004341989755630493,0.6114998459815979,0.655422031879425,-0.007839210331439972,0.5693932771682739,0.7860679030418396,-0.00491252401843667,0.5087617039680481,0.7323307394981384,-0.010553772561252117,0.47243866324424744,0.7037478089332581,-0.014660793356597424,0.44342342019081116,0.6808772683143616,-0.017828678712248802,0.5514242649078369,0.8355445265769958,-0.010397681966423988,0.4884894788265228,0.7722852826118469,-0.0153715955093503,0.44925424456596375,0.7345927953720093,-0.019876297563314438,0.4204285740852356,0.7019861936569214,-0.023768151178956032,0.5431516170501709,0.8901256322860718,-0.015780530869960785,0.48457518219947815,0.8284797072410583,-0.020569927990436554,0.44944652915000916,0.7865740060806274,-0.025602400302886963,0.4235716760158539,0.7508184909820557,-0.0299405325204134,0.5417804718017578,0.9490001797676086,-0.02095845341682434,0.4947267770767212,0.9024867415428162,-0.026284601539373398,0.46541306376457214,0.8713249564170837,-0.028796665370464325,0.44092103838920593,0.8402858376502991,-0.03028137795627117,Want
0.637880265712738,0.9466500282287598,3.4947257177009305e-07,0.6344972252845764,0.833554744720459,4.039347913931124e-05,0.6074993014335632,0.7541148662567139,-0.0019848961383104324,0.5757483243942261,0.690285325050354,-0.004665057174861431,0.5601683259010315,0.6335884928703308,-0.008336326107382774,0.520155131816864,0.7852354049682617,-0.0034523075446486473,0.45440393686294556,0.7527017593383789,-0.007227528374642134,0.4162173569202423,0.7401925921440125,-0.010428208857774734,0.38536494970321655,0.7307456731796265,-0.013083510100841522,0.5036605596542358,0.8427261114120483,-0.008837045170366764,0.43378880620002747,0.798764705657959,-0.013271818868815899,0.3905431032180786,0.7758530974388123,-0.0182461179792881,0.35886743664741516,0.7571669816970825,-0.022112606093287468,0.49910950660705566,0.9050114154815674,-0.013814793899655342,0.4346238076686859,0.8618790507316589,-0.018109584227204323,0.39660370349884033,0.831745445728302,-0.02317722514271736,0.3682464361190796,0.8058021068572998,-0.02720732055604458,0.5025879740715027,0.9688166975975037,-0.018421510234475136,0.4495565891265869,0.9395557641983032,-0.02244558185338974,0.4191226661205292,0.9188069701194763,-0.02340874820947647,0.3938767611980438,0.896376371383667,-0.023575467988848686,Want
0.31260430812835693,0.8421249389648438,3.581634757665597e-07,0.3114561140537262,0.7357999086380005,-0.012347006238996983,0.33577314019203186,0.6516653299331665,-0.020708194002509117,0.36789757013320923,0.5979788303375244,-0.02848435565829277,0.3861866593360901,0.5472186207771301,-0.036052145063877106,0.4160776436328888,0.6684691309928894,-0.01546176802366972,0.4803205132484436,0.6257144212722778,-0.029682788997888565,0.5190305113792419,0.6113115549087524,-0.03994748368859291,0.5493491291999817,0.6041578650474548,-0.046094540506601334,0.43184804916381836,0.7138277292251587,-0.018881473690271378,0.5021365284919739,0.6691179871559143,-0.02933063916862011,0.5432438254356384,0.6499836444854736,-0.03583155572414398,0.5742796063423157,0.6398065686225891,-0.04013416916131973,0.43986204266548157,0.765641987323761,-0.02443832904100418,0.5050790309906006,0.7207950949668884,-0.03428640961647034,0.543425440788269,0.6961522698402405,-0.04002881050109863,0.5734972357749939,0.6784911155700684,-0.04383954405784607,0.4431562125682831,0.82640141248703,-0.03144136071205139,0.49410778284072876,0.8015204071998596,-0.0402037687599659,0.5242005586624146,0.7815110087394714,-0.04347353056073189,0.5501102209091187,0.7619255185127258,-0.04500262066721916,Want
0.296893447637558,0.9070153832435608,2.2369587782122835e-07,0.30078595876693726,0.7981374263763428,-0.009402372874319553,0.3276137113571167,0.7096889615058899,-0.015589161776006222,0.36065590381622314,0.6494637727737427,-0.02124806120991707,0.3766573965549469,0.5918779373168945,-0.02709592878818512,0.41039004921913147,0.74131178855896,-0.015236900188028812,0.4715273082256317,0.6748061776161194,-0.02672361582517624,0.5066927671432495,0.6426613330841064,-0.034948524087667465,0.534855842590332,0.6201406717300415,-0.04090793430805206,0.4273499548435211,0.7933768033981323,-0.020376862958073616,0.4941035807132721,0.7232772707939148,-0.02973882295191288,0.5326686501502991,0.6860988140106201,-0.03746579587459564,0.5607094764709473,0.6609333157539368,-0.0437268428504467,0.4341416656970978,0.8515055775642395,-0.026994794607162476,0.4995880424976349,0.7987527847290039,-0.03835180029273033,0.5389780402183533,0.7682073712348938,-0.04821038246154785,0.5697513222694397,0.7431970834732056,-0.05585511401295662,0.43412941694259644,0.9150227904319763,-0.0341934859752655,0.4852202534675598,0.9024221897125244,-0.046825751662254333,0.5171394944190979,0.8877809643745422,-0.0545230358839035,0.5461898446083069,0.8708255887031555,-0.05982502922415733,Want
0.2651086151599884,0.8611147999763489,3.5308400470057677e-07,0.26847562193870544,0.7559819221496582,-0.00662826094776392,0.29491710662841797,0.6679159998893738,-0.014692825265228748,0.3263769745826721,0.6068511009216309,-0.022621845826506615,0.3435758352279663,0.5520570874214172,-0.030584311112761497,0.3726918697357178,0.6834197044372559,-0.018658362329006195,0.4416491687297821,0.6382286548614502,-0.032636336982250214,0.48264676332473755,0.6254901885986328,-0.0416075773537159,0.5147435665130615,0.6225425004959106,-0.04655149206519127,0.3884582221508026,0.7323625087738037,-0.024177853018045425,0.46349456906318665,0.6842546463012695,-0.033268872648477554,0.5073732137680054,0.6659994721412659,-0.03850852698087692,0.5399957895278931,0.6581767797470093,-0.04242955520749092,0.39634618163108826,0.7883267998695374,-0.030573774129152298,0.46586430072784424,0.7474204301834106,-0.038586750626564026,0.5078219175338745,0.7291463017463684,-0.044220101088285446,0.5387201309204102,0.7174991965293884,-0.048637229949235916,0.3986654579639435,0.849760115146637,-0.03761083260178566,0.4541066586971283,0.8316489458084106,-0.04433724656701088,0.48664402961730957,0.8196392059326172,-0.04703137278556824,0.5136959552764893,0.8082482218742371,-0.04857924208045006,Want
0.3078136146068573,0.9397299289703369,3.1440563930118515e-07,0.30532294511795044,0.828636109828949,-0.014708152040839195,0.3242202401161194,0.7464792132377625,-0.024664917960762978,0.3449041545391083,0.6790390014648438,-0.03402543440461159,0.3571428656578064,0.6238977909088135,-0.044113077223300934,0.42326587438583374,0.7822734117507935,-0.018285926431417465,0.48484665155410767,0.7307392954826355,-0.03265466168522835,0.5219799280166626,0.7080257534980774,-0.04526359587907791,0.5535613298416138,0.6939423680305481,-0.05450446903705597,0.4400627613067627,0.8353989720344543,-0.02195761911571026,0.5064855217933655,0.7790415287017822,-0.03297170251607895,0.5467795133590698,0.7479516267776489,-0.04393891245126724,0.5783156752586365,0.7269524335861206,-0.05305713787674904,0.44495826959609985,0.895295262336731,-0.027804717421531677,0.5132307410240173,0.8584215641021729,-0.04014360159635544,0.5539214015007019,0.8350180387496948,-0.05182080715894699,0.5872453451156616,0.8153114318847656,-0.06099208816885948,0.4411216974258423,0.9583457112312317,-0.034846287220716476,0.49370962381362915,0.9555695056915283,-0.04877113923430443,0.5268641710281372,0.9439980387687683,-0.05740872398018837,0.557878315448761,0.9298657178878784,-0.06341011077165604,Want
0.34880560636520386,0.9180344939231873,3.762141034258093e-07,0.3485620319843292,0.8075218200683594,-0.017001425847411156,0.371184378862381,0.7088394165039062,-0.028010735288262367,0.39344680309295654,0.62446129322052,-0.038361530750989914,0.3972827196121216,0.5555868744850159,-0.04831906035542488,0.4572392702102661,0.7392263412475586,-0.013685806654393673,0.5176748037338257,0.6853070855140686,-0.026814239099621773,0.5534242987632751,0.6620352268218994,-0.0379771888256073,0.5834639668464661,0.6469324231147766,-0.04614068940281868,0.47545820474624634,0.7895433902740479,-0.016003910452127457,0.5389654636383057,0.7293651103973389,-0.02604668028652668,0.5773037672042847,0.6984341144561768,-0.03480260819196701,0.6076597571372986,0.6778783202171326,-0.04171432927250862,0.4840266704559326,0.8453240990638733,-0.021043486893177032,0.5457133054733276,0.7922662496566772,-0.03166274353861809,0.5826992988586426,0.7643067240715027,-0.03924856707453728,0.6119961738586426,0.7417962551116943,-0.04512392729520798,0.4861198663711548,0.9065210819244385,-0.027925623580813408,0.5335395336151123,0.8863912224769592,-0.03847324848175049,0.5633989572525024,0.8700180053710938,-0.04321252927184105,0.5895164608955383,0.8528119921684265,-0.04634096473455429,Want
0.4035961329936981,0.916454017162323,2.4080938487713865e-07,0.40664297342300415,0.8008663654327393,-0.007451558485627174,0.4328206181526184,0.7131295204162598,-0.010568917728960514,0.4633825719356537,0.6469871997833252,-0.014426047913730145,0.47609761357307434,0.586303174495697,-0.018028927966952324,0.5053200125694275,0.7401203513145447,0.0038186279125511646,0.5595159530639648,0.6861544847488403,-0.0038576610386371613,0.5913732051849365,0.6638438701629639,-0.012242929078638554,0.6182789206504822,0.6480894684791565,-0.01860356330871582,0.5233498811721802,0.7876183986663818,-0.00023505210992880166,0.5796471238136292,0.7243915796279907,-0.005697529762983322,0.6125960946083069,0.6914166808128357,-0.013312747702002525,0.6386255025863647,0.6680185794830322,-0.019491901621222496,0.5325151085853577,0.8408982157707214,-0.006695675663650036,0.5882797241210938,0.7837162613868713,-0.014131194911897182,0.6215131282806396,0.750656247138977,-0.02113025262951851,0.6474091410636902,0.7240486741065979,-0.026431163772940636,0.5356581211090088,0.9014228582382202,-0.01417357288300991,0.5813934803009033,0.876571536064148,-0.02127228118479252,0.6089490652084351,0.8540623784065247,-0.02475673332810402,0.6329720616340637,0.8307305574417114,-0.027101844549179077,Want
0.3271208703517914,0.8699769377708435,3.068625176183559e-07,0.33317989110946655,0.7566395998001099,-0.009155074134469032,0.36840009689331055,0.6774070262908936,-0.012201059609651566,0.40976661443710327,0.6349579691886902,-0.015877217054367065,0.4277105927467346,0.5823139548301697,-0.019628116860985756,0.44638776779174805,0.6891222596168518,0.0036496412940323353,0.5052922368049622,0.6552155017852783,-0.006724298000335693,0.5412414073944092,0.6418182253837585,-0.017614584416151047,0.5712205767631531,0.6333503127098083,-0.025531461462378502,0.4627402424812317,0.7373464703559875,-0.0014246999053284526,0.5270242094993591,0.6985790729522705,-0.0086513077840209,0.5654568672180176,0.6782276034355164,-0.018117129802703857,0.596235454082489,0.664595365524292,-0.025373199954628944,0.4679746627807617,0.788349449634552,-0.00945135299116373,0.5287611484527588,0.7489340305328369,-0.0183470007032156,0.5658938884735107,0.7239673137664795,-0.026468638330698013,0.5965168476104736,0.7045185565948486,-0.03245626762509346,0.4665621817111969,0.8476163148880005,-0.01895144023001194,0.5152598023414612,0.8229910135269165,-0.027475105598568916,0.5442123413085938,0.8031878471374512,-0.0314050056040287,0.5699138641357422,0.7835738658905029,-0.03399744629859924,Want
0.29440394043922424,0.8678236603736877,3.8004560565241263e-07,0.2954038381576538,0.756519079208374,-0.009374342858791351,0.3231222927570343,0.6760647892951965,-0.016473591327667236,0.36096301674842834,0.6305980682373047,-0.023198090493679047,0.38671404123306274,0.5819894671440125,-0.0294573362916708,0.3952384889125824,0.6848284006118774,-0.012657254934310913,0.4617385268211365,0.6399447321891785,-0.02541830763220787,0.5006842017173767,0.6233347654342651,-0.03403867408633232,0.531775176525116,0.6138858795166016,-0.03862860053777695,0.4123382866382599,0.7334617972373962,-0.016697458922863007,0.4846303462982178,0.6847221255302429,-0.024990275502204895,0.5261316895484924,0.6601892709732056,-0.03086085245013237,0.5579805970191956,0.6451584100723267,-0.03477096185088158,0.42094963788986206,0.7861588001251221,-0.022363891825079918,0.4875986576080322,0.7368727922439575,-0.030149778351187706,0.5268033742904663,0.7076963782310486,-0.03552138805389404,0.5575022101402283,0.6848835945129395,-0.039221469312906265,0.4244330823421478,0.8439639210700989,-0.029079096391797066,0.4777659773826599,0.8138362765312195,-0.03552122041583061,0.5082926750183105,0.7920928001403809,-0.037441253662109375,0.5343505144119263,0.7698950171470642,-0.03803354129195213,Want
0.2699280083179474,0.8848819136619568,3.0388173399842344e-07,0.26958611607551575,0.782893717288971,0.0033515398390591145,0.28875604271888733,0.6922109723091125,0.0009466235060244799,0.3094266355037689,0.6277933120727539,-0.003133898600935936,0.3155287504196167,0.5788629055023193,-0.008244295604526997,0.36486026644706726,0.689818799495697,-0.009597741067409515,0.43273526430130005,0.6409440636634827,-0.022251807153224945,0.4744831919670105,0.6205174326896667,-0.030256621539592743,0.5061767101287842,0.609122097492218,-0.03426758199930191,0.3822411000728607,0.7346634268760681,-0.01878131367266178,0.4578128755092621,0.6790156364440918,-0.02661084569990635,0.5023783445358276,0.6514543294906616,-0.030144192278385162,0.5352228879928589,0.6343055367469788,-0.03226028010249138,0.39316195249557495,0.7888262271881104,-0.028167428448796272,0.4632224440574646,0.73262619972229,-0.03439003974199295,0.504041850566864,0.7017543911933899,-0.03854077309370041,0.5354837775230408,0.6781283020973206,-0.04161887615919113,0.398698627948761,0.8513926267623901,-0.03736760467290878,0.45404550433158875,0.8184395432472229,-0.04398009181022644,0.4852839708328247,0.7944920063018799,-0.04636049270629883,0.5115622878074646,0.7710748314857483,-0.047220442444086075,Want
0.3080921173095703,0.9288246035575867,4.4403603283171833e-07,0.30066388845443726,0.8276084661483765,-0.019915292039513588,0.3118388056755066,0.7477521896362305,-0.03540918976068497,0.3221307694911957,0.6841824054718018,-0.050002701580524445,0.3263511657714844,0.631547212600708,-0.06551854312419891,0.4114641547203064,0.7687988877296448,-0.027794096618890762,0.4729900062084198,0.7245122194290161,-0.04802844300866127,0.5126498937606812,0.7037489414215088,-0.0638616532087326,0.545911967754364,0.689963698387146,-0.07444309443235397,0.4297758638858795,0.8196361064910889,-0.031146470457315445,0.49787265062332153,0.7771638035774231,-0.047020070254802704,0.5412718057632446,0.7533584237098694,-0.05891149118542671,0.5757137537002563,0.7364179491996765,-0.06780492514371872,0.4370424747467041,0.8756846189498901,-0.03713185712695122,0.5007340312004089,0.8393215537071228,-0.05124774947762489,0.5407665967941284,0.812437891960144,-0.06185568869113922,0.5730864405632019,0.7887701988220215,-0.06975548714399338,0.43576833605766296,0.9355393648147583,-0.0451013408601284,0.48634418845176697,0.922646701335907,-0.058456990867853165,0.5180509686470032,0.9048197269439697,-0.06547078490257263,0.5456479787826538,0.8840463161468506,-0.07019645720720291,Want
0.33961302042007446,0.9782873392105103,3.596767044200533e-07,0.345876008272171,0.86441570520401,-0.007634397130459547,0.37294793128967285,0.7842421531677246,-0.015062506310641766,0.41258370876312256,0.7292481064796448,-0.021343624219298363,0.4279070496559143,0.6744741201400757,-0.0275858324021101,0.4500236213207245,0.8331142663955688,-0.0212028156965971,0.5224303603172302,0.7953407168388367,-0.035023368895053864,0.5653349757194519,0.7826237082481384,-0.04442928358912468,0.5994154810905457,0.7752662301063538,-0.050143346190452576,0.4658721387386322,0.8867440223693848,-0.024691389873623848,0.5434155464172363,0.8488684892654419,-0.0380781851708889,0.5904210805892944,0.8304657936096191,-0.04637373611330986,0.6255787014961243,0.8208116292953491,-0.05225539952516556,0.4721452593803406,0.9397807121276855,-0.028254494071006775,0.5438746213912964,0.9065933227539062,-0.038166627287864685,0.5881193280220032,0.8825930953025818,-0.04505142197012901,0.6222416758537292,0.8693898916244507,-0.05034812539815903,0.4717741310596466,0.9949122071266174,-0.03225028142333031,0.5272741317749023,0.9854840040206909,-0.041569970548152924,0.5609119534492493,0.9730575680732727,-0.04638751968741417,0.5907579064369202,0.9623904824256897,-0.04924201965332031,Want
0.37983182072639465,0.9842117428779602,3.339742704611126e-07,0.38990357518196106,0.8683350086212158,-0.015695177018642426,0.4272976219654083,0.7994771599769592,-0.021051708608865738,0.4729878008365631,0.7643896341323853,-0.02526949718594551,0.4973345398902893,0.7143271565437317,-0.029435789212584496,0.5006104111671448,0.8393427729606628,-0.008025608956813812,0.5636709332466125,0.8083457350730896,-0.020426400005817413,0.6023472547531128,0.7952004075050354,-0.032770201563835144,0.635488748550415,0.7857115268707275,-0.041760195046663284,0.5136868953704834,0.8957269787788391,-0.010075784288346767,0.5813918113708496,0.8577049970626831,-0.020609470084309578,0.6237884163856506,0.8341386318206787,-0.03373425453901291,0.658388614654541,0.8160115480422974,-0.04410857334733009,0.5152491331100464,0.9489865899085999,-0.014809262938797474,0.5807449221611023,0.9221281409263611,-0.027320515364408493,0.622403085231781,0.898585319519043,-0.0399223156273365,0.6562150120735168,0.8796986937522888,-0.049143049865961075,0.5094761848449707,1.0056464672088623,-0.020973820239305496,0.5617555379867554,0.9997555017471313,-0.03315039724111557,0.5954688787460327,0.9859569072723389,-0.04090771824121475,0.6262669563293457,0.9695550203323364,-0.04644235596060753,Want
0.4200316071510315,0.9181298613548279,1.6130074698139651e-07,0.4151361286640167,0.7960782051086426,0.001976702595129609,0.4444751441478729,0.7232670783996582,0.0075984494760632515,0.4882636070251465,0.681851327419281,0.012516222894191742,0.5104205012321472,0.6374340057373047,0.017780210822820663,0.5065314173698425,0.7293345332145691,0.011639907024800777,0.558758556842804,0.6649873852729797,0.009475098922848701,0.5889781713485718,0.6358040571212769,0.005807748530060053,0.6143448352813721,0.6137680411338806,0.0029528848826885223,0.5293664336204529,0.7800791263580322,0.007091166917234659,0.5833215117454529,0.7048743367195129,0.006699387915432453,0.6141619086265564,0.6639392375946045,0.0018054074607789516,0.6390799283981323,0.6332501769065857,-0.00240029813721776,0.5417181253433228,0.8336684107780457,0.001436297781765461,0.5963826179504395,0.7639713287353516,-0.00293360254727304,0.6268042325973511,0.7251992225646973,-0.009534751996397972,0.6511897444725037,0.6961159706115723,-0.014297254383563995,0.5480738282203674,0.894374668598175,-0.004020383581519127,0.5947575569152832,0.8604445457458496,-0.009140720590949059,0.621229350566864,0.8346688151359558,-0.01245393231511116,0.6444003582000732,0.8088716864585876,-0.014337055385112762,Want
0.4402625858783722,0.8770952224731445,1.4355144628552807e-07,0.4359157979488373,0.752155065536499,0.0029115118086338043,0.4578137993812561,0.6754278540611267,0.005946289282292128,0.49920710921287537,0.6322394013404846,0.008471585810184479,0.5287169218063354,0.6011283993721008,0.012052948586642742,0.5200339555740356,0.6820083260536194,0.011786280199885368,0.572655200958252,0.6182907223701477,0.01123170368373394,0.60146564245224,0.5924785137176514,0.009698783047497272,0.6253296732902527,0.5754393339157104,0.00900263898074627,0.5432992577552795,0.7315778136253357,0.008424975909292698,0.5955501794815063,0.6570072770118713,0.010488665662705898,0.6235260367393494,0.619606077671051,0.009434455074369907,0.6468470096588135,0.5946263074874878,0.008478033356368542,0.5561338663101196,0.780919075012207,0.004382815212011337,0.6044564843177795,0.7083762288093567,0.0047522434033453465,0.6299682855606079,0.6678234934806824,0.004901612177491188,0.6501545310020447,0.6390729546546936,0.005007600877434015,0.5629897117614746,0.8355665802955627,0.0003491393872536719,0.60246342420578,0.7797130942344666,0.0019124805694445968,0.6222336888313293,0.7423374652862549,0.005577867850661278,0.6382631659507751,0.7091529369354248,0.008989136666059494,Want
0.3424614667892456,0.8882994651794434,2.267891829887958e-07,0.34546440839767456,0.7713683247566223,0.0011688139056786895,0.37889328598976135,0.6902768015861511,0.0020158388651907444,0.4194779098033905,0.6427045464515686,0.0017387367552146316,0.44288113713264465,0.5945419669151306,0.001423862879164517,0.43603262305259705,0.6895894408226013,0.0020336355082690716,0.4957188367843628,0.6293147802352905,-0.004970916546881199,0.5305678248405457,0.6012380123138428,-0.009940874762833118,0.5583506226539612,0.5824891924858093,-0.012652263976633549,0.4577024579048157,0.7365187406539917,-0.004420883022248745,0.5189290642738342,0.6662671566009521,-0.008449342101812363,0.5556632280349731,0.6269157528877258,-0.013613921590149403,0.5848332047462463,0.5998461246490479,-0.01707545481622219,0.46996161341667175,0.7900360226631165,-0.011447723023593426,0.5278356671333313,0.7195004820823669,-0.016149617731571198,0.5621461272239685,0.6778492331504822,-0.021615587174892426,0.5897517800331116,0.644618034362793,-0.02548990771174431,0.47515830397605896,0.8491084575653076,-0.01840628869831562,0.5210230946540833,0.8003261089324951,-0.023116691038012505,0.5471295714378357,0.7653747797012329,-0.024860452860593796,0.5692710876464844,0.7324129343032837,-0.025225847959518433,Want
0.3080015778541565,0.8580541014671326,2.695778391625936e-07,0.3118762969970703,0.7486578226089478,-0.0024749115109443665,0.34069567918777466,0.6669048070907593,-0.006073692347854376,0.37162455916404724,0.6101301312446594,-0.010624212212860584,0.38234639167785645,0.5541101694107056,-0.015990184620022774,0.4023646414279938,0.6739006042480469,-0.008041564375162125,0.46373251080513,0.6131594181060791,-0.02019062265753746,0.5004253387451172,0.5864387154579163,-0.027947667986154556,0.5300049781799316,0.5691460967063904,-0.03230007737874985,0.4210282564163208,0.7174787521362305,-0.015143254771828651,0.48669251799583435,0.649887204170227,-0.023757293820381165,0.5253946185112,0.6130268573760986,-0.02983948215842247,0.5560556054115295,0.5886629223823547,-0.03395453467965126,0.4322020709514618,0.7691612243652344,-0.02307141199707985,0.4942275881767273,0.7015891075134277,-0.03157096356153488,0.5299151539802551,0.6608167886734009,-0.03696117177605629,0.5592898726463318,0.6290141940116882,-0.040656618773937225,0.43787840008735657,0.8275883793830872,-0.03129011392593384,0.48648741841316223,0.7805740237236023,-0.03941837698221207,0.514600932598114,0.7479857206344604,-0.04202977195382118,0.5395700335502625,0.7172222137451172,-0.04310409352183342,Want
0.6409749388694763,0.9429901242256165,3.294980785994994e-07,0.6413567066192627,0.8235164284706116,-0.005629531107842922,0.6085619330406189,0.7383811473846436,-0.007204120513051748,0.5698673725128174,0.6825801134109497,-0.008285174146294594,0.5472733378410339,0.6326320171356201,-0.00971683207899332,0.5215268731117249,0.7763400673866272,-0.004063606262207031,0.4563368856906891,0.7366055846214294,-0.008558738976716995,0.41674166917800903,0.7198463678359985,-0.012583011761307716,0.3852631449699402,0.7095680236816406,-0.015668485313653946,0.5055817365646362,0.8333249688148499,-0.005628090817481279,0.43697452545166016,0.7841330766677856,-0.009148630313575268,0.39494001865386963,0.7592630982398987,-0.013650123029947281,0.3639557659626007,0.7396131157875061,-0.017297081649303436,0.5006586909294128,0.8903657793998718,-0.007724962197244167,0.43677225708961487,0.845145046710968,-0.010967111214995384,0.39822015166282654,0.8137975931167603,-0.015783099457621574,0.3695438504219055,0.7881708145141602,-0.019920116290450096,0.5029296875,0.9461044669151306,-0.010223237797617912,0.4527164697647095,0.9126124382019043,-0.013912830501794815,0.4211892783641815,0.8889043927192688,-0.015689533203840256,0.3953411281108856,0.8646870851516724,-0.016563646495342255,Want
0.6100408434867859,0.9499390125274658,3.844458547064278e-07,0.5995767116546631,0.8329790830612183,-0.008242915384471416,0.5600746273994446,0.7608400583267212,-0.012442450039088726,0.5173587203025818,0.7116327881813049,-0.014903589151799679,0.49167224764823914,0.660659670829773,-0.017142055556178093,0.47982144355773926,0.8070240616798401,-0.013240281492471695,0.4121112823486328,0.7758797407150269,-0.018463296815752983,0.3729161024093628,0.7628027200698853,-0.021483225747942924,0.341776967048645,0.7560140490531921,-0.023617904633283615,0.4666655659675598,0.87157142162323,-0.013493718579411507,0.39531823992729187,0.829325795173645,-0.018799755722284317,0.3524418771266937,0.8055101633071899,-0.021538378670811653,0.32116714119911194,0.7874287366867065,-0.0233935434371233,0.4648049473762512,0.9310821890830994,-0.01400848850607872,0.3992089331150055,0.8918192982673645,-0.0180937722325325,0.36031198501586914,0.8642482757568359,-0.021665344014763832,0.33079588413238525,0.840407133102417,-0.024524979293346405,0.47077420353889465,0.9857874512672424,-0.014991763979196548,0.4168666899204254,0.9603497385978699,-0.018927162513136864,0.38537076115608215,0.94179368019104,-0.02022881619632244,0.35997670888900757,0.9204412698745728,-0.020441468805074692,Want
0.606595516204834,0.9066911935806274,3.0365038128365995e-07,0.5947625041007996,0.7942361831665039,0.0019191766623407602,0.5531736612319946,0.7201974391937256,0.005840874742716551,0.5042275190353394,0.6914290189743042,0.010088782757520676,0.46596354246139526,0.6796342730522156,0.014513164758682251,0.48269397020339966,0.7411800026893616,0.003544275648891926,0.41700559854507446,0.7037590742111206,0.003451616270467639,0.38332152366638184,0.6849446296691895,0.003146741073578596,0.3563145399093628,0.6723923683166504,0.0031029756646603346,0.467070996761322,0.797443151473999,0.0011185030452907085,0.4014841914176941,0.7433448433876038,0.0022398217115551233,0.3645554184913635,0.7151187062263489,0.0016559348441660404,0.3373282551765442,0.6931252479553223,0.0010455389274284244,0.4624236524105072,0.855059027671814,-0.0011494316859170794,0.4012746214866638,0.8040764331817627,-4.205246295896359e-05,0.36612269282341003,0.7707670331001282,-0.0017577225808054209,0.340456485748291,0.7434031367301941,-0.0036563624162226915,0.4656066298484802,0.9136723875999451,-0.0030551524832844734,0.41563138365745544,0.8752402067184448,-0.001495896838605404,0.38833925127983093,0.8477913737297058,0.0004813814884983003,0.3672374188899994,0.8211954236030579,0.002192832762375474,Want
0.5520917177200317,0.8858045935630798,2.817868960391934e-07,0.5495621562004089,0.7693818807601929,0.0026696939021348953,0.5165253281593323,0.6834992170333862,0.00799703598022461,0.4692699611186981,0.6499236822128296,0.013676042668521404,0.4335000216960907,0.6527513265609741,0.019747940823435783,0.4383697509765625,0.7018584609031677,0.011851311661303043,0.3789958953857422,0.6594282388687134,0.015369769185781479,0.3487841784954071,0.6422951221466064,0.015835680067539215,0.32610195875167847,0.6301100850105286,0.015883546322584152,0.41799426078796387,0.758882462978363,0.0102437948808074,0.35934123396873474,0.7025928497314453,0.015061082318425179,0.32573920488357544,0.6742950677871704,0.014667891897261143,0.3026271462440491,0.6518866419792175,0.013655923306941986,0.40931057929992676,0.8174401521682739,0.00846322625875473,0.35336288809776306,0.765688419342041,0.011833530850708485,0.32223477959632874,0.7331799864768982,0.009573708288371563,0.30033421516418457,0.707099437713623,0.006874626036733389,0.4088461399078369,0.8766027688980103,0.007054831366986036,0.36143365502357483,0.8392878174781799,0.010018857195973396,0.33629703521728516,0.8140783905982971,0.011492004618048668,0.3165006935596466,0.7887884974479675,0.012444619089365005,Want
0.6455124616622925,0.919197678565979,3.0902839398549986e-07,0.6427942514419556,0.802530825138092,-0.0021012010984122753,0.6133199334144592,0.7169108986854553,-0.0027660951018333435,0.574634850025177,0.6649188995361328,-0.0029912577010691166,0.5458303093910217,0.6221762895584106,-0.0034124539233744144,0.5276471376419067,0.7403727769851685,-0.004430610220879316,0.4610992968082428,0.6967021822929382,-0.008392613381147385,0.4241832196712494,0.6756747961044312,-0.011251963675022125,0.3946269452571869,0.6601983308792114,-0.012862441129982471,0.5093860626220703,0.7964142560958862,-0.006763408426195383,0.4420204758644104,0.739489734172821,-0.008914349600672722,0.4016264081001282,0.7106730341911316,-0.010898294858634472,0.372241735458374,0.687312662601471,-0.01268672849982977,0.5020418763160706,0.8551325798034668,-0.009199376218020916,0.43984317779541016,0.8005556464195251,-0.010704888962209225,0.40360844135284424,0.7681256532669067,-0.013193987309932709,0.37746208906173706,0.7416739463806152,-0.015686316415667534,0.5017588138580322,0.9160606861114502,-0.011648964136838913,0.4512306749820709,0.8747474551200867,-0.012829056940972805,0.42272961139678955,0.8472943305969238,-0.012059656903147697,0.40012326836586,0.8204834461212158,-0.01108433399349451,Want
0.6733708381652832,0.9532172083854675,2.954195963411621e-07,0.6759286522865295,0.8358311057090759,0.0029155167285352945,0.6524481773376465,0.7506189346313477,0.002227979712188244,0.6292906999588013,0.6787203550338745,0.00044141855323687196,0.6188337206840515,0.6224464774131775,-0.002748484257608652,0.5645831227302551,0.7602884769439697,-0.0032532205805182457,0.4983668327331543,0.7120592594146729,-0.007144445087760687,0.46051186323165894,0.6877484917640686,-0.010548579506576061,0.43076837062835693,0.6690375208854675,-0.013146044686436653,0.5453424453735352,0.8138265013694763,-0.009516160935163498,0.4776655435562134,0.7539732456207275,-0.012374097481369972,0.4356954097747803,0.7207066416740417,-0.0165509395301342,0.40539151430130005,0.6933308243751526,-0.020424220710992813,0.536359429359436,0.8744977116584778,-0.015061261132359505,0.4740740656852722,0.8141278028488159,-0.016858594492077827,0.4372883439064026,0.7757682204246521,-0.021254803985357285,0.41008833050727844,0.7428200840950012,-0.025674479082226753,0.5342877507209778,0.9376794695854187,-0.020111000165343285,0.4850834012031555,0.890764057636261,-0.022122668102383614,0.4571324586868286,0.8595050573348999,-0.022371619939804077,0.4347187876701355,0.8281095623970032,-0.02258170209825039,Want
0.6486000418663025,0.9839663505554199,4.824075858778087e-07,0.6469576954841614,0.875902533531189,-0.011292677372694016,0.6274293065071106,0.8026801943778992,-0.022497689351439476,0.6099889874458313,0.7325034737586975,-0.031753238290548325,0.6073400378227234,0.6740996837615967,-0.04118882492184639,0.5396571159362793,0.8395815491676331,-0.030155252665281296,0.46991947293281555,0.7974160313606262,-0.042365897446870804,0.4294835925102234,0.7763717174530029,-0.04772469401359558,0.39784500002861023,0.7610223293304443,-0.0506574846804142,0.5238120555877686,0.8984140753746033,-0.031101051717996597,0.4507143199443817,0.8444339036941528,-0.04492655023932457,0.40572574734687805,0.8112307190895081,-0.050400860607624054,0.3733036518096924,0.7846606969833374,-0.053377971053123474,0.517980694770813,0.9536242485046387,-0.031496740877628326,0.4517046809196472,0.9051336050033569,-0.04138321056962013,0.4116141200065613,0.8694035410881042,-0.04699382930994034,0.3820263147354126,0.8389345407485962,-0.050212763249874115,0.5202404856681824,1.0032533407211304,-0.03229754790663719,0.4668486416339874,0.9713298678398132,-0.03995279222726822,0.43482619524002075,0.9461619257926941,-0.043099429458379745,0.4093020558357239,0.9192225933074951,-0.044243186712265015,Want
0.609192967414856,0.9454073905944824,3.6499477573670447e-07,0.6172978281974792,0.8341909050941467,-0.004541757516562939,0.591295063495636,0.747058093547821,-0.00444753747433424,0.5534034371376038,0.6910808086395264,-0.0028724530711770058,0.5300334692001343,0.6398497223854065,-0.000998383853584528,0.5100204348564148,0.7542127966880798,-0.003101302543655038,0.4523528218269348,0.6932490468025208,-0.003764667082577944,0.4214548170566559,0.6625552773475647,-0.004269982222467661,0.39590591192245483,0.6409562826156616,-0.004681808408349752,0.48807668685913086,0.8052901029586792,-0.002726290374994278,0.4305417239665985,0.7291917204856873,-0.002447466365993023,0.3970823585987091,0.6892327070236206,-0.0032068530563265085,0.37206119298934937,0.6599879264831543,-0.004117491189390421,0.47811949253082275,0.8591755628585815,-0.0026387497782707214,0.4250488579273224,0.7891293168067932,-0.0029968665912747383,0.3954307436943054,0.7458885312080383,-0.005928392056375742,0.37417882680892944,0.7114184498786926,-0.008598344400525093,0.47542306780815125,0.9135510921478271,-0.00264931027777493,0.4317675232887268,0.8624482750892639,-0.0027022273279726505,0.4082363545894623,0.8290172219276428,-0.0022743730805814266,0.39090660214424133,0.7985671758651733,-0.0017193693201988935,Want
0.5818638801574707,0.9141896367073059,3.0482391366604134e-07,0.5848260521888733,0.8029783964157104,0.0012576307635754347,0.5506525039672852,0.7150153517723083,0.004262237809598446,0.506713330745697,0.6661115288734436,0.008205900900065899,0.4808250963687897,0.617520809173584,0.012440676800906658,0.48035427927970886,0.7203026413917542,-0.0006773399072699249,0.41976284980773926,0.6638025045394897,-0.0005560815334320068,0.38680994510650635,0.6372329592704773,0.0005334840971045196,0.36058589816093445,0.6207646131515503,0.0016611907631158829,0.45823806524276733,0.772987425327301,-0.0019143234239891171,0.3983536660671234,0.7024398446083069,-0.0009526156354695559,0.36363300681114197,0.6667269468307495,9.921727905748412e-05,0.3384815454483032,0.6402133107185364,0.0009433307568542659,0.44636425375938416,0.8279451727867126,-0.002627453301101923,0.3914835453033447,0.7649524807929993,-0.0011712294071912766,0.36140745878219604,0.7260968089103699,-0.0015080017037689686,0.34082651138305664,0.6948721408843994,-0.002265427727252245,0.4422374665737152,0.8850484490394592,-0.0029166664462536573,0.39883261919021606,0.8369259834289551,-0.0002184199111070484,0.37628382444381714,0.8045088052749634,0.0025761763099581003,0.3598558306694031,0.774614155292511,0.004896717146039009,Want
0.3731673061847687,0.8102136850357056,2.885987271383783e-07,0.39993563294410706,0.7275956273078918,0.004203830845654011,0.39853185415267944,0.6521061062812805,0.004233199171721935,0.4037039279937744,0.5967220067977905,0.0019835038110613823,0.4127618074417114,0.558646023273468,0.001053768559359014,0.32639580965042114,0.6135289072990417,0.009049389511346817,0.3749575912952423,0.5511708855628967,0.002592671662569046,0.4078426659107208,0.5274011492729187,-0.005734926089644432,0.43378037214279175,0.5173088908195496,-0.01219126209616661,0.3280310034751892,0.61966472864151,0.002294570440426469,0.3802195191383362,0.5479318499565125,-0.004083969630300999,0.4131941497325897,0.5253446698188782,-0.010233499109745026,0.44058725237846375,0.5147250294685364,-0.014600109308958054,0.3417772054672241,0.6327522397041321,-0.004981629550457001,0.39227208495140076,0.5596551299095154,-0.010762627236545086,0.4224407374858856,0.5331019163131714,-0.014150581322610378,0.4452989399433136,0.5187926292419434,-0.016152411699295044,0.3651244342327118,0.6464552879333496,-0.012402293272316456,0.4069976210594177,0.5877363681793213,-0.014482763595879078,0.42679569125175476,0.5619530081748962,-0.014498165808618069,0.44140076637268066,0.542529284954071,-0.014300601556897163,Food
0.4422331154346466,0.8540992140769958,3.960549008752423e-07,0.41675233840942383,0.7835047841072083,0.0023386450484395027,0.40622445940971375,0.7075495719909668,-0.005781111307442188,0.4216672480106354,0.6450240015983582,-0.014549904502928257,0.4475807845592499,0.609041690826416,-0.023051124066114426,0.3869060277938843,0.6913222670555115,-0.02313181757926941,0.4196317791938782,0.5980148911476135,-0.036613646894693375,0.4442242681980133,0.5561584234237671,-0.04342830926179886,0.4634276330471039,0.5297072529792786,-0.04702388122677803,0.40650370717048645,0.7043411731719971,-0.031480081379413605,0.43999385833740234,0.6026222705841064,-0.04230605810880661,0.46339359879493713,0.5551348328590393,-0.04464477673172951,0.4807972311973572,0.5258564949035645,-0.046299174427986145,0.4322441518306732,0.7168558239936829,-0.038546957075595856,0.46424371004104614,0.6196200847625732,-0.04469706863164902,0.4817847013473511,0.5724837183952332,-0.04346190392971039,0.4933551847934723,0.541504979133606,-0.04281945526599884,0.46182969212532043,0.7261424660682678,-0.04548506438732147,0.48110708594322205,0.6452739238739014,-0.04581379145383835,0.48726385831832886,0.6080448031425476,-0.041651651263237,0.4911310076713562,0.5791206955909729,-0.03893270716071129,Food
0.5081545114517212,0.8753689527511597,1.5022600052816415e-07,0.48221004009246826,0.8057991862297058,0.0039636422879993916,0.4845646917819977,0.7368311285972595,0.002152359113097191,0.5058180689811707,0.6904235482215881,0.00047209643526002765,0.5244487524032593,0.6661970615386963,-0.0010397565783932805,0.485629677772522,0.7227641344070435,-0.013895876705646515,0.49883103370666504,0.6246764063835144,-0.01846136897802353,0.509375810623169,0.5794675946235657,-0.017258768901228905,0.5167308449745178,0.5483255982398987,-0.014836142770946026,0.5155541896820068,0.737544059753418,-0.018326614052057266,0.5254331827163696,0.6332612633705139,-0.02159273438155651,0.5295125842094421,0.5843533873558044,-0.020320774987339973,0.5306985974311829,0.5509558916091919,-0.01869840919971466,0.5417159199714661,0.7494148015975952,-0.02098011039197445,0.5468219518661499,0.6482500433921814,-0.023405594751238823,0.5457419753074646,0.5982744693756104,-0.0210695993155241,0.5428235530853271,0.5651240348815918,-0.018834002315998077,0.561360776424408,0.7583372592926025,-0.022646229714155197,0.5537002086639404,0.6787927746772766,-0.022479353472590446,0.5471627712249756,0.6416914463043213,-0.017226286232471466,0.5426947474479675,0.6149009466171265,-0.012460031546652317,Food
0.60196453332901,0.8419938683509827,-3.4802147297341435e-07,0.5795156359672546,0.7705509662628174,-0.016940748319029808,0.5793464779853821,0.6842425465583801,-0.02310321293771267,0.5852726101875305,0.6173771619796753,-0.02425914630293846,0.5837000012397766,0.5700814127922058,-0.023782938718795776,0.6442599296569824,0.7038004994392395,-0.025202414020895958,0.6248952150344849,0.6203657388687134,-0.0299995020031929,0.6057063937187195,0.5828086733818054,-0.03236265480518341,0.5900667905807495,0.5554358959197998,-0.033465638756752014,0.6650419235229492,0.7153715491294861,-0.01623520813882351,0.6388180255889893,0.6263360977172852,-0.019781995564699173,0.6158207654953003,0.5939206480979919,-0.019984865561127663,0.596209704875946,0.5766389966011047,-0.020572923123836517,0.6735512614250183,0.7234416007995605,-0.006954815238714218,0.6454731225967407,0.6436100602149963,-0.010428289882838726,0.6262948513031006,0.6192793846130371,-0.008714084513485432,0.6106804609298706,0.6084612011909485,-0.007474641781300306,0.6730753183364868,0.7288385033607483,0.001419717911630869,0.6510002017021179,0.6649802923202515,-0.002574037993326783,0.6355324983596802,0.6448249816894531,-0.0009571998962201178,0.6236029863357544,0.6351844668388367,0.0014443257823586464,Food
0.6399473547935486,0.8198756575584412,-3.5644532658807293e-07,0.619274377822876,0.7515832185745239,-0.019742831587791443,0.6170976758003235,0.6695281863212585,-0.028726397082209587,0.6191614270210266,0.6021734476089478,-0.03275003656744957,0.6137183904647827,0.5529376864433289,-0.03510340303182602,0.6887996196746826,0.6810920834541321,-0.02604014240205288,0.6669676899909973,0.5973278880119324,-0.035845715552568436,0.644021213054657,0.5583904981613159,-0.0432250089943409,0.6239916086196899,0.5303443074226379,-0.0464431494474411,0.7079215049743652,0.6898695826530457,-0.016014348715543747,0.6821481585502625,0.6025377511978149,-0.022156255319714546,0.6562629342079163,0.5735201835632324,-0.02419867552816868,0.6337230205535889,0.5580682754516602,-0.02511904202401638,0.7146102786064148,0.6964297890663147,-0.006184352096170187,0.6871680617332458,0.6206841468811035,-0.011188628152012825,0.6660069823265076,0.6011383533477783,-0.010124731808900833,0.6486305594444275,0.5919920802116394,-0.008390409871935844,0.7121245265007019,0.7013125419616699,0.0024420544505119324,0.6922525763511658,0.6407245993614197,-0.001632807427085936,0.6753347516059875,0.6235679388046265,0.0006399559788405895,0.6610682606697083,0.6146803498268127,0.004265376832336187,Food
0.6584492921829224,0.7301144599914551,-2.82833326537002e-07,0.626290500164032,0.6726029515266418,-0.021494023501873016,0.6157572269439697,0.5957657098770142,-0.029589863494038582,0.6110119223594666,0.5332916975021362,-0.031945209950208664,0.6008866429328918,0.4869369864463806,-0.03326193243265152,0.6801021099090576,0.5593442320823669,-0.023700160905718803,0.6492269039154053,0.5016857385635376,-0.0255842637270689,0.6233922243118286,0.48060429096221924,-0.027603300288319588,0.6027963757514954,0.46512696146965027,-0.02830819971859455,0.7035534977912903,0.5689877271652222,-0.010886264964938164,0.6718919277191162,0.509036660194397,-0.009961689822375774,0.6446401476860046,0.49695515632629395,-0.00985934678465128,0.6221339702606201,0.49427518248558044,-0.010606853291392326,0.713857114315033,0.5836270451545715,0.002133195521309972,0.6846199035644531,0.5315184593200684,0.002479004906490445,0.6626076698303223,0.5245737433433533,0.003988878335803747,0.6458480954170227,0.5261873602867126,0.004629514180123806,0.7169010043144226,0.597051739692688,0.013966405764222145,0.6935228109359741,0.5514034032821655,0.0132345762103796,0.6758946180343628,0.5453546643257141,0.016258953139185905,0.6620858907699585,0.5469900965690613,0.019424809142947197,Food
0.4791490137577057,0.7353447675704956,-3.032683792980606e-08,0.45929858088493347,0.6731993556022644,0.005244043655693531,0.4635065495967865,0.6187393069267273,0.006516685709357262,0.4822216331958771,0.5882881879806519,0.0069782487116754055,0.4968918561935425,0.579828679561615,0.007200497202575207,0.47737962007522583,0.5885961055755615,-0.0013535259058699012,0.4854608476161957,0.5234388709068298,-0.001239931327290833,0.4905962646007538,0.4954167604446411,0.0007542010280303657,0.4923167824745178,0.4773181080818176,0.0030936466064304113,0.5002562999725342,0.5992268919944763,-0.00433640880510211,0.5064497590065002,0.5336236357688904,-0.0011594173265621066,0.5030376315116882,0.5103552341461182,0.0027350452728569508,0.4977952241897583,0.4971982538700104,0.0058784401044249535,0.519017219543457,0.6150028705596924,-0.006192556116729975,0.519485354423523,0.5617756247520447,-0.0024062443990260363,0.5113791227340698,0.554561197757721,0.0024271919392049313,0.5044595003128052,0.5553364157676697,0.005738095846027136,0.5314787030220032,0.6334596872329712,-0.007619416806846857,0.5236729383468628,0.5948403477668762,-0.0024356532376259565,0.5138298273086548,0.5904800891876221,0.004312819801270962,0.5071308016777039,0.5936231017112732,0.009790223091840744,Food
0.41179654002189636,0.7454169988632202,2.1230259505955473e-07,0.4068218767642975,0.6908800601959229,0.0047853984870016575,0.41078996658325195,0.6343269348144531,0.0025299994740635157,0.4313053488731384,0.597870945930481,-0.0013696517562493682,0.4512141942977905,0.5809809565544128,-0.004577735438942909,0.39079371094703674,0.6056559085845947,-0.00013705974561162293,0.4230899214744568,0.5605074167251587,-0.004817967303097248,0.44406163692474365,0.5513273477554321,-0.008543511852622032,0.4583534598350525,0.5495359897613525,-0.010955930687487125,0.40164560079574585,0.6167306303977966,-0.006468170788139105,0.43373537063598633,0.5665533542633057,-0.009060059674084187,0.45322149991989136,0.553165078163147,-0.011101172305643559,0.4676617681980133,0.5486045479774475,-0.012958958745002747,0.41670387983322144,0.632587730884552,-0.012466663494706154,0.44623899459838867,0.5823850631713867,-0.012913638725876808,0.46234843134880066,0.5639190673828125,-0.012433507479727268,0.4735011160373688,0.5527340173721313,-0.012909473851323128,0.43620774149894714,0.6503589153289795,-0.018347544595599174,0.4572345018386841,0.6053662300109863,-0.0156784076243639,0.4659658968448639,0.5860062837600708,-0.012116113677620888,0.4727669358253479,0.5698144435882568,-0.010099628940224648,Food
0.39230602979660034,0.7064887881278992,1.921907681889934e-07,0.4218188524246216,0.6607576608657837,0.0017245453782379627,0.4342687129974365,0.6187676191329956,-2.0661023881984875e-05,0.44820719957351685,0.5921180248260498,-0.003809011774137616,0.46120813488960266,0.5731210708618164,-0.006479382514953613,0.3865243196487427,0.5646121501922607,0.007497111801058054,0.42361801862716675,0.5439987778663635,0.0005453728954307735,0.44755789637565613,0.5453181266784668,-0.007706628646701574,0.46649137139320374,0.5487484335899353,-0.01370044145733118,0.3860463798046112,0.5674499273300171,0.0016340455040335655,0.42847710847854614,0.5448570251464844,-0.0066070170141756535,0.45290064811706543,0.5479206442832947,-0.013637106865644455,0.4726963937282562,0.5533905029296875,-0.01737714745104313,0.3925946056842804,0.5791041254997253,-0.004981977865099907,0.4325813949108124,0.5580176711082458,-0.011873791925609112,0.4565061628818512,0.5566243529319763,-0.015676718205213547,0.4746077060699463,0.5570583939552307,-0.01689118891954422,0.4046253263950348,0.5942827463150024,-0.011977145448327065,0.43688470125198364,0.5790263414382935,-0.015697401016950607,0.4538416862487793,0.5763335227966309,-0.01620119996368885,0.467186838388443,0.5744066834449768,-0.01550620049238205,Food
0.3931907117366791,0.6673760414123535,1.96811043906564e-07,0.4250316619873047,0.6290772557258606,0.002202795585617423,0.44047513604164124,0.5896559357643127,0.0007322226883843541,0.4572581648826599,0.5678364634513855,-0.0030561687890440226,0.4713715612888336,0.5519129633903503,-0.005664267111569643,0.3973895013332367,0.5261799693107605,0.009131981991231441,0.43532100319862366,0.516864001750946,0.0012808475876227021,0.45820605754852295,0.5226038098335266,-0.007559461984783411,0.4777197539806366,0.5304544568061829,-0.01407596841454506,0.39424601197242737,0.5275896191596985,0.0024116213899105787,0.438222736120224,0.5151422023773193,-0.007757383864372969,0.4619968831539154,0.5248026251792908,-0.015412364155054092,0.48217183351516724,0.5364382266998291,-0.01925024576485157,0.39739733934402466,0.5389766693115234,-0.005314894951879978,0.43995875120162964,0.5270978212356567,-0.01451748888939619,0.4644213914871216,0.5327169299125671,-0.01881512627005577,0.4833337664604187,0.5391049981117249,-0.01992475427687168,0.4061615467071533,0.5560647249221802,-0.01339976117014885,0.44107916951179504,0.5491452813148499,-0.019652165472507477,0.45937380194664,0.5520229935646057,-0.021394120529294014,0.4740636646747589,0.5541695952415466,-0.02125551551580429,Food
0.3936857581138611,0.6397870779037476,2.1158021468181687e-07,0.42574092745780945,0.6065258979797363,0.0010583437979221344,0.4427601993083954,0.569288432598114,-0.0008965081651695073,0.4593573212623596,0.5505616068840027,-0.004700194112956524,0.47393444180488586,0.5367575287818909,-0.007361770141869783,0.40262722969055176,0.49878329038619995,0.008011055178940296,0.43990805745124817,0.49895569682121277,-0.0003859210992231965,0.46269872784614563,0.5071025490760803,-0.009867969900369644,0.4824310541152954,0.517063319683075,-0.016761697828769684,0.3983727693557739,0.49792444705963135,0.001907617668621242,0.4420466125011444,0.4970035254955292,-0.008240370079874992,0.4661022424697876,0.5093483924865723,-0.016074150800704956,0.4866826832294464,0.5224392414093018,-0.020157216116786003,0.3997332751750946,0.5081700682640076,-0.005238278303295374,0.44264358282089233,0.5071271657943726,-0.014478841796517372,0.46701115369796753,0.5159540176391602,-0.01847684755921364,0.48585373163223267,0.5233904719352722,-0.019452078267931938,0.4062149226665497,0.5250815749168396,-0.012884272262454033,0.4410930275917053,0.5270847082138062,-0.01912142150104046,0.45883557200431824,0.5329564809799194,-0.02036556787788868,0.4728178381919861,0.5356069803237915,-0.019829822704195976,Food
0.41454195976257324,0.6751301288604736,1.7267251450903132e-07,0.4179876148700714,0.6230742931365967,0.006871993187814951,0.42967358231544495,0.5714412927627563,0.006134354509413242,0.452060729265213,0.5458031296730042,0.002846613060683012,0.47261303663253784,0.5383529663085938,0.0002919573162216693,0.4040094017982483,0.5302749872207642,0.007783241104334593,0.44219520688056946,0.5073058605194092,0.0037864274345338345,0.46441128849983215,0.5095400214195251,-0.0008181387092918158,0.48102715611457825,0.5149383544921875,-0.004152766428887844,0.41159459948539734,0.5369298458099365,0.00021122058387845755,0.45080792903900146,0.5088416337966919,-0.0025185500271618366,0.471338152885437,0.509853184223175,-0.0055789160542190075,0.4884880781173706,0.515007495880127,-0.007629357744008303,0.4232056438922882,0.5509952306747437,-0.007402186281979084,0.4607710540294647,0.5232219696044922,-0.008164336904883385,0.4806821346282959,0.5186590552330017,-0.009219112806022167,0.495707243680954,0.5166710019111633,-0.010151705704629421,0.439046710729599,0.5701190233230591,-0.014965889975428581,0.4681541323661804,0.5459322333335876,-0.012093904428184032,0.4819507300853729,0.5382306575775146,-0.009524784982204437,0.492443323135376,0.5315800309181213,-0.008113435469567776,Food
0.4376388490200043,0.7192171216011047,1.8275298430125986e-07,0.4294634163379669,0.6585732102394104,0.005377697758376598,0.4351603090763092,0.5989804863929749,0.0036384277045726776,0.4583422839641571,0.5639976263046265,-0.00020022083481308073,0.48057103157043457,0.549477219581604,-0.00337642477825284,0.4191170036792755,0.5736432075500488,0.004036397207528353,0.44859734177589417,0.5256330966949463,0.0008581660804338753,0.46842819452285767,0.5149012207984924,-0.0022330947685986757,0.4821688234806061,0.5115799903869629,-0.004406473599374294,0.43276962637901306,0.5834543704986572,-0.0027344352565705776,0.46126317977905273,0.532195508480072,-0.003108820877969265,0.4786601960659027,0.5190866589546204,-0.0047934213653206825,0.4911285936832428,0.5134081244468689,-0.006543328985571861,0.44978898763656616,0.5983874797821045,-0.009240437299013138,0.47374188899993896,0.5483132600784302,-0.007358992006629705,0.4870423376560211,0.5305895209312439,-0.00520267803221941,0.4958638846874237,0.5192763805389404,-0.004808638244867325,0.4699777662754059,0.6162042617797852,-0.015819936990737915,0.4853661060333252,0.5702716708183289,-0.011285649612545967,0.4920768439769745,0.5486379861831665,-0.005750476382672787,0.4975835978984833,0.5304831862449646,-0.0023732183035463095,Food
0.5095306634902954,0.7229683995246887,-1.8022498693426314e-07,0.4838210642337799,0.6694008111953735,0.006398684810847044,0.4824247658252716,0.6176869869232178,0.00887563917785883,0.4941658675670624,0.5846079587936401,0.010169015266001225,0.5029160380363464,0.5687747001647949,0.011631867848336697,0.5124608874320984,0.553428053855896,0.0036786978598684072,0.5188468098640442,0.5026068091392517,0.005652564112097025,0.5186875462532043,0.49641650915145874,0.007783278822898865,0.515516459941864,0.5006824135780334,0.00968950241804123,0.5355161428451538,0.5666010975837708,-2.4027120161917992e-05,0.5403377413749695,0.5245407819747925,0.005258843302726746,0.5321570634841919,0.534684419631958,0.008886887691915035,0.524366021156311,0.5526335835456848,0.011186772957444191,0.5526375770568848,0.5901622176170349,-0.0028003109619021416,0.5491852760314941,0.5590876936912537,0.0022629976738244295,0.5404059886932373,0.5697934031486511,0.005372502375394106,0.5346128344535828,0.5859239101409912,0.00651840353384614,0.5627782344818115,0.6169322729110718,-0.005074206739664078,0.5570751428604126,0.5906163454055786,0.0008586370386183262,0.5482891798019409,0.5982033610343933,0.006647982634603977,0.542227029800415,0.6131462454795837,0.010883525013923645,Food
0.5689611434936523,0.6962504386901855,-1.8209279062375572e-07,0.5392702221870422,0.6378687024116516,0.005518424790352583,0.536385715007782,0.5754168629646301,0.012521268799901009,0.5487027168273926,0.5376728177070618,0.0201944038271904,0.5570573210716248,0.5188755989074707,0.02860361523926258,0.573160707950592,0.5278716087341309,0.006951570976525545,0.5625266432762146,0.47446608543395996,0.017457183450460434,0.5522372126579285,0.4664723575115204,0.025251125916838646,0.5464361906051636,0.46592292189598083,0.03062213584780693,0.597328782081604,0.5402578711509705,0.009950832463800907,0.584675133228302,0.48961228132247925,0.022224586457014084,0.5708349943161011,0.4937325716018677,0.031144345179200172,0.5626298189163208,0.5084512233734131,0.03724847733974457,0.6114994287490845,0.5623761415481567,0.014271167106926441,0.59821617603302,0.5199818015098572,0.025446174666285515,0.5842496752738953,0.5206997990608215,0.03224516659975052,0.5766396522521973,0.5333054065704346,0.03597819805145264,0.6185688376426697,0.5861784815788269,0.01927448809146881,0.6070425510406494,0.5524698495864868,0.03036458045244217,0.5954910516738892,0.5525810122489929,0.038045771420001984,0.5890412926673889,0.5663530230522156,0.04342789575457573,Food
0.6216632723808289,0.6242363452911377,-2.5765928057808196e-07,0.5899900197982788,0.5843771696090698,-0.008653406985104084,0.5770182013511658,0.5201679468154907,-0.00743607385084033,0.5688945055007935,0.4755195081233978,-0.0027187650557607412,0.5575693845748901,0.45030921697616577,0.0023526360746473074,0.6223959922790527,0.4648558795452118,-0.005581566598266363,0.590789794921875,0.4415636956691742,0.0026856642216444016,0.5700718760490417,0.44198739528656006,0.006628833245486021,0.556512176990509,0.44424182176589966,0.00879646372050047,0.6417829990386963,0.471963107585907,0.0028232240583747625,0.60945725440979,0.4536655843257904,0.013259442523121834,0.5880347490310669,0.46001866459846497,0.01535701658576727,0.5727619528770447,0.4702353775501251,0.014943665824830532,0.6510784029960632,0.48987194895744324,0.012268947437405586,0.623026430606842,0.4720765948295593,0.019984189420938492,0.6063058972358704,0.47786882519721985,0.019563103094697,0.595774233341217,0.48916149139404297,0.017555201426148415,0.6547763347625732,0.5065563321113586,0.02155362442135811,0.6330015659332275,0.49001288414001465,0.026555156335234642,0.6202822327613831,0.49516746401786804,0.02893499843776226,0.6114745736122131,0.5066335201263428,0.030476577579975128,Food
0.6328645348548889,0.5657949447631836,-2.9009089530518395e-07,0.6003804802894592,0.5346616506576538,-0.012783234007656574,0.5823591947555542,0.4766119718551636,-0.012875411659479141,0.570141613483429,0.4372481107711792,-0.008544906973838806,0.5570416450500488,0.4137263298034668,-0.003848522901535034,0.626153826713562,0.411927729845047,-0.008869190700352192,0.5915095210075378,0.40725821256637573,-0.0021477348636835814,0.5692685842514038,0.41356462240219116,8.900976536097005e-05,0.5540242791175842,0.4184766113758087,0.001303493743762374,0.6446890830993652,0.4171995520591736,0.0012455659452825785,0.6098166704177856,0.4188549220561981,0.010808820836246014,0.5871533751487732,0.4324907660484314,0.011431352235376835,0.571412980556488,0.4473600685596466,0.010126163251698017,0.6538819074630737,0.4345366656780243,0.01213625818490982,0.6220101118087769,0.4335511326789856,0.018736567348241806,0.6039832830429077,0.4440297484397888,0.017299078404903412,0.5929422974586487,0.45762133598327637,0.01510810386389494,0.6581870913505554,0.4521793723106384,0.022550130262970924,0.6328715682029724,0.44670096039772034,0.02649076096713543,0.6196463108062744,0.45495328307151794,0.028714504092931747,0.6105771064758301,0.46948856115341187,0.03063739836215973,Food
0.6473141312599182,0.6707329154014587,-2.25985914426019e-07,0.6560686230659485,0.5828935503959656,0.018696565181016922,0.6436598896980286,0.5135622620582581,0.022652603685855865,0.6199886202812195,0.4817954897880554,0.022410795092582703,0.5941956639289856,0.47815075516700745,0.02052210457623005,0.6545599102973938,0.45847177505493164,0.009119824506342411,0.6056914925575256,0.4263495206832886,0.00981751549988985,0.5821633338928223,0.4352746903896332,0.010332155972719193,0.5702217817306519,0.44199877977371216,0.010235670022666454,0.6351402997970581,0.4667836129665375,-0.002668171189725399,0.5872092247009277,0.4249301552772522,0.0003298339725006372,0.5680729746818542,0.4388824701309204,0.002855028258636594,0.5603534579277039,0.45205140113830566,0.003328830236569047,0.6136463284492493,0.48984387516975403,-0.012284100987017155,0.5690321326255798,0.4503512978553772,-0.007853110320866108,0.5534520745277405,0.45934274792671204,-0.0036456275265663862,0.5483788251876831,0.4663001298904419,-0.0029848215635865927,0.591079831123352,0.5233945846557617,-0.020411133766174316,0.5589852929115295,0.48646408319473267,-0.016789784654974937,0.5490959286689758,0.48515304923057556,-0.011243980377912521,0.5451923608779907,0.4855085015296936,-0.007694100961089134,Food
0.6878396272659302,0.5795056223869324,-2.348709102761859e-07,0.68700110912323,0.5013014078140259,0.017319276928901672,0.6715224385261536,0.4424688220024109,0.020233985036611557,0.6461603045463562,0.41820764541625977,0.018942156806588173,0.6207454800605774,0.4182509481906891,0.016241757199168205,0.6783234477043152,0.3908126652240753,0.010517251677811146,0.6289716362953186,0.38314247131347656,0.010297177359461784,0.604211688041687,0.3967292010784149,0.009696031920611858,0.5904232263565063,0.4047924876213074,0.008946020156145096,0.6638414263725281,0.4002080261707306,-0.0006989997928030789,0.6155831813812256,0.38238897919654846,0.00151228962931782,0.5938137173652649,0.40083688497543335,0.0025733704678714275,0.5819077491760254,0.41671356558799744,0.0020978543907403946,0.6476072669029236,0.4221285581588745,-0.01012953370809555,0.6033427119255066,0.40711888670921326,-0.006729662884026766,0.5831345319747925,0.4208003282546997,-0.004628665279597044,0.5717413425445557,0.4310142397880554,-0.005299967713654041,0.6297928690910339,0.45482194423675537,-0.018206074833869934,0.5950517058372498,0.4454980194568634,-0.015730032697319984,0.5808985233306885,0.4496749937534332,-0.01273819524794817,0.5709521174430847,0.4521695673465729,-0.0110056446865201,Food
0.7120378613471985,0.5306445360183716,-3.4474930998840136e-07,0.6705842018127441,0.5081378221511841,0.006879020016640425,0.645321786403656,0.4703475832939148,0.004993046633899212,0.6201062202453613,0.4496780335903168,0.00022484651708509773,0.598034143447876,0.43976980447769165,-0.005122899543493986,0.6893079280853271,0.36643707752227783,0.0062168063595891,0.6366522312164307,0.37325796484947205,-0.0007246931199915707,0.6088071465492249,0.3951602578163147,-0.010149952955543995,0.5910608768463135,0.4123446047306061,-0.01684105582535267,0.6877993941307068,0.3680565059185028,-0.0017891505267471075,0.632973313331604,0.36682194471359253,-0.004890447482466698,0.6062296032905579,0.38865792751312256,-0.01137753576040268,0.5868172645568848,0.40903016924858093,-0.01791113056242466,0.6814405918121338,0.3829001784324646,-0.009683913551270962,0.6292712092399597,0.3815727233886719,-0.01295001246035099,0.6033787131309509,0.40001341700553894,-0.017276449128985405,0.5840808153152466,0.4167625904083252,-0.021930595859885216,0.6691651940345764,0.40820232033729553,-0.017181744799017906,0.628454864025116,0.4084586501121521,-0.020079564303159714,0.6072877049446106,0.42029711604118347,-0.021825743839144707,0.5900795459747314,0.43348702788352966,-0.023625096306204796,Food
0.6956474184989929,0.5147615671157837,-3.3373771657352336e-07,0.6563668251037598,0.49801722168922424,0.004298428073525429,0.6307636499404907,0.4637591540813446,0.0013148980215191841,0.6055788993835449,0.44703927636146545,-0.0038281730376183987,0.5841823816299438,0.4415072798728943,-0.009514565579593182,0.6718432307243347,0.3548981547355652,0.004031658172607422,0.6205510497093201,0.37017470598220825,-0.003956358414143324,0.5938994884490967,0.39462417364120483,-0.014440408907830715,0.5760475993156433,0.413644015789032,-0.02165994606912136,0.667773962020874,0.3549387753009796,-0.00279605807736516,0.615791916847229,0.3567248284816742,-0.006726010702550411,0.5907003879547119,0.3809964954853058,-0.013207802549004555,0.5721591711044312,0.4033803939819336,-0.019202210009098053,0.6599882245063782,0.36920419335365295,-0.009668631479144096,0.6111384034156799,0.3706994652748108,-0.013292960822582245,0.5873486399650574,0.39172422885894775,-0.0171644426882267,0.5696807503700256,0.40919801592826843,-0.021036766469478607,0.647616982460022,0.3954174518585205,-0.016444144770503044,0.6092411875724792,0.4002208709716797,-0.019312024116516113,0.5894339680671692,0.4146910607814789,-0.020679326727986336,0.5732961297035217,0.42787638306617737,-0.021877188235521317,Food
0.6508651375770569,0.5806561708450317,-1.9446382282239938e-07,0.6501750946044922,0.5041804313659668,0.012335414998233318,0.6302359104156494,0.4453340768814087,0.014142287895083427,0.6015529632568359,0.4294305741786957,0.013470659963786602,0.5781276226043701,0.43893927335739136,0.012140996754169464,0.6293615698814392,0.39035677909851074,0.004337168298661709,0.5834112167358398,0.39142876863479614,0.005267957225441933,0.5769999623298645,0.4188268482685089,0.006081791128963232,0.5811471343040466,0.43274956941604614,0.006026580464094877,0.6102645993232727,0.4055931866168976,-0.0038731233216822147,0.5682995319366455,0.4036838412284851,-0.0001826261286623776,0.5655273795127869,0.43363815546035767,0.0023392767179757357,0.5733307003974915,0.45021870732307434,0.0025131150614470243,0.592526912689209,0.4347147047519684,-0.010209565050899982,0.5572276711463928,0.4319627285003662,-0.006252003833651543,0.556205689907074,0.45793211460113525,-0.0025421949103474617,0.5634713172912598,0.4689671993255615,-0.0022079949267208576,0.5763571858406067,0.4722691774368286,-0.015495616011321545,0.5500375032424927,0.4649839401245117,-0.013154241256415844,0.550674319267273,0.48230502009391785,-0.008270887657999992,0.5548577308654785,0.49196216464042664,-0.00490043917670846,Food
0.5995160937309265,0.7447434663772583,-1.1973190439107384e-08,0.6076512932777405,0.6657595038414001,0.004595508798956871,0.5924392938613892,0.5975112915039062,0.006461252924054861,0.5671601295471191,0.5640526413917542,0.006936017423868179,0.5445771217346191,0.5578086376190186,0.008276729844510555,0.5767101049423218,0.5611095428466797,0.0032619594130665064,0.548420786857605,0.5032762885093689,-0.0005596973351202905,0.5468913912773132,0.5155041813850403,-0.002635728567838669,0.5523406863212585,0.5356990098953247,-0.002418849617242813,0.5553940534591675,0.5812175869941711,0.0003833309456240386,0.5342263579368591,0.5225756764411926,0.0005643601762130857,0.5394231081008911,0.533058762550354,0.0018279249779880047,0.5476119518280029,0.5539485216140747,0.00310969864949584,0.5384332537651062,0.610390841960907,-0.002071613213047385,0.5250242948532104,0.5599651336669922,-3.9180604289867915e-06,0.5329332947731018,0.5705847144126892,0.004745266865938902,0.5408737659454346,0.5901608467102051,0.007490122690796852,0.5258036851882935,0.6423815488815308,-0.004191907588392496,0.5212916135787964,0.5997123718261719,-6.631207361351699e-05,0.5294146537780762,0.6060360670089722,0.00710731465369463,0.5354282855987549,0.6211231350898743,0.012531428597867489,Food
0.5676448941230774,0.8400274515151978,3.845095974952528e-08,0.5884595513343811,0.7623984217643738,0.005834813229739666,0.5877426266670227,0.6989260911941528,0.008054295554757118,0.570031464099884,0.670774519443512,0.009880578145384789,0.554555356502533,0.6690688729286194,0.01327156275510788,0.5417689681053162,0.6629323959350586,-0.002092904644086957,0.5352233052253723,0.5787222981452942,-0.0046103233471512794,0.5512348413467407,0.5886892080307007,-0.004267100710421801,0.5609256029129028,0.6138317584991455,-0.001706091221421957,0.5142267942428589,0.6841663718223572,-0.004936614539474249,0.5073381662368774,0.589509904384613,-0.0030183906201273203,0.5243520736694336,0.5921651721000671,0.001476164674386382,0.5340462327003479,0.6150524616241455,0.0051736654713749886,0.49863922595977783,0.7109359502792358,-0.0066245985217392445,0.49677667021751404,0.6330043077468872,-0.0012164467480033636,0.5120339393615723,0.6333168745040894,0.005640264134854078,0.520382821559906,0.6514376401901245,0.009392711333930492,0.49240607023239136,0.7370801568031311,-0.007794355973601341,0.49187570810317993,0.6742720007896423,0.000818606757093221,0.5035129189491272,0.6709028482437134,0.011173679493367672,0.5105169415473938,0.6835697293281555,0.018352380022406578,Food
0.6453726291656494,0.6750901937484741,-1.4608539800065046e-07,0.6492609977722168,0.5870981812477112,0.013379115611314774,0.6291590929031372,0.5183509588241577,0.01648886874318123,0.6035985350608826,0.49597057700157166,0.016235051676630974,0.5800795555114746,0.49961090087890625,0.01501699723303318,0.6267158389091492,0.46433454751968384,0.008444488979876041,0.585164487361908,0.43622907996177673,0.005129201337695122,0.5737399458885193,0.4529041647911072,0.0026403916999697685,0.574958324432373,0.467136025428772,0.0012393621727824211,0.602728009223938,0.4820863902568817,-0.0008889535092748702,0.5614506006240845,0.4442909359931946,-0.001060651382431388,0.5579965114593506,0.4718818664550781,0.0009251793380826712,0.5666233897209167,0.4942260682582855,0.0026207189075648785,0.5812328457832336,0.5124049782752991,-0.009000161662697792,0.5472323298454285,0.4855102598667145,-0.0066529251635074615,0.5514652729034424,0.512428879737854,-0.0012339171953499317,0.5627843141555786,0.5287800431251526,0.0011968828039243817,0.5631198883056641,0.550159215927124,-0.01630364917218685,0.543765127658844,0.5385814905166626,-0.013760636560618877,0.5518325567245483,0.5597016215324402,-0.007145699579268694,0.5617800951004028,0.5728611350059509,-0.0021395490039139986,Food
0.6869823932647705,0.5035086870193481,-2.522786815006839e-07,0.6774106025695801,0.42840227484703064,0.01813616044819355,0.6547056436538696,0.37805598974227905,0.022121304646134377,0.6275536417961121,0.3654276728630066,0.021749958395957947,0.6040943264961243,0.3778233528137207,0.01995840109884739,0.6524772644042969,0.3214121162891388,0.011464518494904041,0.6053069829940796,0.33728188276290894,0.013204498216509819,0.5896885991096497,0.3671434223651886,0.013984935358166695,0.5845744013786316,0.38534194231033325,0.01395183801651001,0.6382483243942261,0.3370068371295929,0.0006093113915994763,0.5916714668273926,0.34694337844848633,0.004987967666238546,0.5774140357971191,0.37785449624061584,0.007121906615793705,0.5735024213790894,0.4003419876098633,0.006901500280946493,0.624864935874939,0.36728188395500183,-0.008316531777381897,0.5811414122581482,0.3752601146697998,-0.004033950157463551,0.5664865374565125,0.4008835256099701,-0.0021453294903039932,0.5611348748207092,0.4163483679294586,-0.003265149425715208,0.6117983460426331,0.40884929895401,-0.01567935012280941,0.5772017240524292,0.4159390926361084,-0.013058386743068695,0.56610107421875,0.42898789048194885,-0.010275480337440968,0.5600545406341553,0.4368889033794403,-0.008871681056916714,Food
0.6949220895767212,0.44048601388931274,-2.952946829282155e-07,0.6601840853691101,0.4226020574569702,0.009775858372449875,0.627287745475769,0.4003947675228119,0.009100684896111488,0.5957304835319519,0.40524032711982727,0.00543456245213747,0.5716513395309448,0.41746973991394043,0.0012901282170787454,0.6467093825340271,0.2818605303764343,0.009977857582271099,0.6013447642326355,0.3164759576320648,0.006603131536394358,0.5800011157989502,0.352345734834671,-0.0007860976038500667,0.5669742226600647,0.37840789556503296,-0.006543537601828575,0.6392024159431458,0.2924293279647827,0.0019534032326191664,0.5945846438407898,0.3209693133831024,0.0024121447931975126,0.5753968358039856,0.3552376329898834,-0.0022268015891313553,0.561641275882721,0.3849095106124878,-0.007710678037256002,0.6313195824623108,0.3171825706958771,-0.005413951817899942,0.5882048606872559,0.34521999955177307,-0.0046715824864804745,0.5709488987922668,0.37608709931373596,-0.007132595404982567,0.5575792193412781,0.40008828043937683,-0.011165390722453594,0.6221252083778381,0.3535027801990509,-0.012189468368887901,0.5884693264961243,0.37769070267677307,-0.011944538913667202,0.5745815634727478,0.4004182815551758,-0.011992244981229305,0.5635530948638916,0.41918981075286865,-0.012821214273571968,Food
0.6840460896492004,0.47510600090026855,-2.577718589691358e-07,0.6680068373680115,0.4109331965446472,0.013747701421380043,0.6429647207260132,0.3667951226234436,0.014295708388090134,0.6142334938049316,0.359806627035141,0.011518912389874458,0.5908446311950684,0.37790414690971375,0.007175816223025322,0.6372273564338684,0.31021544337272644,0.003912878222763538,0.5913590788841248,0.3413591682910919,-0.00013865812798030674,0.5714991092681885,0.3732524812221527,-0.0037759062834084034,0.5605090856552124,0.3940199315547943,-0.006518274080008268,0.6273759007453918,0.32955673336982727,-0.0065923728980124,0.5792851448059082,0.3519838750362396,-0.008246641606092453,0.5629303455352783,0.38491323590278625,-0.008785231038928032,0.5535599589347839,0.41163715720176697,-0.010467450134456158,0.618604302406311,0.3623064160346985,-0.015589023940265179,0.5738219618797302,0.381287157535553,-0.016623403877019882,0.557339608669281,0.40907081961631775,-0.015909776091575623,0.5467913150787354,0.42907974123954773,-0.017006514593958855,0.6111437678337097,0.40594545006752014,-0.023312127217650414,0.5778889060020447,0.42140790820121765,-0.025098631158471107,0.5635793805122375,0.4359419643878937,-0.024277467280626297,0.551440954208374,0.44683611392974854,-0.02392219379544258,Food
0.6409470438957214,0.5916044116020203,-1.4904462375397998e-07,0.6368541717529297,0.5127048492431641,0.011874774470925331,0.6089800596237183,0.4599002003669739,0.01623869314789772,0.5782358646392822,0.45737749338150024,0.018337007611989975,0.5554078817367554,0.47474852204322815,0.019497038796544075,0.6032729744911194,0.4010482132434845,0.011857201345264912,0.5664685964584351,0.4122703969478607,0.014674756675958633,0.5651516318321228,0.44320613145828247,0.013940290547907352,0.5725393295288086,0.4592705965042114,0.0126188350841403,0.579918384552002,0.42585399746894836,0.005493628326803446,0.5461022853851318,0.4259260892868042,0.011856584809720516,0.5526056885719299,0.4572069048881531,0.013790024444460869,0.5656641721725464,0.47390517592430115,0.014029914513230324,0.5625659823417664,0.46371498703956604,0.000709442188963294,0.5359079241752625,0.4642474949359894,0.006766743026673794,0.5467863082885742,0.4889756441116333,0.010156321339309216,0.5599866509437561,0.4998864531517029,0.010549440048635006,0.5496933460235596,0.5062313079833984,-0.003106649499386549,0.533616304397583,0.4992377460002899,0.0014602644369006157,0.5449352860450745,0.5180337429046631,0.0077857584692537785,0.5556759238243103,0.5301506519317627,0.012303092516958714,Food
0.4627646207809448,0.7620943784713745,5.5543385002465584e-08,0.4895411431789398,0.6805890202522278,0.006301557645201683,0.4882189929485321,0.6132912635803223,0.01378799881786108,0.48413988947868347,0.5765424370765686,0.020798295736312866,0.4890628755092621,0.5576419234275818,0.028603317216038704,0.41947969794273376,0.5712876319885254,0.018744252622127533,0.4563795328140259,0.5363149046897888,0.024718187749385834,0.4789464473724365,0.5303245186805725,0.022490620613098145,0.4946995973587036,0.5322771668434143,0.01986437477171421,0.4031907320022583,0.588610053062439,0.017608191817998886,0.44363635778427124,0.5493921041488647,0.025944286957383156,0.4672650992870331,0.5516312122344971,0.022566430270671844,0.48262542486190796,0.5619033575057983,0.018794676288962364,0.40100210905075073,0.6107742190361023,0.017117274925112724,0.4350963234901428,0.5683048963546753,0.02170657366514206,0.45785269141197205,0.5650533437728882,0.016374535858631134,0.47511377930641174,0.5732938647270203,0.012396877631545067,0.40718182921409607,0.6286815404891968,0.01724262535572052,0.43580153584480286,0.5868763327598572,0.019886041060090065,0.45569220185279846,0.5772472023963928,0.01888793148100376,0.47112908959388733,0.5786392092704773,0.018819088116288185,Food
0.4065116047859192,0.7435904145240784,1.2163725671143766e-07,0.4408704340457916,0.6888799667358398,-0.010960747487843037,0.4539441466331482,0.6206063032150269,-0.009853657335042953,0.46071377396583557,0.5779268145561218,-0.00413533765822649,0.472258985042572,0.5585036873817444,0.002336155856028199,0.38706910610198975,0.5626716017723083,-0.008078983053565025,0.4315809905529022,0.5318716168403625,-0.005108217243105173,0.45906656980514526,0.5336338877677917,-0.006044961046427488,0.4778144657611847,0.5403019189834595,-0.006847608368843794,0.3676380515098572,0.5813989639282227,0.0013940477510914207,0.4145665764808655,0.5585935711860657,0.006667156238108873,0.4418403208255768,0.5721760392189026,0.005204835440963507,0.4586973190307617,0.5918325781822205,0.0034350852947682142,0.36151549220085144,0.6084734201431274,0.011571968905627728,0.4006282091140747,0.5854610204696655,0.013673744164407253,0.424823135137558,0.5927915573120117,0.008826076053082943,0.4415026903152466,0.6121232509613037,0.005925889126956463,0.3615453541278839,0.6334296464920044,0.021588534116744995,0.3880729079246521,0.6118057370185852,0.019917987287044525,0.4049251079559326,0.6175410151481628,0.01708236336708069,0.41670891642570496,0.6336145997047424,0.016914932057261467,Food
0.37585708498954773,0.7035670280456543,1.7725459144912747e-07,0.41159218549728394,0.6473514437675476,-0.012175662443041801,0.42695337533950806,0.5762841105461121,-0.009302510879933834,0.43641069531440735,0.5369191765785217,-0.0019141347147524357,0.4518252909183502,0.5167127847671509,0.0060656084679067135,0.36226686835289,0.5110475420951843,-0.0020586021710187197,0.40865662693977356,0.4978841245174408,0.0031032217666506767,0.4372072219848633,0.5017364621162415,0.0024264203384518623,0.4576970636844635,0.506730318069458,0.001088057179003954,0.34318482875823975,0.5336544513702393,0.007993732579052448,0.39165276288986206,0.5190078616142273,0.01513141579926014,0.42161741852760315,0.5299763679504395,0.013700416311621666,0.4429120421409607,0.5462005138397217,0.011295893229544163,0.3368312120437622,0.5673807859420776,0.017939424142241478,0.3783490061759949,0.549494743347168,0.02043490670621395,0.4060934782028198,0.553539514541626,0.014871377497911453,0.4268300235271454,0.5686564445495605,0.01118781790137291,0.3373413681983948,0.5989322066307068,0.02741241455078125,0.36731114983558655,0.5777575969696045,0.025497345253825188,0.386555552482605,0.5804493427276611,0.02149391919374466,0.40097710490226746,0.5919628739356995,0.01999860443174839,Food
0.36107325553894043,0.5882452130317688,1.138045035986579e-07,0.3995528519153595,0.5445588231086731,-0.011184455826878548,0.42045149207115173,0.48400408029556274,-0.010309474542737007,0.4320494532585144,0.45308297872543335,-0.0050969780422747135,0.4454837441444397,0.4442294239997864,0.000992878107354045,0.3609171211719513,0.40502139925956726,-0.007474541198462248,0.4069017469882965,0.4029412567615509,-0.007229049690067768,0.4345872104167938,0.41722363233566284,-0.010475880466401577,0.45479604601860046,0.43148118257522583,-0.012813824228942394,0.3416233956813812,0.4216235280036926,0.0008989337366074324,0.39143651723861694,0.41984862089157104,0.0037648596335202456,0.41960257291793823,0.43990302085876465,0.0015571522526443005,0.4386652112007141,0.4631144404411316,-0.0008483382407575846,0.3341868221759796,0.44918176531791687,0.009400058537721634,0.37851542234420776,0.4428066909313202,0.00869062077254057,0.405541330575943,0.4563893973827362,0.003915809560567141,0.42453446984291077,0.47730475664138794,0.0013939373893663287,0.333078533411026,0.4759780168533325,0.017572330310940742,0.365757554769516,0.463047593832016,0.014117125421762466,0.38448241353034973,0.47240975499153137,0.011090468615293503,0.39760223031044006,0.4875090718269348,0.010621904395520687,Food
0.3727662265300751,0.5159017443656921,1.1745890304837303e-07,0.4115327000617981,0.47319960594177246,-0.005241356324404478,0.43713825941085815,0.4249941110610962,-0.0031108995899558067,0.4526234269142151,0.40154367685317993,0.0017937025986611843,0.45910581946372986,0.3946229815483093,0.007499069441109896,0.38086995482444763,0.3344951272010803,0.0013935709139332175,0.42548730969429016,0.3497174084186554,0.0044973245821893215,0.45065099000930786,0.36930885910987854,0.0008444692357443273,0.4688322842121124,0.3849113881587982,-0.0019239913672208786,0.36023470759391785,0.3508584201335907,0.006918938830494881,0.4082725942134857,0.3634757399559021,0.013120189309120178,0.43561244010925293,0.38464048504829407,0.008776561357080936,0.45530539751052856,0.4100904166698456,0.004125129897147417,0.3498761057853699,0.38011232018470764,0.013240505941212177,0.39136576652526855,0.38473203778266907,0.017360176891088486,0.4176627993583679,0.39949262142181396,0.011549766175448895,0.4370335638523102,0.4238571524620056,0.007221361622214317,0.3459133803844452,0.40863150358200073,0.01948496140539646,0.37601223587989807,0.4046648144721985,0.02225593477487564,0.3932572603225708,0.41259559988975525,0.021376708522439003,0.406273752450943,0.42804035544395447,0.021357644349336624,Food
0.3908489942550659,0.5997778177261353,4.050842505876062e-08,0.4360251724720001,0.5460954904556274,-0.0025927110109478235,0.4547768831253052,0.48085978627204895,0.0040512229315936565,0.4604581296443939,0.4494420886039734,0.013668692670762539,0.46346962451934814,0.44668474793434143,0.023988232016563416,0.39077383279800415,0.39482244849205017,0.006213123444467783,0.4338988661766052,0.39990702271461487,0.010998409241437912,0.45862165093421936,0.4150833189487457,0.007573443930596113,0.47588497400283813,0.4285393953323364,0.004369877278804779,0.36729010939598083,0.4163834750652313,0.011777344159781933,0.416099488735199,0.41970717906951904,0.020274966955184937,0.444021075963974,0.4409446120262146,0.01613408699631691,0.46191081404685974,0.4656887650489807,0.011357086710631847,0.35669243335723877,0.4503454566001892,0.018239745870232582,0.3985392153263092,0.44793981313705444,0.023444216698408127,0.42691928148269653,0.46275168657302856,0.016730323433876038,0.4459799528121948,0.48718512058258057,0.011580627411603928,0.3534078001976013,0.48211973905563354,0.0250149667263031,0.3837294280529022,0.47300150990486145,0.027741173282265663,0.40202146768569946,0.48289501667022705,0.025389283895492554,0.414717435836792,0.49971094727516174,0.02407468669116497,Food
0.48110565543174744,0.7761956453323364,1.7319797507298063e-07,0.5080754160881042,0.6995640397071838,-0.007866740226745605,0.5035113096237183,0.6215721368789673,-0.005370008293539286,0.4916040003299713,0.5724639892578125,0.0008746767998673022,0.48861047625541687,0.5430917739868164,0.0085489796474576,0.43499791622161865,0.6050363779067993,-0.004514310043305159,0.45494046807289124,0.5431164503097534,-0.0006807322497479618,0.4749915897846222,0.5252162218093872,-2.868590127036441e-05,0.4912004768848419,0.5168443918228149,9.947452781489119e-06,0.4135645031929016,0.6270556449890137,0.0028621258679777384,0.4339279532432556,0.5619896054267883,0.007562355138361454,0.45716628432273865,0.5472801923751831,0.009482036344707012,0.47577914595603943,0.5457491278648376,0.010661202482879162,0.40685027837753296,0.6510239839553833,0.010653282515704632,0.4215620458126068,0.5905489325523376,0.014135951176285744,0.44112518429756165,0.5733693838119507,0.01471939217299223,0.45822879672050476,0.5698989033699036,0.015032339841127396,0.4097059965133667,0.6698184013366699,0.01802315190434456,0.4203805923461914,0.6187306046485901,0.020298758521676064,0.4347909688949585,0.599526047706604,0.022069983184337616,0.4482344686985016,0.5923356413841248,0.024336904287338257,Food
0.5732905864715576,0.8403952121734619,1.839643459788931e-07,0.5966882705688477,0.7676860690116882,0.0032650770153850317,0.5953528881072998,0.6976494789123535,0.008201551623642445,0.5808168053627014,0.6542211174964905,0.01361058745533228,0.5654090642929077,0.6423823237419128,0.02016012743115425,0.5422407984733582,0.65543133020401,0.0035909886937588453,0.5355229377746582,0.5814613699913025,0.008254670538008213,0.5427956581115723,0.5734134912490845,0.011271418072283268,0.550788402557373,0.5767191648483276,0.014135144650936127,0.5159936547279358,0.6808823943138123,0.0042258258908987045,0.5078292489051819,0.6045286655426025,0.011364026926457882,0.5175679922103882,0.5823547840118408,0.015605264343321323,0.5286582112312317,0.5786449909210205,0.018097570165991783,0.5013182759284973,0.7152709364891052,0.005784014239907265,0.5010495185852051,0.6474862098693848,0.013133108615875244,0.512709379196167,0.6336657404899597,0.01690693572163582,0.5225918292999268,0.6369976997375488,0.018365636467933655,0.4953189790248871,0.7459838390350342,0.007712049875408411,0.49675169587135315,0.6877144575119019,0.016511987894773483,0.5062862038612366,0.6745215654373169,0.024294687435030937,0.5151770710945129,0.6769258975982666,0.029624391347169876,Food
0.7518619894981384,0.43553513288497925,-4.052483006944385e-07,0.7100635170936584,0.4447195827960968,0.008465207181870937,0.6767982840538025,0.42987093329429626,0.006777831353247166,0.6449771523475647,0.43124693632125854,0.0014061988331377506,0.6190487146377563,0.43738511204719543,-0.005025904159992933,0.6922873854637146,0.2890609800815582,0.012026001699268818,0.6446112990379333,0.3429241478443146,0.0044825333170592785,0.6228145956993103,0.38676565885543823,-0.007317572366446257,0.6068198680877686,0.4188717007637024,-0.01536328624933958,0.6894793510437012,0.2853981852531433,0.0032338236924260855,0.6373891830444336,0.3300458490848541,-2.8655405913013965e-05,0.615994393825531,0.3767109513282776,-0.008961598388850689,0.5997433662414551,0.4168185591697693,-0.01693030260503292,0.6858627200126648,0.3004995584487915,-0.005332935601472855,0.6361323595046997,0.33697789907455444,-0.007893302477896214,0.6159659624099731,0.38076862692832947,-0.012915432453155518,0.6010261178016663,0.4160105884075165,-0.017777958884835243,0.6782869696617126,0.33124256134033203,-0.013441672548651695,0.6388281583786011,0.3610597252845764,-0.015067610889673233,0.6227096319198608,0.392063707113266,-0.0158663559705019,0.6106379628181458,0.42072680592536926,-0.016588138416409492,Food
0.719663143157959,0.4682539701461792,-3.370668650859443e-07,0.6847054362297058,0.46362781524658203,0.0056198155507445335,0.6537892818450928,0.44503268599510193,0.0030891282949596643,0.6222551465034485,0.4468478262424469,-0.0016123127425089478,0.5974085330963135,0.455896258354187,-0.006710568442940712,0.6739208698272705,0.3064027428627014,0.0059440298937261105,0.6252909302711487,0.34718647599220276,0.0009744296548888087,0.6030862331390381,0.3881411850452423,-0.007697779219597578,0.5903410315513611,0.4198472797870636,-0.014312761835753918,0.665286123752594,0.3115346133708954,-0.0004767999053001404,0.6174247860908508,0.3426719903945923,-0.001583583070896566,0.5986373424530029,0.382176011800766,-0.008253884501755238,0.5856814384460449,0.417747437953949,-0.015207961201667786,0.6568213105201721,0.3325158357620239,-0.0064199985936284065,0.6103137135505676,0.36358389258384705,-0.007714893203228712,0.5929532051086426,0.40166622400283813,-0.01272277720272541,0.5805012583732605,0.4318615198135376,-0.018328551203012466,0.6466796398162842,0.367108017206192,-0.011987050995230675,0.6113362908363342,0.3942500352859497,-0.014048466458916664,0.5965778827667236,0.42217642068862915,-0.016343219205737114,0.585308849811554,0.44640105962753296,-0.018607771024107933,Food
0.6064013838768005,0.7229009866714478,-5.060806174128629e-08,0.6225689649581909,0.6395997405052185,0.011131390929222107,0.606326699256897,0.5718708038330078,0.018221644684672356,0.5814998149871826,0.5447049736976624,0.02315565012395382,0.5610048174858093,0.5410021543502808,0.02804672345519066,0.5871267914772034,0.5203467607498169,0.014917518012225628,0.5642535090446472,0.48368170857429504,0.019045338034629822,0.5675095319747925,0.5047900676727295,0.02042994648218155,0.5762326121330261,0.5262043476104736,0.021792281419038773,0.5607965588569641,0.5452672839164734,0.010837775655090809,0.5428710579872131,0.501076877117157,0.019176360219717026,0.5508204102516174,0.519928514957428,0.02231549471616745,0.5613090991973877,0.5428431630134583,0.02384025789797306,0.5418979525566101,0.5814432501792908,0.007780683226883411,0.5322664380073547,0.5431232452392578,0.016510052606463432,0.5426931381225586,0.559065043926239,0.019512876868247986,0.5514485836029053,0.580237627029419,0.019779348745942116,0.5299378633499146,0.6200259327888489,0.005619828123599291,0.5281117558479309,0.5881181955337524,0.014088488183915615,0.5387341380119324,0.6003252863883972,0.020580945536494255,0.5463393926620483,0.6160822510719299,0.024776743724942207,Food
0.716539740562439,0.4985560476779938,-3.6260831848267117e-07,0.675414502620697,0.48953157663345337,0.007428247947245836,0.6445907950401306,0.4650995135307312,0.004996069706976414,0.612425684928894,0.4595242440700531,-0.0005812749150209129,0.5863886475563049,0.4616583287715912,-0.006983970757573843,0.6745679974555969,0.3270223140716553,0.009447193704545498,0.6205552816390991,0.3622463047504425,0.003170205280184746,0.5941734313964844,0.40130966901779175,-0.00807461142539978,0.5776745080947876,0.43167123198509216,-0.016382120549678802,0.6682238578796387,0.33056125044822693,0.0013954680180177093,0.6142913699150085,0.3546869158744812,3.27080451825168e-05,0.5909422039985657,0.39206963777542114,-0.008005786687135696,0.5734285116195679,0.4266168773174286,-0.016149386763572693,0.6602912545204163,0.35035771131515503,-0.006328253541141748,0.6081928610801697,0.37223610281944275,-0.007619679905474186,0.5866007208824158,0.40797385573387146,-0.012989374808967113,0.5704063773155212,0.4375159740447998,-0.018991287797689438,0.6486797332763672,0.3842727839946747,-0.013697356916964054,0.6082313060760498,0.4045931100845337,-0.015277550555765629,0.5905121564865112,0.4295231103897095,-0.017057443037629128,0.5767380595207214,0.453232079744339,-0.019118033349514008,Food
0.6481381058692932,0.5844285488128662,-1.1410113387455567e-07,0.6518163681030273,0.5030919909477234,0.005795374978333712,0.6310909986495972,0.4427974820137024,0.0061010317876935005,0.6042364835739136,0.4299597144126892,0.005107259843498468,0.5824316143989563,0.4406653940677643,0.0036416708026081324,0.630605161190033,0.38608279824256897,0.0044139982201159,0.5920973420143127,0.3917864263057709,0.0006098892190493643,0.5918054580688477,0.4215587079524994,-0.004515522625297308,0.6011728644371033,0.43704697489738464,-0.008129274472594261,0.6061650514602661,0.3997178077697754,-0.0008946111192926764,0.5731895565986633,0.4003314673900604,0.00028034596471115947,0.5751963257789612,0.4304298758506775,-0.00019690071349032223,0.5874757170677185,0.44741714000701904,-0.0013300745049491525,0.5844216346740723,0.42961183190345764,-0.005609604995697737,0.5580563545227051,0.4309389591217041,-0.0032333952840417624,0.5635267496109009,0.45914533734321594,-0.0012391444761306047,0.5760345458984375,0.4705742299556732,-0.0015459808055311441,0.5664420127868652,0.466391921043396,-0.010174878872931004,0.5515033006668091,0.4746735990047455,-0.009323181584477425,0.5605729818344116,0.4990293085575104,-0.0056523531675338745,0.57137531042099,0.509793758392334,-0.002496139844879508,Food
0.49051767587661743,0.7524387240409851,1.0075483913851713e-07,0.5227111577987671,0.6751551032066345,0.003441302804276347,0.5257346034049988,0.592552900314331,0.008746289648115635,0.5129018425941467,0.5500840544700623,0.014021780341863632,0.4963942766189575,0.5552731156349182,0.019997403025627136,0.46457546949386597,0.5340671539306641,0.015387000516057014,0.49056103825569153,0.5028497576713562,0.020393505692481995,0.5073356628417969,0.5097804069519043,0.017618130892515182,0.5168374180793762,0.5196974873542786,0.01483338326215744,0.44030168652534485,0.5513308048248291,0.014091532677412033,0.46449241042137146,0.5085473656654358,0.02236545830965042,0.4839262366294861,0.5070981979370117,0.021364867687225342,0.49821269512176514,0.5194545388221741,0.01944003999233246,0.42807042598724365,0.5821605920791626,0.013059044256806374,0.4471053183078766,0.5385129451751709,0.019848832860589027,0.4669889807701111,0.5343690514564514,0.018667081370949745,0.48212915658950806,0.5440114736557007,0.01664779707789421,0.4256872236728668,0.6138936281204224,0.012081928551197052,0.4406816065311432,0.574424684047699,0.019008081406354904,0.45596078038215637,0.5674126744270325,0.023294437676668167,0.4675826132297516,0.5716278553009033,0.026054970920085907,Food
0.347596138715744,0.6429455280303955,1.6929575963331445e-07,0.38360774517059326,0.6068876385688782,0.005265223793685436,0.40128034353256226,0.552853524684906,0.006113051436841488,0.4220089912414551,0.5216318964958191,0.004349309019744396,0.44240790605545044,0.5038144588470459,0.004065088462084532,0.3485166132450104,0.4606296420097351,0.014050349593162537,0.3968169093132019,0.45125851035118103,0.010899561457335949,0.42400217056274414,0.46232888102531433,0.0046262191608548164,0.4436722695827484,0.47627711296081543,-0.0009469407377764583,0.3484022319316864,0.45960479974746704,0.006444093771278858,0.40361031889915466,0.44789808988571167,0.002251954050734639,0.43086838722229004,0.4638502299785614,-0.0032124980352818966,0.45222538709640503,0.4832049608230591,-0.007026820909231901,0.3577115535736084,0.47492504119873047,-0.001790362992323935,0.41092416644096375,0.45638740062713623,-0.006831358652561903,0.43972766399383545,0.4665088653564453,-0.010740167461335659,0.4608985483646393,0.4802802801132202,-0.013172616250813007,0.3742722272872925,0.49914345145225525,-0.010064764879643917,0.41814297437667847,0.49194103479385376,-0.013220690190792084,0.43942737579345703,0.4995071589946747,-0.01373924408107996,0.45524492859840393,0.5083914399147034,-0.013786906376481056,Food
0.325895220041275,0.5965758562088013,2.0426053026767477e-07,0.3663441240787506,0.5701599717140198,0.004583682399243116,0.3916768729686737,0.5227361917495728,0.005024975631386042,0.4157027304172516,0.4986473619937897,0.0030298824422061443,0.4364001750946045,0.4829656481742859,0.0023237441200762987,0.34552985429763794,0.4217251241207123,0.013828525319695473,0.39597639441490173,0.42731839418411255,0.010682210326194763,0.42515602707862854,0.44353413581848145,0.0037274928763508797,0.44717881083488464,0.4625389277935028,-0.0023086275905370712,0.34541893005371094,0.41933923959732056,0.006554499734193087,0.40306946635246277,0.4216519594192505,0.00285282707773149,0.4311973750591278,0.44179683923721313,-0.003353938926011324,0.4526306092739105,0.4644181728363037,-0.007822250947356224,0.3529100716114044,0.43545082211494446,-0.0012246561236679554,0.40754252672195435,0.42739903926849365,-0.005692963022738695,0.4363101124763489,0.4430742859840393,-0.009146393276751041,0.4570983350276947,0.459648072719574,-0.011356226168572903,0.3670394718647003,0.4612455368041992,-0.009090587496757507,0.4111250042915344,0.46399810910224915,-0.011774913407862186,0.43177172541618347,0.4756876826286316,-0.011211232282221317,0.4469068944454193,0.4868007004261017,-0.010366473346948624,Food
0.3320518732070923,0.570356011390686,2.564351007094956e-07,0.36980846524238586,0.5394934415817261,0.005317471455782652,0.39315715432167053,0.5002064108848572,0.005400265101343393,0.4183151125907898,0.48712408542633057,0.002303710440173745,0.43995824456214905,0.4800291657447815,0.000292950717266649,0.34417691826820374,0.4120432734489441,0.017520463094115257,0.3911075294017792,0.42547592520713806,0.012044670060276985,0.41923487186431885,0.44039100408554077,0.0024850310292094946,0.44376176595687866,0.45872437953948975,-0.005216022953391075,0.3422289192676544,0.40579405426979065,0.00884381402283907,0.39651617407798767,0.420809805393219,0.001957138068974018,0.42562994360923767,0.4430517852306366,-0.006721594836562872,0.45127639174461365,0.466086745262146,-0.012178627774119377,0.34829145669937134,0.4155523478984833,-0.0007535714539699256,0.40204277634620667,0.42245838046073914,-0.008236181922256947,0.43058815598487854,0.4410780072212219,-0.012937523424625397,0.45374029874801636,0.4570499360561371,-0.01505678053945303,0.3604510724544525,0.43458613753318787,-0.010576021857559681,0.40459179878234863,0.44834306836128235,-0.016168514266610146,0.426646888256073,0.4632241427898407,-0.016932496801018715,0.4449080228805542,0.47246822714805603,-0.016240185126662254,Food
0.32846641540527344,0.5677647590637207,2.529332334688661e-07,0.36463138461112976,0.5390036106109619,0.007356029469519854,0.38909879326820374,0.4970611035823822,0.008918533101677895,0.4150642454624176,0.48336368799209595,0.006959265563637018,0.43652698397636414,0.4756232798099518,0.0059907082468271255,0.3405759930610657,0.40543219447135925,0.020466415211558342,0.3872203230857849,0.4193454384803772,0.016440507024526596,0.4159378707408905,0.434792160987854,0.007531971670687199,0.4409143626689911,0.4544135630130768,1.1721412192855496e-05,0.33915892243385315,0.39913809299468994,0.010931352153420448,0.39445772767066956,0.4138997197151184,0.0053758034482598305,0.423949271440506,0.4366984963417053,-0.003536979667842388,0.44932520389556885,0.46164989471435547,-0.009409412741661072,0.3451972007751465,0.4093278646469116,0.0006586478557437658,0.39943838119506836,0.41664740443229675,-0.0058741276152431965,0.42827558517456055,0.4375918209552765,-0.011056706309318542,0.45113641023635864,0.45622289180755615,-0.013718640431761742,0.35712486505508423,0.42929187417030334,-0.009636379778385162,0.40164652466773987,0.443649023771286,-0.015017932280898094,0.4245166778564453,0.46024003624916077,-0.016182802617549896,0.44332900643348694,0.47217637300491333,-0.015823524445295334,Food
0.3879949748516083,0.7415226101875305,2.2430050705679605e-07,0.3924007713794708,0.6736698746681213,0.007664720062166452,0.4043380916118622,0.6007465720176697,0.007338235154747963,0.4291910231113434,0.5603179335594177,0.004378789570182562,0.4522291421890259,0.5448048114776611,0.002716874238103628,0.37330228090286255,0.5459558963775635,0.00812798086553812,0.4250277578830719,0.5132186412811279,0.0026938982773572206,0.4551478624343872,0.5171883702278137,-0.0027973568066954613,0.47548624873161316,0.5254616737365723,-0.006381561513990164,0.3821698725223541,0.5527201294898987,0.00018411224300507456,0.43574947118759155,0.5164660215377808,-0.0020803334191441536,0.46336087584495544,0.5198750495910645,-0.004615503828972578,0.4830767810344696,0.5282793045043945,-0.0067177643068134785,0.3967703878879547,0.5711746215820312,-0.007882625795900822,0.4473656713962555,0.5363981127738953,-0.007912367582321167,0.47349098324775696,0.5324683785438538,-0.008488772436976433,0.49199533462524414,0.532538890838623,-0.009663754142820835,0.4175029993057251,0.5961712598800659,-0.015924157574772835,0.4567098021507263,0.5686922073364258,-0.01210105512291193,0.47552481293678284,0.5611205101013184,-0.008864998817443848,0.48983100056648254,0.5548325777053833,-0.00713418610394001,Food
0.3640865087509155,0.6859897971153259,2.0098860886719194e-07,0.3999254107475281,0.6564558744430542,0.004289543256163597,0.42124736309051514,0.599947988986969,0.0057889423333108425,0.44422265887260437,0.5661197304725647,0.005373629275709391,0.4644860327243805,0.546231210231781,0.006474400404840708,0.3728550970554352,0.5043284296989441,0.01313390675932169,0.4222664535045624,0.4959697425365448,0.011922561563551426,0.4510115087032318,0.5092835426330566,0.007200906053185463,0.4713703393936157,0.5250769853591919,0.0029934870544821024,0.3723861277103424,0.5005106329917908,0.007607110310345888,0.4282849431037903,0.4935808479785919,0.007827557623386383,0.4573170840740204,0.50690758228302,0.004304647911339998,0.47958651185035706,0.5227144956588745,0.001184259308502078,0.38029608130455017,0.515404999256134,0.00157776172272861,0.43510550260543823,0.5046864151954651,0.0003694187034852803,0.46467125415802,0.5142143964767456,-0.0028013719711452723,0.4866964519023895,0.5257115960121155,-0.005460031796246767,0.3948324918746948,0.5395211577415466,-0.00459125405177474,0.4404042363166809,0.5417572855949402,-0.004778956063091755,0.4622229039669037,0.5477152466773987,-0.00472629489377141,0.4785290062427521,0.5535107851028442,-0.004612536635249853,Food
0.3493174612522125,0.6145580410957336,2.44384409597842e-07,0.38653624057769775,0.589038610458374,0.002305252943187952,0.41072526574134827,0.5455914735794067,0.0008280156180262566,0.43475794792175293,0.5255745649337769,-0.0028508470859378576,0.45512187480926514,0.5115609765052795,-0.004878146108239889,0.36373192071914673,0.4431235194206238,0.011609968729317188,0.41209861636161804,0.4525012969970703,0.006017779465764761,0.44064584374427795,0.4701080024242401,-0.00247384631074965,0.4637357294559479,0.49052944779396057,-0.009451562538743019,0.363877534866333,0.4394412636756897,0.004446679260581732,0.41846758127212524,0.4476178288459778,-0.0024208184331655502,0.44649577140808105,0.4713461101055145,-0.009661324322223663,0.46941691637039185,0.4972744882106781,-0.014215853065252304,0.37165549397468567,0.45401230454444885,-0.003537568496540189,0.42465054988861084,0.45537570118904114,-0.010581474751234055,0.4525543451309204,0.47488054633140564,-0.014115685597062111,0.47426697611808777,0.49332430958747864,-0.015813788399100304,0.3863851726055145,0.4788973033428192,-0.011902643367648125,0.42972469329833984,0.49217650294303894,-0.016874272376298904,0.4501897692680359,0.5068989992141724,-0.016987433657050133,0.4663361608982086,0.5183071494102478,-0.01608201675117016,Food
0.3437916338443756,0.5777426958084106,2.485608092683833e-07,0.3832581341266632,0.5536221265792847,0.005343943368643522,0.408926784992218,0.5162553787231445,0.005540746729820967,0.43276113271713257,0.5028346180915833,0.002799311187118292,0.45416855812072754,0.49499428272247314,0.0013098414056003094,0.3634553849697113,0.4133167266845703,0.01690230518579483,0.41177213191986084,0.43109819293022156,0.01260434091091156,0.4396454393863678,0.45015081763267517,0.004382358863949776,0.4630397856235504,0.4725687503814697,-0.002578617539256811,0.3625473976135254,0.4078628122806549,0.008553109131753445,0.41894808411598206,0.4262065291404724,0.0020266755018383265,0.44668421149253845,0.45393508672714233,-0.005918342620134354,0.4697608947753906,0.4834165871143341,-0.01074893120676279,0.36886680126190186,0.4199219048023224,-0.0004973220056854188,0.4236319959163666,0.4310579299926758,-0.007164409849792719,0.450912743806839,0.45511749386787415,-0.01108991913497448,0.47213342785835266,0.47690778970718384,-0.012683608569204807,0.3813292682170868,0.4427438974380493,-0.009712210856378078,0.42494428157806396,0.4600275456905365,-0.014231047593057156,0.44567573070526123,0.4768572151660919,-0.014367880299687386,0.46222996711730957,0.4897764027118683,-0.013308956287801266,Food
0.38464850187301636,0.6667309999465942,1.362305823704446e-07,0.38574862480163574,0.6057777404785156,0.013192577287554741,0.39863982796669006,0.5399469137191772,0.016323233023285866,0.4220036566257477,0.506047248840332,0.015679381787776947,0.4443091154098511,0.49420061707496643,0.015875177457928658,0.37418100237846375,0.47741514444351196,0.01617727242410183,0.4197074770927429,0.45763465762138367,0.014731480740010738,0.44658362865448,0.4661751091480255,0.011103031225502491,0.4646157920360565,0.47836431860923767,0.008399244397878647,0.3859979510307312,0.47996214032173157,0.006431411020457745,0.43412521481513977,0.4603164494037628,0.009140589274466038,0.4589751064777374,0.4697623550891876,0.007846851833164692,0.4772353172302246,0.480065256357193,0.005825006403028965,0.4032523036003113,0.4968290627002716,-0.0030643856152892113,0.4495445489883423,0.4772346317768097,-3.341639967402443e-05,0.47393810749053955,0.4824405312538147,-0.0006863204180262983,0.4916243553161621,0.48790478706359863,-0.0026581217534840107,0.4243010878562927,0.522625744342804,-0.012048857286572456,0.46011069416999817,0.5104832053184509,-0.005961334798485041,0.4762803018093109,0.5125895142555237,-0.0019127893028780818,0.4886229336261749,0.5142433643341064,-0.00010572042810963467,Food
0.46312037110328674,0.9482278227806091,2.5427274863432103e-07,0.4437673091888428,0.8881763219833374,-0.005241109058260918,0.44537097215652466,0.8139519095420837,-0.011885426938533783,0.4626597464084625,0.7576963901519775,-0.016312556341290474,0.4814019501209259,0.7246130704879761,-0.020573828369379044,0.44246307015419006,0.8111836910247803,-0.03165740892291069,0.4642515480518341,0.7149907946586609,-0.042273588478565216,0.480049729347229,0.6714070439338684,-0.044313281774520874,0.49222877621650696,0.6399680972099304,-0.04389254003763199,0.46847206354141235,0.8315553069114685,-0.03309435397386551,0.48845091462135315,0.7292453646659851,-0.04357551783323288,0.5006213784217834,0.6780684590339661,-0.045356635004282,0.5089458227157593,0.6434856653213501,-0.0455695278942585,0.4951193630695343,0.8479045033454895,-0.03295528516173363,0.5115200877189636,0.7501278519630432,-0.04073259234428406,0.5174994468688965,0.6956774592399597,-0.04174497351050377,0.5203068852424622,0.6582844257354736,-0.04157239571213722,0.5195382833480835,0.8575056791305542,-0.0324045829474926,0.5265576839447021,0.7780842185020447,-0.03694258630275726,0.5250552296638489,0.7362494468688965,-0.0358271598815918,0.523560643196106,0.7045440077781677,-0.03409769386053085,Food
0.4899349510669708,1.0775915384292603,1.7479247560459044e-07,0.4580834209918976,1.0247756242752075,-0.014471867121756077,0.45687276124954224,0.943437933921814,-0.023792823776602745,0.476205438375473,0.8764077425003052,-0.02859453298151493,0.49318835139274597,0.8359942436218262,-0.03245938569307327,0.4743555188179016,0.963652491569519,-0.044396474957466125,0.483725368976593,0.8473247289657593,-0.05837481841444969,0.48970726132392883,0.7849652171134949,-0.060859668999910355,0.4948168396949768,0.7397084832191467,-0.06012783572077751,0.5055292844772339,0.9756055474281311,-0.04214516654610634,0.5094851851463318,0.8514090180397034,-0.05588308349251747,0.5100618004798889,0.7805072665214539,-0.05760616064071655,0.5108988285064697,0.729599118232727,-0.05706429481506348,0.5287417769432068,0.9773961305618286,-0.0389312207698822,0.5286610722541809,0.8590816855430603,-0.05077436566352844,0.5243932008743286,0.7919262647628784,-0.05258186534047127,0.520315408706665,0.7458155751228333,-0.051525477319955826,0.5430335998535156,0.9698230624198914,-0.03578714281320572,0.5361506938934326,0.8757982850074768,-0.04431992769241333,0.528961718082428,0.8214511871337891,-0.04464421048760414,0.5234979391098022,0.7829673290252686,-0.04291091486811638,Food
0.5016381144523621,0.9797813892364502,-1.5954514154259414e-08,0.47789937257766724,0.9107569456100464,-0.015514817088842392,0.48453232645988464,0.8350051641464233,-0.026763061061501503,0.5102794170379639,0.7850165367126465,-0.03217581287026405,0.5327380299568176,0.7632931470870972,-0.03744610399007797,0.500777006149292,0.8784468770027161,-0.056868601590394974,0.5124768614768982,0.7595951557159424,-0.07080560177564621,0.5181245803833008,0.6974180936813354,-0.07214899361133575,0.5227341651916504,0.6502212285995483,-0.07152985781431198,0.5306839942932129,0.9013633131980896,-0.053596992045640945,0.5394479036331177,0.774834156036377,-0.06802583485841751,0.5393904447555542,0.7076679468154907,-0.06935887783765793,0.5380231142044067,0.6586090922355652,-0.06956260651350021,0.5545587539672852,0.9100349545478821,-0.0481744185090065,0.5627781748771667,0.7856939435005188,-0.06268014758825302,0.5580622553825378,0.7175462245941162,-0.06567356735467911,0.552401602268219,0.6691639423370361,-0.06628958135843277,0.5698719024658203,0.9060535430908203,-0.042236413806676865,0.5662792325019836,0.8070628643035889,-0.0550307035446167,0.5543301701545715,0.7643882036209106,-0.05662861838936806,0.5455008149147034,0.7391566634178162,-0.056059155613183975,Food
0.5158244371414185,0.9641764163970947,6.63287877955554e-08,0.48629260063171387,0.8898113965988159,-0.017029302194714546,0.4920772612094879,0.8053649067878723,-0.029889557510614395,0.5207927823066711,0.7446057796478271,-0.03595627099275589,0.5453673005104065,0.7140507698059082,-0.041299186646938324,0.509501039981842,0.8455166816711426,-0.06714503467082977,0.5200764536857605,0.6973907351493835,-0.08346955478191376,0.5274521708488464,0.6252299547195435,-0.08386527001857758,0.5340392589569092,0.572187602519989,-0.08159901201725006,0.5473028421401978,0.8655442595481873,-0.062457915395498276,0.5554665923118591,0.7095011472702026,-0.07966679334640503,0.5569251179695129,0.6312445402145386,-0.0788336843252182,0.55710369348526,0.5772112607955933,-0.07643025368452072,0.5770263671875,0.870928168296814,-0.055132146924734116,0.5810777544975281,0.722754716873169,-0.07067839801311493,0.5744398832321167,0.6473673582077026,-0.07082448154687881,0.5675633549690247,0.5987446308135986,-0.06837401539087296,0.5953280925750732,0.8635135889053345,-0.04733134061098099,0.5857627987861633,0.7501745820045471,-0.05976816639304161,0.5710601806640625,0.6937257647514343,-0.059863001108169556,0.5605000257492065,0.6589581966400146,-0.05759015306830406,Food
0.5514272451400757,1.0804475545883179,2.7488334808367654e-07,0.5095330476760864,1.0115766525268555,-0.01583288237452507,0.5061708092689514,0.9016011953353882,-0.029172338545322418,0.5303103923797607,0.8098515272140503,-0.037876859307289124,0.5551392436027527,0.7535825371742249,-0.04526953771710396,0.5232193470001221,0.9352479577064514,-0.059558626264333725,0.5355061888694763,0.7597271800041199,-0.07969201356172562,0.5411706566810608,0.66779625415802,-0.08195428550243378,0.5458523035049438,0.603560745716095,-0.07973417639732361,0.5645766258239746,0.9492695927619934,-0.05959714204072952,0.5670305490493774,0.7602019906044006,-0.08353863656520844,0.5653733611106873,0.661255419254303,-0.08732634782791138,0.564456045627594,0.5913940668106079,-0.08606689423322678,0.6002542972564697,0.9469576478004456,-0.057815324515104294,0.5973407030105591,0.7680376768112183,-0.07822863012552261,0.5904186367988586,0.6744840145111084,-0.08082703500986099,0.5838145017623901,0.6099981665611267,-0.07792223244905472,0.6272476315498352,0.9306442141532898,-0.0555817075073719,0.6187360882759094,0.7881644368171692,-0.06882695853710175,0.6085200905799866,0.7124108672142029,-0.06893264502286911,0.6003369688987732,0.6580623388290405,-0.06569881737232208,Food
0.489224910736084,1.0750166177749634,4.829415161111683e-07,0.44635865092277527,1.0038905143737793,-0.013366389088332653,0.436835378408432,0.8875596523284912,-0.027607932686805725,0.45726990699768066,0.7888643145561218,-0.03687092661857605,0.4792584180831909,0.7216859459877014,-0.0455026812851429,0.4348333179950714,0.9137338995933533,-0.061433035880327225,0.44756463170051575,0.7369430661201477,-0.07981237769126892,0.4587377905845642,0.6455844640731812,-0.08221407234668732,0.46794748306274414,0.5807656049728394,-0.08034927397966385,0.4782501459121704,0.9353240132331848,-0.0626160278916359,0.4834054410457611,0.7466405034065247,-0.0808435007929802,0.4896255135536194,0.6460456848144531,-0.08349777013063431,0.4944206178188324,0.5768485069274902,-0.08375521749258041,0.5183776021003723,0.9413673281669617,-0.0612977109849453,0.5192027688026428,0.755429744720459,-0.07730598002672195,0.5162840485572815,0.6614068150520325,-0.08028420805931091,0.5132741332054138,0.598197340965271,-0.0803975835442543,0.5509521961212158,0.9326395988464355,-0.05915141850709915,0.5383117198944092,0.793160080909729,-0.07128142565488815,0.5221933722496033,0.7359068989753723,-0.07107682526111603,0.5081442594528198,0.6970114707946777,-0.06896006315946579,Food
0.6439835429191589,1.0330408811569214,1.0747329071136846e-07,0.6869903802871704,0.9424870014190674,0.001612349646165967,0.6963793635368347,0.8317043781280518,-0.011120238341391087,0.6688308715820312,0.7372404336929321,-0.02147062122821808,0.6359570026397705,0.6837210059165955,-0.033703532069921494,0.7119600772857666,0.8153786659240723,-0.048183031380176544,0.663186252117157,0.6559205055236816,-0.06406353414058685,0.6331340074539185,0.5947340130805969,-0.06963064521551132,0.6144055128097534,0.5565042495727539,-0.07121218740940094,0.6657140851020813,0.8528071641921997,-0.05595911294221878,0.6252897381782532,0.6733130216598511,-0.07184533774852753,0.6040626168251038,0.5954739451408386,-0.0735820084810257,0.5909500122070312,0.5467639565467834,-0.07430653274059296,0.6183383464813232,0.8730863928794861,-0.06016557291150093,0.5894615650177002,0.7026244401931763,-0.07242721319198608,0.5764356851577759,0.6241254806518555,-0.0698305293917656,0.568480908870697,0.5718317031860352,-0.06733239442110062,0.5786580443382263,0.8820574283599854,-0.062129031866788864,0.5715284943580627,0.7492578625679016,-0.06838319450616837,0.5749778747558594,0.7055469155311584,-0.060829389840364456,0.5784149169921875,0.6750116944313049,-0.054519686847925186,Food
0.6230341196060181,1.0138052701950073,2.219598087549457e-07,0.6672964096069336,0.9114542603492737,0.003652219893410802,0.669585645198822,0.8022246360778809,-0.0059573655016720295,0.6420559287071228,0.7143083810806274,-0.013524728827178478,0.6122900247573853,0.6633219122886658,-0.022459037601947784,0.6764790415763855,0.7922694683074951,-0.04321781545877457,0.6299371719360352,0.6385255455970764,-0.05685744434595108,0.6026384830474854,0.5764477252960205,-0.05973857268691063,0.5845546722412109,0.53803551197052,-0.05902419984340668,0.6308268308639526,0.8269500732421875,-0.050215981900691986,0.5900701880455017,0.6556868553161621,-0.0659501776099205,0.5720880031585693,0.5765581727027893,-0.06627516448497772,0.5619701743125916,0.5290562510490417,-0.0645185187458992,0.5849003195762634,0.8491073846817017,-0.053619254380464554,0.5512403249740601,0.6853519082069397,-0.0642903745174408,0.5432877540588379,0.6043325066566467,-0.06192721426486969,0.5408768057823181,0.5528254508972168,-0.058840058743953705,0.5479469299316406,0.8629429936408997,-0.05475170165300369,0.5368502140045166,0.7320383191108704,-0.05898517370223999,0.5421870350837708,0.6827636957168579,-0.05174748972058296,0.5491934418678284,0.6529127955436707,-0.045106448233127594,Food
0.6270240545272827,1.0118745565414429,1.2998847864764684e-07,0.6706677675247192,0.9129689931869507,0.002900039777159691,0.6782686114311218,0.8022458553314209,-0.0063204956240952015,0.6510244011878967,0.7051655650138855,-0.013791929930448532,0.6209544539451599,0.6495221853256226,-0.022564290091395378,0.6919315457344055,0.7896255850791931,-0.03667152300477028,0.6437269449234009,0.6359128355979919,-0.04975857585668564,0.6147642135620117,0.5792847275733948,-0.053736601024866104,0.5977187752723694,0.545347273349762,-0.05424525588750839,0.6491037607192993,0.8228768706321716,-0.04356757178902626,0.604826033115387,0.6513978838920593,-0.05680627375841141,0.5826491713523865,0.5749486088752747,-0.05819404497742653,0.569709062576294,0.527812123298645,-0.0585436187684536,0.603664219379425,0.8434406518936157,-0.04749199375510216,0.5694187879562378,0.681889533996582,-0.05753917619585991,0.5584120750427246,0.6057712435722351,-0.05509581416845322,0.5543778538703918,0.5561296343803406,-0.05287374556064606,0.5640565752983093,0.8549553155899048,-0.049424026161432266,0.5515204071998596,0.7307774424552917,-0.05520336702466011,0.555489182472229,0.6875854730606079,-0.0488215871155262,0.5621088743209839,0.6588250398635864,-0.043126851320266724,Food
0.616459310054779,1.0254039764404297,1.7832873311363073e-07,0.6590672731399536,0.9267777800559998,0.0011444322299212217,0.6605144739151001,0.8136646151542664,-0.010701832361519337,0.6301122903823853,0.7248454093933105,-0.020267101004719734,0.5974652767181396,0.6749173998832703,-0.03161267936229706,0.6710392236709595,0.8121097683906555,-0.04777606204152107,0.6266019344329834,0.6580577492713928,-0.06420473009347916,0.5989759564399719,0.5931903719902039,-0.06980140507221222,0.5791739225387573,0.5518513321876526,-0.07103759795427322,0.6256645321846008,0.8486518263816833,-0.054995011538267136,0.5862525105476379,0.6762051582336426,-0.0721927285194397,0.5657975673675537,0.5943564176559448,-0.07477522641420364,0.5516018867492676,0.5436376929283142,-0.07544562220573425,0.5797123908996582,0.8702897429466248,-0.05875415354967117,0.546777606010437,0.7030993103981018,-0.07087267190217972,0.5371131300926208,0.6229488253593445,-0.06958717107772827,0.5319647789001465,0.5727446675300598,-0.06755942851305008,0.5422686338424683,0.8801922798156738,-0.06041937693953514,0.5305982232093811,0.7454038858413696,-0.06596656888723373,0.5355720520019531,0.6961418986320496,-0.059541136026382446,0.5416818857192993,0.666957676410675,-0.05381876975297928,Food
0.5516504049301147,1.0383301973342896,6.149896876195271e-07,0.5911164283752441,0.9431071281433105,-0.012683182023465633,0.5854396820068359,0.8411506414413452,-0.022987360134720802,0.5541918277740479,0.7645761370658875,-0.027339385822415352,0.5300043225288391,0.7087175250053406,-0.030876055359840393,0.5603724122047424,0.8550909757614136,-0.05640281364321709,0.5390073657035828,0.6938432455062866,-0.06863437592983246,0.5280148983001709,0.61798495054245,-0.06559747457504272,0.5200453400611877,0.5665028691291809,-0.06009453907608986,0.5137363076210022,0.8794434070587158,-0.051496535539627075,0.4961206912994385,0.703991711139679,-0.06440838426351547,0.49466443061828613,0.6198610663414001,-0.05917918682098389,0.49717825651168823,0.5658251643180847,-0.052533168345689774,0.4785051941871643,0.8946647644042969,-0.04406825080513954,0.4658631980419159,0.7239636182785034,-0.05099392309784889,0.47262808680534363,0.641636073589325,-0.04803870990872383,0.4800495207309723,0.5873348116874695,-0.04506538435816765,0.4592185616493225,0.8968874216079712,-0.03608173131942749,0.46066612005233765,0.7684270739555359,-0.03912163898348808,0.47546473145484924,0.7056928873062134,-0.03571242466568947,0.48728734254837036,0.6647195219993591,-0.031974535435438156,Food
0.5814263820648193,1.0668096542358398,4.868289806836401e-07,0.6302170157432556,0.9691650867462158,-0.00819441583007574,0.6312504410743713,0.856297492980957,-0.01720295660197735,0.6019152402877808,0.7659119963645935,-0.021376367658376694,0.5746818780899048,0.7032781839370728,-0.02432330884039402,0.6233116984367371,0.8678584098815918,-0.05052325502038002,0.5936696529388428,0.6958240270614624,-0.06317130476236343,0.5757597088813782,0.6253034472465515,-0.0608074851334095,0.5623178482055664,0.5806876420974731,-0.05524476245045662,0.5705273151397705,0.889031171798706,-0.048530083149671555,0.5474527478218079,0.7026176452636719,-0.06141725927591324,0.5392112135887146,0.6169343590736389,-0.057880278676748276,0.5344818234443665,0.5633062124252319,-0.05251938849687576,0.5272873044013977,0.8997218608856201,-0.04389288276433945,0.5144695043563843,0.7241511940956116,-0.04922030121088028,0.5195241570472717,0.6456648111343384,-0.046010978519916534,0.5231282114982605,0.5943137407302856,-0.04302572086453438,0.5001767873764038,0.8965011239051819,-0.038500476628541946,0.5057371854782104,0.7677311301231384,-0.03825809434056282,0.5178837180137634,0.7097044587135315,-0.03293221443891525,0.5266281366348267,0.6706588268280029,-0.028220251202583313,Food
0.6726150512695312,0.9638931751251221,-1.9862218891830707e-07,0.716288149356842,0.8703101277351379,0.0061988988891243935,0.7234662771224976,0.7616596221923828,-0.005010141525417566,0.6882885098457336,0.6749627590179443,-0.01577158086001873,0.6516666412353516,0.6327544450759888,-0.029524587094783783,0.7517582178115845,0.7511284351348877,-0.03871322423219681,0.692453920841217,0.6203890442848206,-0.05628412216901779,0.6506094336509705,0.5759997367858887,-0.06428252160549164,0.6226248741149902,0.5558334589004517,-0.06785622239112854,0.7130833864212036,0.7834161520004272,-0.050023727118968964,0.6581310033798218,0.6314079165458679,-0.06517119705677032,0.6227750778198242,0.5745832920074463,-0.06906942278146744,0.5978294610977173,0.5426321029663086,-0.07237422466278076,0.6685500144958496,0.8035306334495544,-0.05801043286919594,0.6209344863891602,0.6586009860038757,-0.06968311220407486,0.593823254108429,0.5943601727485657,-0.06843544542789459,0.5766862630844116,0.5540846586227417,-0.06772249937057495,0.6255670785903931,0.8134366869926453,-0.0636061429977417,0.5964195728302002,0.6890241503715515,-0.07044775038957596,0.5857977271080017,0.6366520524024963,-0.06588004529476166,0.5815302729606628,0.5959463119506836,-0.06219202280044556,Food
0.6378278732299805,0.9743427634239197,3.901386591564915e-08,0.6792597770690918,0.8817663788795471,0.004940453451126814,0.6815770864486694,0.7735512256622314,-0.0028798000421375036,0.6507282853126526,0.6891525387763977,-0.009642766788601875,0.6182148456573486,0.6459506154060364,-0.01852213777601719,0.6903864741325378,0.761095404624939,-0.03513109311461449,0.641810417175293,0.6222772002220154,-0.04796029254794121,0.6135684847831726,0.5779004693031311,-0.05176578089594841,0.5973401069641113,0.560067892074585,-0.05189065635204315,0.6493577361106873,0.7956635355949402,-0.04298311099410057,0.6074855923652649,0.6409657001495361,-0.05415681004524231,0.583478569984436,0.5733746290206909,-0.05515170469880104,0.5686084032058716,0.5335860848426819,-0.05572499707341194,0.6069653034210205,0.8204697966575623,-0.04782195761799812,0.5723615288734436,0.6747572422027588,-0.05733883008360863,0.5570851564407349,0.6051815748214722,-0.056342776864767075,0.5496483445167542,0.5616216063499451,-0.05518753454089165,0.5696315169334412,0.8380864262580872,-0.05030598118901253,0.5554453730583191,0.7199737429618835,-0.05589107796549797,0.5551108121871948,0.6752960085868835,-0.0507834367454052,0.5574867725372314,0.6449207663536072,-0.046334344893693924,Food
0.6061339974403381,0.8984379768371582,4.05822703442027e-07,0.6369150876998901,0.7871668338775635,0.010264470241963863,0.6304556727409363,0.68695068359375,0.009406915865838528,0.6022811532020569,0.6173810958862305,0.009511026553809643,0.5771728754043579,0.5748119354248047,0.0096013518050313,0.6212451457977295,0.6753000020980835,-0.022412236779928207,0.593237042427063,0.5416386723518372,-0.024044841527938843,0.577741265296936,0.4915589690208435,-0.017393717542290688,0.5687106251716614,0.46591752767562866,-0.00998254120349884,0.5783195495605469,0.6982213854789734,-0.026939988136291504,0.552579939365387,0.5496114492416382,-0.02892177738249302,0.5466593503952026,0.49285200238227844,-0.02040058746933937,0.5461859703063965,0.463629812002182,-0.012300422415137291,0.5410086512565613,0.7187978625297546,-0.027919365093111992,0.5240272283554077,0.5779864192008972,-0.025115270167589188,0.5262966156005859,0.5151523947715759,-0.01798628456890583,0.5306555032730103,0.47966307401657104,-0.013347826898097992,0.516276478767395,0.7351036071777344,-0.026803674176335335,0.5188978314399719,0.6334829330444336,-0.02024439536035061,0.5298187136650085,0.5888584852218628,-0.0109144551679492,0.5391355752944946,0.5616956949234009,-0.0037725160364061594,Food
0.5534431338310242,0.7881529331207275,2.991815222230798e-07,0.5822867751121521,0.6941968202590942,0.004327791277319193,0.5791589617729187,0.6028397083282471,0.01250302605330944,0.5576616525650024,0.5415111184120178,0.023741107434034348,0.539238691329956,0.5161426663398743,0.037074483931064606,0.524472713470459,0.5713213086128235,-0.001112374011427164,0.5243442058563232,0.46625053882598877,0.006409195717424154,0.5338463187217712,0.4303600490093231,0.013564673252403736,0.5443536043167114,0.41061151027679443,0.019560469314455986,0.49221885204315186,0.5928152203559875,0.0030590216629207134,0.4918469786643982,0.4755544662475586,0.010727629996836185,0.5083385109901428,0.4366437792778015,0.01897536590695381,0.5253154635429382,0.4213367700576782,0.025814305990934372,0.47518330812454224,0.6198215484619141,0.009214743040502071,0.4796542525291443,0.5202083587646484,0.019296199083328247,0.4954249858856201,0.48414310812950134,0.025313587859272957,0.5106984972953796,0.4710078537464142,0.028687184676527977,0.4697672426700592,0.6445301175117493,0.016002966091036797,0.47417938709259033,0.5685657262802124,0.027845095843076706,0.4864901006221771,0.53957200050354,0.03635745123028755,0.49885502457618713,0.5290249586105347,0.04270581901073456,Food
0.4004859924316406,0.5776328444480896,-1.8191171591297461e-07,0.41405588388442993,0.519503653049469,-0.0025344688910990953,0.4432622492313385,0.4604073762893677,-0.006906416732817888,0.4654496908187866,0.415109246969223,-0.010999981313943863,0.4719942808151245,0.3751796782016754,-0.013345375657081604,0.46107444167137146,0.4437662661075592,-0.013003058731555939,0.49652591347694397,0.4824237823486328,-0.02248322032392025,0.4820520877838135,0.5093112587928772,-0.02818169631063938,0.46555471420288086,0.5080087780952454,-0.0319887176156044,0.4632631838321686,0.4714333713054657,-0.016800330951809883,0.500716507434845,0.5160424709320068,-0.024347849190235138,0.4856785535812378,0.5396682620048523,-0.026391971856355667,0.4720660448074341,0.5362447500228882,-0.02877078391611576,0.46609359979629517,0.5088673830032349,-0.020390424877405167,0.5007369518280029,0.5512033104896545,-0.027151254937052727,0.48541101813316345,0.5682119131088257,-0.023715607821941376,0.46984127163887024,0.5643881559371948,-0.021592596545815468,0.4684980809688568,0.550338625907898,-0.024012546986341476,0.5089523792266846,0.5585692524909973,-0.028389180079102516,0.5338431000709534,0.5622767806053162,-0.02669706754386425,0.5559003353118896,0.5625508427619934,-0.025492478162050247,Call Me!
0.39583516120910645,0.5786405205726624,-1.7517473338557465e-07,0.41000649333000183,0.5189269185066223,0.0012528800871223211,0.43945714831352234,0.4574226140975952,-0.0010341184679418802,0.46179184317588806,0.4128261208534241,-0.004090403206646442,0.46780261397361755,0.37423834204673767,-0.005412409082055092,0.46103620529174805,0.45293179154396057,-0.006897386629134417,0.49843817949295044,0.48442405462265015,-0.013616864569485188,0.4850315749645233,0.5066750049591064,-0.016743367537856102,0.4689306616783142,0.5066407322883606,-0.01877148635685444,0.465030699968338,0.48150110244750977,-0.012072497978806496,0.5025616884231567,0.5177870392799377,-0.016941798850893974,0.4887554943561554,0.5382838845252991,-0.01755600981414318,0.4748082756996155,0.5351851582527161,-0.019022157415747643,0.4687698483467102,0.5203984379768372,-0.017016885802149773,0.504924476146698,0.5532265305519104,-0.02161935530602932,0.49135318398475647,0.5671816468238831,-0.018431447446346283,0.4765608012676239,0.5615501999855042,-0.016829991713166237,0.47178030014038086,0.563003659248352,-0.021683255210518837,0.5142474174499512,0.5703734159469604,-0.025057584047317505,0.5405742526054382,0.5772400498390198,-0.024350985884666443,0.5633437633514404,0.5794727802276611,-0.02406587451696396,Call Me!
0.3897339701652527,0.5976055860519409,-2.1976951813940104e-07,0.4018614590167999,0.5313308238983154,0.0019331318326294422,0.42733705043792725,0.46586886048316956,-0.0012045439798384905,0.4475497305393219,0.41771259903907776,-0.0056958128698170185,0.4526144862174988,0.3750549256801605,-0.008694655261933804,0.4660859704017639,0.4605512320995331,-0.004268106538802385,0.5015532374382019,0.5035408735275269,-0.010700268670916557,0.48595258593559265,0.5235360860824585,-0.015134991146624088,0.46941348910331726,0.5211577415466309,-0.01868974044919014,0.470799058675766,0.4932067394256592,-0.011358813382685184,0.5051040053367615,0.5387807488441467,-0.015642860904335976,0.4890202283859253,0.5570380687713623,-0.016917014494538307,0.4745695888996124,0.553576648235321,-0.019193172454833984,0.47291406989097595,0.5363481640815735,-0.018358800560235977,0.5058503746986389,0.5759086012840271,-0.02250315621495247,0.4904502332210541,0.5887226462364197,-0.01865595392882824,0.47537410259246826,0.5816641449928284,-0.016972649842500687,0.47347190976142883,0.5843639373779297,-0.025229716673493385,0.5165440440177917,0.5922722220420837,-0.02896021120250225,0.5427095293998718,0.5999603867530823,-0.027086304500699043,0.5657599568367004,0.6026930809020996,-0.025865668430924416,Call Me!
0.37835660576820374,0.6531891226768494,-2.6823954613064416e-07,0.38910341262817383,0.5722343921661377,-0.003972951788455248,0.4140397310256958,0.5036815404891968,-0.008524076081812382,0.43427467346191406,0.45057249069213867,-0.013643707148730755,0.4418075382709503,0.40407001972198486,-0.017242733389139175,0.46366965770721436,0.5285224914550781,-0.0033469954505562782,0.48382967710494995,0.5575271844863892,-0.008734642527997494,0.4676087498664856,0.5708261132240295,-0.013174228370189667,0.45184525847435,0.5707530379295349,-0.01626017317175865,0.4707950949668884,0.573660135269165,-0.007122422102838755,0.49213114380836487,0.5985193848609924,-0.012097748927772045,0.47494909167289734,0.6057531237602234,-0.015804095193743706,0.4583659768104553,0.6055266857147217,-0.01859358325600624,0.4727778136730194,0.6207804679870605,-0.011227859184145927,0.494453102350235,0.6407403349876404,-0.01804204285144806,0.4774927794933319,0.6442487239837646,-0.017333636060357094,0.46196988224983215,0.6390153169631958,-0.015850521624088287,0.4705420136451721,0.667106568813324,-0.0153054753318429,0.5076088905334473,0.669221043586731,-0.019789351150393486,0.5301452875137329,0.6720002889633179,-0.017972270026803017,0.5502625703811646,0.6719201803207397,-0.015871858224272728,Call Me!
0.3761329650878906,0.6906557679176331,-2.3779873004059482e-07,0.39021986722946167,0.6078720092773438,-0.0023725745268166065,0.41513508558273315,0.5383414626121521,-0.007771142292767763,0.43679988384246826,0.4838358461856842,-0.01403889525681734,0.4453076422214508,0.43586841225624084,-0.018434392288327217,0.46020206809043884,0.5629075765609741,-0.006442750804126263,0.4896208345890045,0.5962463617324829,-0.011995997279882431,0.4745865762233734,0.6138988137245178,-0.013797015883028507,0.45698997378349304,0.6138480305671692,-0.014308332465589046,0.465946227312088,0.6086506247520447,-0.01089085079729557,0.4942496120929718,0.6378380656242371,-0.014745178632438183,0.4785304367542267,0.6500174403190613,-0.01514814980328083,0.4615928828716278,0.6483034491539001,-0.016099074855446815,0.46759992837905884,0.6554603576660156,-0.015570871531963348,0.49282875657081604,0.6780828237533569,-0.02135968580842018,0.477626770734787,0.6855391263961792,-0.0189165398478508,0.46295249462127686,0.6794524788856506,-0.01683640107512474,0.4661930501461029,0.7022803425788879,-0.020049961283802986,0.5056768655776978,0.7065613269805908,-0.0234814565628767,0.5287198424339294,0.7117209434509277,-0.021114258095622063,0.5493553280830383,0.7113116383552551,-0.019018642604351044,Call Me!
0.3749520182609558,0.6592937111854553,-2.542177526265732e-07,0.38889583945274353,0.5858127474784851,-0.00045343031524680555,0.4144357144832611,0.5196757912635803,-0.004168109502643347,0.4359545111656189,0.4734363257884979,-0.008865080773830414,0.44313734769821167,0.4302252531051636,-0.01203388161957264,0.4504600167274475,0.5295875668525696,-0.005869891960173845,0.47646060585975647,0.5674722194671631,-0.013022510334849358,0.458690881729126,0.582633376121521,-0.018105583265423775,0.4416636526584625,0.5776399970054626,-0.021624812856316566,0.4565383195877075,0.5660309195518494,-0.011421781033277512,0.4791242480278015,0.604476809501648,-0.016363216564059258,0.4620361924171448,0.6172464489936829,-0.018992677330970764,0.4486599564552307,0.6131914854049683,-0.02204865776002407,0.45884454250335693,0.610725998878479,-0.016993895173072815,0.4805104732513428,0.6444416642189026,-0.023320399224758148,0.4634593725204468,0.6531574726104736,-0.021460115909576416,0.4486439824104309,0.6456028819084167,-0.020146308466792107,0.4593014419078827,0.6588303446769714,-0.022309251129627228,0.4987170100212097,0.664901614189148,-0.026994993910193443,0.5227411985397339,0.6707174181938171,-0.02539236657321453,0.5443848371505737,0.6719213724136353,-0.023899057880043983,Call Me!
0.38403114676475525,0.6290932297706604,-2.4186664404624025e-07,0.39965057373046875,0.5503111481666565,0.0013083344092592597,0.4241407811641693,0.4858701527118683,-0.0014570021303370595,0.44474512338638306,0.43725427985191345,-0.006179084535688162,0.45330625772476196,0.3941817879676819,-0.009572377428412437,0.4694984257221222,0.5057907104492188,0.0012004129821434617,0.4941806495189667,0.5408890247344971,-0.004482358694076538,0.47886407375335693,0.5566826462745667,-0.00876598060131073,0.46216750144958496,0.5554183125495911,-0.011373039335012436,0.4763445556163788,0.546910285949707,-0.005264763254672289,0.49946290254592896,0.5819305777549744,-0.00889961700886488,0.4833395779132843,0.5937721729278564,-0.011539854109287262,0.468136191368103,0.5912775993347168,-0.014161583967506886,0.4783073663711548,0.591912031173706,-0.0120309479534626,0.5002660155296326,0.6203774809837341,-0.017750324681401253,0.48424193263053894,0.6292074918746948,-0.016456307843327522,0.47022393345832825,0.6231749057769775,-0.015245035290718079,0.47597017884254456,0.6386107206344604,-0.018482862040400505,0.5149807929992676,0.6474950313568115,-0.022391196340322495,0.5378071069717407,0.6552702188491821,-0.020284516736865044,0.558456540107727,0.6577569246292114,-0.018265053629875183,Call Me!
0.38816744089126587,0.6261568665504456,-2.5600010644666327e-07,0.4012112021446228,0.5451166033744812,-0.0005098701221868396,0.4237125515937805,0.47966617345809937,-0.005465551279485226,0.4437028169631958,0.42972221970558167,-0.011804253794252872,0.4521789848804474,0.38330137729644775,-0.016681412234902382,0.4705639183521271,0.5005660057067871,-0.0045377048663794994,0.4948486089706421,0.5363652110099792,-0.010209418833255768,0.4788112938404083,0.5532419681549072,-0.013844726607203484,0.461617648601532,0.5514329671859741,-0.01616160199046135,0.4774574041366577,0.5428193211555481,-0.010721533559262753,0.5015909075737,0.5781740546226501,-0.014125951565802097,0.48515138030052185,0.5906879901885986,-0.01584925316274166,0.46941936016082764,0.5879741311073303,-0.018270328640937805,0.4794447124004364,0.5886355042457581,-0.01698845811188221,0.5021466016769409,0.6180781126022339,-0.022223837673664093,0.48570922017097473,0.6266769170761108,-0.020096100866794586,0.4715118110179901,0.6198737621307373,-0.018872680142521858,0.47731491923332214,0.6354082822799683,-0.023061493411660194,0.5166101455688477,0.6428777575492859,-0.026699500158429146,0.5395275354385376,0.6502763032913208,-0.02418743073940277,0.5606417655944824,0.6522843241691589,-0.02223893068730831,Call Me!
0.35604262351989746,0.5752205848693848,-2.3555735140234901e-07,0.37912485003471375,0.5307201743125916,0.005889969877898693,0.4095136225223541,0.4822694957256317,0.004148705396801233,0.43290266394615173,0.4508790075778961,0.0008449701126664877,0.4387322962284088,0.4160187840461731,-0.0012340821558609605,0.43326032161712646,0.43858829140663147,-0.005029531195759773,0.4668373465538025,0.5066121816635132,-0.015040155500173569,0.45372021198272705,0.544115424156189,-0.021575510501861572,0.43842214345932007,0.5492400527000427,-0.02571847103536129,0.4321802258491516,0.45762351155281067,-0.013376251794397831,0.4686880111694336,0.5341254472732544,-0.022049682214856148,0.4542309045791626,0.5733121633529663,-0.02281787432730198,0.44142138957977295,0.5841512680053711,-0.023048577830195427,0.42957445979118347,0.4904528856277466,-0.021261651068925858,0.4671775698661804,0.5645171403884888,-0.029107458889484406,0.453967809677124,0.6021051406860352,-0.023341551423072815,0.4406341314315796,0.6157769560813904,-0.018189487978816032,0.4256289005279541,0.5328953862190247,-0.02870151959359646,0.4677281677722931,0.5503832697868347,-0.03374062106013298,0.49331414699554443,0.5589006543159485,-0.030320489779114723,0.5170124173164368,0.5644029974937439,-0.026919810101389885,Call Me!
0.35946279764175415,0.5168158411979675,-1.9906778447875695e-07,0.39864593744277954,0.5207533240318298,0.010021626017987728,0.4297930598258972,0.5067052245140076,0.01263420470058918,0.4546931982040405,0.4990980625152588,0.011924628168344498,0.47685933113098145,0.49442461133003235,0.012228507548570633,0.4393919110298157,0.4021051228046417,0.008621254935860634,0.46690815687179565,0.4867108464241028,0.0037207945715636015,0.4558858573436737,0.5323913097381592,0.00019693946524057537,0.4428021013736725,0.5532566905021667,-0.001096620922908187,0.4319905638694763,0.39758241176605225,-0.0009095842833630741,0.463108628988266,0.5046930313110352,-0.006908996030688286,0.45142829418182373,0.5503933429718018,-0.007900240831077099,0.43900755047798157,0.5787562131881714,-0.0069735352881252766,0.4231857359409332,0.4140756130218506,-0.010353486984968185,0.4555012285709381,0.5163133144378662,-0.018308745697140694,0.44478052854537964,0.5599589347839355,-0.015413634479045868,0.43236735463142395,0.5850569605827332,-0.010654264129698277,0.411967009305954,0.44452425837516785,-0.019130848348140717,0.44988980889320374,0.46491336822509766,-0.026047006249427795,0.4751321077346802,0.4735490381717682,-0.024953775107860565,0.4969664216041565,0.48509764671325684,-0.02201000787317753,Call Me!
0.3704550266265869,0.4846488833427429,-1.5908996431335254e-07,0.40428388118743896,0.48310062289237976,0.0030956105329096317,0.43618258833885193,0.4736984968185425,0.0027845550794154406,0.4606657028198242,0.47624173760414124,0.0012534953420981765,0.47791075706481934,0.4819227159023285,0.0008112331270240247,0.44313663244247437,0.37801143527030945,0.0028084763325750828,0.46315279603004456,0.45284390449523926,-0.0043645077385008335,0.4579870104789734,0.4838928282260895,-0.00921291671693325,0.4527547061443329,0.49544498324394226,-0.010871817357838154,0.4371265769004822,0.3838498890399933,-0.0025785898324102163,0.4605168402194977,0.4768408238887787,-0.014976086094975471,0.4465881586074829,0.5262749195098877,-0.019294342026114464,0.43364158272743225,0.5562323927879333,-0.018180783838033676,0.43127739429473877,0.4012115001678467,-0.007866371423006058,0.4533064663410187,0.488942950963974,-0.02130536548793316,0.4443664848804474,0.5349311232566833,-0.02060866728425026,0.43452519178390503,0.5600431561470032,-0.014836999587714672,0.423175573348999,0.4269469380378723,-0.012553599663078785,0.4520092308521271,0.44893574714660645,-0.019490644335746765,0.46921947598457336,0.4565243124961853,-0.01721138320863247,0.4832908809185028,0.4635738730430603,-0.012490823864936829,Call Me!
0.3986838757991791,0.6791229248046875,-2.7522867185325595e-07,0.4164466857910156,0.5997619032859802,0.00033134111436083913,0.4448338449001312,0.5385450720787048,-0.004532167688012123,0.4679534137248993,0.4923672378063202,-0.011234283447265625,0.47256872057914734,0.44548898935317993,-0.016862349584698677,0.4989040791988373,0.5622849464416504,-0.003787185763940215,0.525654673576355,0.6162137985229492,-0.009676532819867134,0.5068094730377197,0.6343260407447815,-0.014943507499992847,0.4882807433605194,0.6264978051185608,-0.01870611682534218,0.5041297078132629,0.6052407026290894,-0.011152034625411034,0.5261746644973755,0.6599195599555969,-0.013883577659726143,0.5068025588989258,0.6726207733154297,-0.016872437670826912,0.4902229905128479,0.6625998020172119,-0.020523129031062126,0.5033769607543945,0.65570467710495,-0.018453171476721764,0.5245156288146973,0.7004415988922119,-0.02308892272412777,0.504939079284668,0.7098822593688965,-0.021667130291461945,0.48939990997314453,0.6985797882080078,-0.02097358927130699,0.4987579882144928,0.7091823220252991,-0.025615345686674118,0.5429746508598328,0.7262629866600037,-0.02945578843355179,0.5697211027145386,0.7433399558067322,-0.027005670592188835,0.5931648015975952,0.7547836899757385,-0.02493320405483246,Call Me!
0.4737119674682617,0.7470145225524902,-7.656002054545752e-08,0.46278196573257446,0.6587976813316345,-0.007993033155798912,0.46219247579574585,0.5915864109992981,-0.020875955000519753,0.45840299129486084,0.5336030125617981,-0.034039124846458435,0.448039174079895,0.493293821811676,-0.046227484941482544,0.5457999110221863,0.6045578718185425,-0.011419722810387611,0.5536589026451111,0.6310967206954956,-0.014411650598049164,0.5514573454856873,0.6588628888130188,-0.0180087611079216,0.5426883697509766,0.6747118234634399,-0.021053286269307137,0.5640243887901306,0.6501609086990356,-0.014306236989796162,0.5756064057350159,0.6746785044670105,-0.009152288548648357,0.575941801071167,0.6932880878448486,-0.009856929071247578,0.5718048810958862,0.7089760899543762,-0.014903693459928036,0.5736127495765686,0.7010003924369812,-0.01734600029885769,0.590457022190094,0.713722288608551,-0.013716472312808037,0.5921382904052734,0.7312417030334473,-0.011577031575143337,0.5896322131156921,0.7447444796562195,-0.013852364383637905,0.5745800137519836,0.7536421418190002,-0.02151724137365818,0.5984062552452087,0.7665075659751892,-0.017986251041293144,0.6124251484870911,0.7725383043289185,-0.011606434360146523,0.621785581111908,0.7740292549133301,-0.008508868515491486,Call Me!
0.5205181837081909,0.7685667276382446,-2.262309095613091e-07,0.49825844168663025,0.6835494041442871,-0.009659191593527794,0.4860009551048279,0.6053956747055054,-0.02426932007074356,0.46612146496772766,0.5384917259216309,-0.038990944623947144,0.44955000281333923,0.4888211786746979,-0.053230755031108856,0.5792389512062073,0.6165577173233032,-0.021418537944555283,0.5867581963539124,0.6465484499931335,-0.025898145511746407,0.5840935111045837,0.670707106590271,-0.0307625662535429,0.5760740041732788,0.6853627562522888,-0.03515537828207016,0.598473310470581,0.6607148051261902,-0.023308612406253815,0.5958308577537537,0.6885547637939453,-0.019873129203915596,0.5854004621505737,0.7000813484191895,-0.020316431298851967,0.5719423890113831,0.7080640196800232,-0.02569667249917984,0.6059737801551819,0.71204674243927,-0.024629538878798485,0.5957189798355103,0.7310182452201843,-0.020281026139855385,0.5835626721382141,0.740767776966095,-0.01795872487127781,0.5712623000144958,0.7457838654518127,-0.02111928164958954,0.607608437538147,0.7630346417427063,-0.027338439598679543,0.6056360006332397,0.7813469171524048,-0.024544332176446915,0.5937855839729309,0.7865267992019653,-0.018562711775302887,0.5808993577957153,0.7855192422866821,-0.015979072079062462,Call Me!
0.5300195217132568,0.7549265027046204,6.476521718923323e-08,0.5015026330947876,0.667193591594696,-0.00764294620603323,0.48310229182243347,0.6008291840553284,-0.02526193857192993,0.4590475261211395,0.5484556555747986,-0.04493512213230133,0.434944212436676,0.5043845176696777,-0.0647677332162857,0.578514814376831,0.5691984295845032,-0.020517179742455482,0.6246715784072876,0.5403356552124023,-0.030273880809545517,0.6372025609016418,0.5285854339599609,-0.03624675050377846,0.6339070796966553,0.5292845368385315,-0.0395895354449749,0.5992695689201355,0.6129999756813049,-0.025967570021748543,0.6411386728286743,0.5966581702232361,-0.0269215926527977,0.6360992789268494,0.5990711450576782,-0.02366587147116661,0.6212173104286194,0.6075602173805237,-0.023035788908600807,0.6094717383384705,0.6710179448127747,-0.03198953717947006,0.6380582451820374,0.6678094267845154,-0.028580332174897194,0.6242944598197937,0.6791688203811646,-0.022637635469436646,0.6039636731147766,0.6867666244506836,-0.022334648296236992,0.6125105023384094,0.735248863697052,-0.03958103433251381,0.620775580406189,0.7555191516876221,-0.037889741361141205,0.606715738773346,0.7622719407081604,-0.03256169706583023,0.5879387259483337,0.7619868516921997,-0.029698733240365982,Call Me!
0.31235072016716003,0.7036451697349548,-3.348009158798959e-07,0.322076678276062,0.624817967414856,0.009094027802348137,0.3408146798610687,0.5577234029769897,0.007046816870570183,0.3557825982570648,0.509345531463623,0.0021253309678286314,0.3551780879497528,0.46517157554626465,-0.002299195621162653,0.3969607949256897,0.539674699306488,-0.001405322109349072,0.4301551580429077,0.5822697877883911,-0.00466376356780529,0.41521793603897095,0.6122209429740906,-0.007135854102671146,0.3957713544368744,0.6192809343338013,-0.009010976180434227,0.40901604294776917,0.5773763656616211,-0.012583542615175247,0.4402674734592438,0.6253639459609985,-0.012130586430430412,0.42328545451164246,0.6539196372032166,-0.012013096362352371,0.4054883122444153,0.6576334238052368,-0.014166281558573246,0.41582295298576355,0.6273072361946106,-0.022612040862441063,0.4473258852958679,0.6671856641769409,-0.023737536743283272,0.4307595193386078,0.6919888257980347,-0.01928565837442875,0.41405531764030457,0.69266277551651,-0.017709095031023026,0.41835734248161316,0.6828361749649048,-0.03175407275557518,0.46687212586402893,0.6795865893363953,-0.033644337207078934,0.49513787031173706,0.6862094402313232,-0.029291212558746338,0.5197065472602844,0.6875892281532288,-0.02631624974310398,Call Me!
0.27535387873649597,0.7065123915672302,-2.825501610459469e-07,0.29517894983291626,0.6427571177482605,0.01082439161837101,0.3291202485561371,0.5832175016403198,0.011263644322752953,0.35607942938804626,0.5431340336799622,0.009117580018937588,0.3635178804397583,0.5001978874206543,0.00816431362181902,0.35762301087379456,0.5490767359733582,-0.0018726392881944776,0.3983948230743408,0.599076509475708,-0.009259317070245743,0.3822265565395355,0.6302434206008911,-0.012980467639863491,0.36395174264907837,0.633226215839386,-0.015349475666880608,0.35890498757362366,0.5762650966644287,-0.013142663985490799,0.40057188272476196,0.635422945022583,-0.017688576132059097,0.38428616523742676,0.662253201007843,-0.017321668565273285,0.3689582347869873,0.6588714718818665,-0.018517255783081055,0.35907742381095886,0.6181902289390564,-0.02336994744837284,0.40021225810050964,0.6720139384269714,-0.027379775419831276,0.3828401565551758,0.6927313208580017,-0.020659400150179863,0.3665090799331665,0.6870129108428955,-0.017161890864372253,0.3576931357383728,0.6675190329551697,-0.032730139791965485,0.408182829618454,0.6797736287117004,-0.036384884268045425,0.43753013014793396,0.6893810033798218,-0.032781604677438736,0.4643944501876831,0.6932814717292786,-0.03029060550034046,Call Me!
0.2836645543575287,0.7084790468215942,-2.8340922497704923e-08,0.30211949348449707,0.654192328453064,0.0008695432916283607,0.334632933139801,0.6127205491065979,-0.005290958099067211,0.3669827878475189,0.6030884385108948,-0.012376253493130207,0.39048999547958374,0.6132693290710449,-0.018404683098196983,0.34966275095939636,0.5613241195678711,-0.01522922609001398,0.39323264360427856,0.6081467270851135,-0.025433270260691643,0.39174604415893555,0.6455652117729187,-0.02884099818766117,0.38602450489997864,0.6602957248687744,-0.030777733772993088,0.34546536207199097,0.583653450012207,-0.022684890776872635,0.3926270604133606,0.6440383195877075,-0.031999725848436356,0.3920234441757202,0.6820745468139648,-0.031348660588264465,0.38848549127578735,0.7012320160865784,-0.03099271096289158,0.340852826833725,0.6205394864082336,-0.030087744817137718,0.38800743222236633,0.6747570037841797,-0.03948543593287468,0.39365920424461365,0.7134242653846741,-0.03683023154735565,0.39381492137908936,0.7369065284729004,-0.034510452300310135,0.3357412815093994,0.6650943160057068,-0.03720632940530777,0.37650835514068604,0.6778019070625305,-0.04289234057068825,0.3989138603210449,0.6870706677436829,-0.04169027879834175,0.4187508821487427,0.6947810053825378,-0.04071228951215744,Call Me!
0.3322887420654297,0.6823126077651978,3.995122455080491e-08,0.36312952637672424,0.6437994837760925,0.0011777960462495685,0.39307108521461487,0.6110057234764099,-0.00522987637668848,0.41846272349357605,0.5947695970535278,-0.013575425371527672,0.43659770488739014,0.5898014307022095,-0.02219182625412941,0.3967202603816986,0.5533949732780457,-0.016800276935100555,0.43021637201309204,0.5727372169494629,-0.0298452265560627,0.44015738368034363,0.5995903015136719,-0.03726130351424217,0.4457281231880188,0.6179110407829285,-0.04194418713450432,0.38500797748565674,0.5712470412254333,-0.024518048390746117,0.4257899224758148,0.6242303252220154,-0.03679215908050537,0.42452341318130493,0.6579583883285522,-0.03943652659654617,0.4210331439971924,0.6713074445724487,-0.04127630963921547,0.3747876286506653,0.6042482256889343,-0.0318150632083416,0.4157627820968628,0.6596516370773315,-0.04468414932489395,0.4139198660850525,0.6878196001052856,-0.043104059994220734,0.4092874228954315,0.6994193196296692,-0.040746401995420456,0.36536696553230286,0.6441854238510132,-0.0387234166264534,0.40044376254081726,0.6745661497116089,-0.049045056104660034,0.4153563976287842,0.6958470940589905,-0.04831026494503021,0.4268781244754791,0.7105639576911926,-0.04605370759963989,Call Me!
0.3555234372615814,0.6756877899169922,1.0420815499401215e-07,0.37626561522483826,0.6378586888313293,0.0008659617742523551,0.4035510718822479,0.6074090003967285,-0.003924794029444456,0.4272672235965729,0.5975044965744019,-0.010069294832646847,0.44413354992866516,0.5965328812599182,-0.01659887656569481,0.4078996777534485,0.5676857829093933,-0.01387322973459959,0.43643176555633545,0.5634711980819702,-0.02317407727241516,0.45467835664749146,0.5691361427307129,-0.028379900380969048,0.46834325790405273,0.5785576105117798,-0.03187474608421326,0.4006385803222656,0.5845974087715149,-0.019999999552965164,0.4358121454715729,0.6377069354057312,-0.03144684433937073,0.4354199767112732,0.6685745120048523,-0.034000955522060394,0.432784765958786,0.6814989447593689,-0.035082314163446426,0.3936859369277954,0.61641925573349,-0.02559310756623745,0.42921674251556396,0.6676158905029297,-0.03783566132187843,0.43309396505355835,0.6942976117134094,-0.03787415847182274,0.4339524507522583,0.7071353197097778,-0.03637610375881195,0.3872773349285126,0.6541500091552734,-0.030746018514037132,0.41828322410583496,0.6805405020713806,-0.04027550667524338,0.43340131640434265,0.6997467875480652,-0.04029674828052521,0.44535642862319946,0.7147754430770874,-0.03862027823925018,Call Me!
0.3598375916481018,0.6873451471328735,-7.41706500662076e-08,0.3885488510131836,0.6440913677215576,-0.0018298019422218204,0.423451691865921,0.6072568297386169,-0.008088788017630577,0.4533558785915375,0.5923606157302856,-0.015121472999453545,0.4753250479698181,0.5899600982666016,-0.021488094702363014,0.4225548207759857,0.5568512678146362,-0.016887374222278595,0.4492979049682617,0.5882745385169983,-0.02807440049946308,0.4446703791618347,0.6138789653778076,-0.03341593220829964,0.4379417300224304,0.6221652626991272,-0.03664424642920494,0.41094911098480225,0.5784539580345154,-0.022548165172338486,0.44817835092544556,0.6391239166259766,-0.03307916596531868,0.4438350796699524,0.6662030220031738,-0.03617600351572037,0.438667893409729,0.672436535358429,-0.03867489472031593,0.40174010396003723,0.6127179265022278,-0.02793305553495884,0.4404959976673126,0.6723927855491638,-0.03917060047388077,0.4408539831638336,0.6987392902374268,-0.039798539131879807,0.4389426112174988,0.7075993418693542,-0.03941800817847252,0.39317867159843445,0.6517586708068848,-0.03313882276415825,0.4262546896934509,0.6834981441497803,-0.041925765573978424,0.44228899478912354,0.7024683356285095,-0.04248897731304169,0.45626235008239746,0.7164142727851868,-0.04156888648867607,Call Me!
0.8146405816078186,0.6765850186347961,-4.370823205590568e-07,0.780796468257904,0.615731418132782,0.014373252168297768,0.7402774095535278,0.5621410012245178,0.015586087480187416,0.7101142406463623,0.5155603289604187,0.012929992750287056,0.700703501701355,0.46519315242767334,0.010123214684426785,0.7102174758911133,0.5418332815170288,-0.0019411417888477445,0.6536296010017395,0.5977070927619934,-0.00885180663317442,0.6602267026901245,0.637260913848877,-0.009238163940608501,0.6749785542488098,0.6446988582611084,-0.008706883527338505,0.7113909125328064,0.5713524222373962,-0.013950028456747532,0.6518968343734741,0.630078136920929,-0.022509178146719933,0.6647931337356567,0.6630445122718811,-0.01988731510937214,0.6817173361778259,0.6691460013389587,-0.017954345792531967,0.7151657342910767,0.614354133605957,-0.024633677676320076,0.6577959656715393,0.6625255346298218,-0.03293169289827347,0.6697904467582703,0.6912347078323364,-0.02659444510936737,0.6847150921821594,0.6960151195526123,-0.022181037813425064,0.7208617925643921,0.6645120978355408,-0.03383805975317955,0.6711375117301941,0.6892427206039429,-0.04264411702752113,0.6426053047180176,0.7057607173919678,-0.04378858581185341,0.6163380742073059,0.713737964630127,-0.04422701150178909,Call Me!
0.7981848120689392,0.6652458906173706,-4.5011833549324365e-07,0.7636029124259949,0.6061455011367798,0.014688359573483467,0.7234941720962524,0.5567417740821838,0.014897355809807777,0.693728506565094,0.5138770937919617,0.011303461156785488,0.683335542678833,0.46517622470855713,0.007955278269946575,0.6941941380500793,0.5398106575012207,-0.005786730907857418,0.6382325887680054,0.6017254590988159,-0.014196106232702732,0.6490322947502136,0.6373739838600159,-0.013901961967349052,0.665747344493866,0.6392419934272766,-0.012752106413245201,0.6978647112846375,0.5698128342628479,-0.01857544481754303,0.6390880346298218,0.635594367980957,-0.02893230691552162,0.6558400988578796,0.6623170375823975,-0.024944579228758812,0.6734976172447205,0.6605793237686157,-0.021988822147250175,0.7049161791801453,0.6129416823387146,-0.02997679077088833,0.6470111012458801,0.6655994057655334,-0.03931757062673569,0.6636340022087097,0.6886082887649536,-0.030664710327982903,0.6805476546287537,0.687945544719696,-0.024738820269703865,0.7146645784378052,0.6610051393508911,-0.039962321519851685,0.6670918464660645,0.6939910650253296,-0.050414085388183594,0.640053391456604,0.7118312120437622,-0.05208602547645569,0.6146777272224426,0.7206579446792603,-0.052837178111076355,Call Me!
0.7668418884277344,0.6246130466461182,-3.732720870175399e-07,0.7335078120231628,0.5757442116737366,0.00876307301223278,0.6926864981651306,0.5304942727088928,0.005659672897309065,0.6633551716804504,0.48995810747146606,0.00024410990590695292,0.6518093943595886,0.4441652297973633,-0.004909757524728775,0.6728390455245972,0.5143406391143799,-0.015215887688100338,0.6241269707679749,0.5753979086875916,-0.023867765441536903,0.6315326690673828,0.6064457297325134,-0.022820422425866127,0.6439722180366516,0.6112143397331238,-0.021557113155722618,0.6792749166488647,0.5418591499328613,-0.026034126058220863,0.6259831786155701,0.6104077696800232,-0.036455973982810974,0.6418737769126892,0.6317985653877258,-0.03241946920752525,0.6573991775512695,0.6290572285652161,-0.029975179582834244,0.6885495185852051,0.5829654932022095,-0.03553297370672226,0.6350700259208679,0.6348135471343994,-0.046207305043935776,0.6537008285522461,0.6524057984352112,-0.038203563541173935,0.6702873110771179,0.6504422426223755,-0.03298581764101982,0.7006664276123047,0.6285242438316345,-0.0438908226788044,0.6601630449295044,0.6643401980400085,-0.05532873421907425,0.6391466856002808,0.6869534254074097,-0.05686012655496597,0.6172735095024109,0.7027081251144409,-0.05770547688007355,Call Me!
0.7655768394470215,0.6631976366043091,-3.480587054127682e-07,0.739647626876831,0.6028270721435547,0.009390171617269516,0.7048579454421997,0.5515427589416504,0.00982833094894886,0.6781601905822754,0.5097413063049316,0.0064698439091444016,0.6682806015014648,0.4676273763179779,0.002130631823092699,0.6575148105621338,0.5534616708755493,0.002396241994574666,0.6157495975494385,0.605688214302063,-0.0022594656329602003,0.6216779351234436,0.6425740122795105,-0.005317446775734425,0.6326143145561218,0.6541754603385925,-0.0075596473179757595,0.6559374928474426,0.5883445739746094,-0.007656051777303219,0.6106216311454773,0.6379243731498718,-0.014200681820511818,0.6218411326408386,0.6684802174568176,-0.015563099645078182,0.6369433403015137,0.6788273453712463,-0.01651332713663578,0.6603499054908752,0.6309345364570618,-0.016924584284424782,0.6109022498130798,0.6711591482162476,-0.02487434633076191,0.6199514269828796,0.6978222131729126,-0.022705234587192535,0.6337413191795349,0.7055706977844238,-0.02068900130689144,0.6682338118553162,0.6771461963653564,-0.02514168992638588,0.6226200461387634,0.7086711525917053,-0.03333095461130142,0.5950366258621216,0.7323301434516907,-0.03468715772032738,0.5708080530166626,0.7482209205627441,-0.03503447771072388,Call Me!
0.720986008644104,0.7433614134788513,-2.3893267098173965e-07,0.7152105569839478,0.6532324552536011,0.0029215984977781773,0.6904162168502808,0.5841480493545532,0.0029846851248294115,0.6681793332099915,0.5304486155509949,0.0004306661430746317,0.6653993129730225,0.4796052873134613,-0.002512481762096286,0.6183372139930725,0.5893970727920532,0.009776882827281952,0.5949705243110657,0.6232825517654419,0.011569084599614143,0.6063446402549744,0.651222288608551,0.009243214502930641,0.6204003691673279,0.6648229956626892,0.0065445792861282825,0.6027951836585999,0.6361933946609497,0.0040819463320076466,0.5798582434654236,0.6633777618408203,0.0048899296671152115,0.5900881290435791,0.689967930316925,0.0010981266386806965,0.60491943359375,0.7029242515563965,-0.0023513692431151867,0.5971181988716125,0.6882748007774353,-0.001313293119892478,0.5628541707992554,0.7027906179428101,-0.0057648164220154285,0.5661906003952026,0.7240942716598511,-0.008188062347471714,0.577920138835907,0.7333566546440125,-0.009428754448890686,0.5983970165252686,0.7412381768226624,-0.006070459261536598,0.5566836595535278,0.75128573179245,-0.012449746951460838,0.5295383334159851,0.7691953778266907,-0.013017958961427212,0.5077994465827942,0.7825497984886169,-0.011997189372777939,Call Me!
0.633726179599762,0.8001903295516968,3.384567435205099e-07,0.6400074362754822,0.6949509382247925,-0.009143312461674213,0.6235227584838867,0.6157323122024536,-0.015529783442616463,0.6050613522529602,0.5506725311279297,-0.02180824615061283,0.6008138060569763,0.4982054829597473,-0.02911783754825592,0.541238009929657,0.6365031003952026,-0.010730371810495853,0.4992109537124634,0.6178949475288391,-0.015607211738824844,0.47200116515159607,0.6044380068778992,-0.02057674527168274,0.4542352855205536,0.5968539118766785,-0.02373591624200344,0.519987940788269,0.6987323760986328,-0.01030542142689228,0.4761057198047638,0.6816248893737793,-0.01104908436536789,0.4478687644004822,0.6644007563591003,-0.012518339790403843,0.42807483673095703,0.6520710587501526,-0.01429772935807705,0.5136617422103882,0.7586572766304016,-0.01002319436520338,0.47839808464050293,0.7552462816238403,-0.011603688821196556,0.48251157999038696,0.7497873902320862,-0.010094513185322285,0.49475914239883423,0.7482808232307434,-0.008812938816845417,0.516027569770813,0.8153992295265198,-0.010873713530600071,0.49517306685447693,0.821867823600769,-0.01245711836963892,0.49893274903297424,0.8217708468437195,-0.008806340396404266,0.510200560092926,0.8225752115249634,-0.004545173142105341,Call Me!
0.6765570640563965,0.7794288992881775,-4.487706561917548e-08,0.6810289621353149,0.6753573417663574,-0.006343762390315533,0.6616498827934265,0.5934830904006958,-0.01430139597505331,0.6422338485717773,0.5277519822120667,-0.02272646129131317,0.6371830105781555,0.4703499674797058,-0.03301123157143593,0.5821179151535034,0.6237486600875854,-0.01591358706355095,0.5475982427597046,0.6263685822486877,-0.02467924728989601,0.5280020833015442,0.6318312883377075,-0.03271470591425896,0.5164953470230103,0.6384356617927551,-0.03859148919582367,0.5616082549095154,0.6804784536361694,-0.018316710367798805,0.5293353796005249,0.696428120136261,-0.02449851483106613,0.5209800601005554,0.7108777761459351,-0.029319362714886665,0.5193532705307007,0.7228965163230896,-0.03370262309908867,0.552787721157074,0.7383902668952942,-0.019949769601225853,0.5194777846336365,0.756390392780304,-0.02695893682539463,0.5165696740150452,0.7676969170570374,-0.02632683701813221,0.5224038362503052,0.7751105427742004,-0.02601347491145134,0.5504364967346191,0.7945051193237305,-0.021915335208177567,0.5181746482849121,0.8152751326560974,-0.028353990986943245,0.5129682421684265,0.819595217704773,-0.025104686617851257,0.515471875667572,0.8201016783714294,-0.021025346592068672,Call Me!
0.7828690409660339,0.6360607743263245,-1.4641304346696415e-07,0.7658693194389343,0.5637818574905396,0.004059241618961096,0.7330063581466675,0.5113306045532227,0.0025591920129954815,0.7065457701683044,0.46481016278266907,-0.0021876972168684006,0.6992378234863281,0.4206569790840149,-0.008526118472218513,0.6677758097648621,0.5302736163139343,0.009455397725105286,0.6331075429916382,0.5856462717056274,0.004341857507824898,0.6228817105293274,0.629652202129364,-0.0028485392685979605,0.6195094585418701,0.657217800617218,-0.00857650674879551,0.6590512990951538,0.5733383297920227,0.0017198404530063272,0.6205853819847107,0.6245334148406982,-0.001049511251039803,0.6071168184280396,0.6670436263084412,-0.005367572419345379,0.5984914898872375,0.6938709020614624,-0.009875359013676643,0.6593735814094543,0.622050940990448,-0.006738016381859779,0.6142253875732422,0.6596095561981201,-0.013322391547262669,0.5923640727996826,0.700002133846283,-0.016665518283843994,0.5768498778343201,0.7259984016418457,-0.019362345337867737,0.6663858890533447,0.6723501682281494,-0.014708777889609337,0.6252484917640686,0.7020524740219116,-0.02341305837035179,0.600277304649353,0.7297536134719849,-0.025647027418017387,0.5784119367599487,0.7499120235443115,-0.02614923194050789,Call Me!
0.7764833569526672,0.5378496050834656,-2.0705913073015836e-07,0.74803626537323,0.4895344078540802,0.014934424310922623,0.7132928371429443,0.464809387922287,0.017221221700310707,0.6866666674613953,0.43866708874702454,0.014466914348304272,0.6760267019271851,0.4031186103820801,0.009190216660499573,0.6614961624145508,0.4768694043159485,0.01332760788500309,0.6252298355102539,0.5480570197105408,0.007910983636975288,0.6054055094718933,0.5978677868843079,0.0014191607479006052,0.5919263362884521,0.6316754221916199,-0.004015632905066013,0.6593524813652039,0.503994882106781,-1.844165126385633e-05,0.6179835796356201,0.5762414336204529,-0.0034377144183963537,0.5974386930465698,0.6226773858070374,-0.006167999468743801,0.5821019411087036,0.6547550559043884,-0.009553390555083752,0.6651474237442017,0.5407688617706299,-0.013086189515888691,0.617906928062439,0.5979909300804138,-0.018322044983506203,0.596472442150116,0.6391981840133667,-0.018025275319814682,0.5790547728538513,0.6667550206184387,-0.018472395837306976,0.6770420074462891,0.5831192135810852,-0.02508622221648693,0.6368213891983032,0.624523401260376,-0.03304894268512726,0.6134312748908997,0.653843104839325,-0.03355627879500389,0.5925090909004211,0.6769750714302063,-0.03297051787376404,Call Me!
0.7517980337142944,0.791293740272522,-1.190678560192282e-07,0.7362374663352966,0.713222861289978,-0.00162114470731467,0.7091893553733826,0.6563875079154968,-0.007996625266969204,0.6893673539161682,0.6038450002670288,-0.01602024771273136,0.6841409802436829,0.5564042329788208,-0.024787209928035736,0.6545004844665527,0.6785157322883606,-0.002416997216641903,0.6242628693580627,0.7064815163612366,-0.008990000002086163,0.630095362663269,0.7280681133270264,-0.015896975994110107,0.6392943859100342,0.7398651242256165,-0.021347936242818832,0.647868812084198,0.7249754667282104,-0.007990495301783085,0.6184660196304321,0.7465556263923645,-0.018877536058425903,0.6298789978027344,0.7607592940330505,-0.026586124673485756,0.6440271139144897,0.7696595191955566,-0.030017904937267303,0.6492418050765991,0.7750483155250549,-0.01413357350975275,0.6098734140396118,0.7941867113113403,-0.023359861224889755,0.5867911577224731,0.8141863346099854,-0.031063318252563477,0.5698553919792175,0.8314327597618103,-0.03579416498541832,0.6560364961624146,0.8222342729568481,-0.019678333774209023,0.6182923316955566,0.8373196721076965,-0.026695238426327705,0.596308171749115,0.8520029783248901,-0.030149077996611595,0.5759388208389282,0.8652471303939819,-0.032072603702545166,Call Me!
0.7787668108940125,0.7804665565490723,-1.7397910312411113e-07,0.7577645778656006,0.7069730758666992,0.0025323450099676847,0.7292183041572571,0.647004246711731,-0.0009030833607539535,0.7098327279090881,0.5967394709587097,-0.00653472263365984,0.706256091594696,0.5491253733634949,-0.012842172756791115,0.6807785034179688,0.678102970123291,-0.0058709499426186085,0.647930920124054,0.7160549163818359,-0.010248511098325253,0.659430980682373,0.7307363748550415,-0.012644907459616661,0.6745706796646118,0.7273038029670715,-0.01339700073003769,0.6789807081222534,0.7238207459449768,-0.011444511823356152,0.6505531072616577,0.7559259533882141,-0.014574012719094753,0.6619214415550232,0.7689617276191711,-0.015933776274323463,0.6764683723449707,0.7664403915405273,-0.017317993566393852,0.6826950311660767,0.7715632915496826,-0.01615901105105877,0.6537438631057739,0.7953752875328064,-0.019599661231040955,0.6634491682052612,0.806609570980072,-0.01794116385281086,0.6774003505706787,0.8038644194602966,-0.016840120777487755,0.688850998878479,0.8175650238990784,-0.02040710672736168,0.6537235379219055,0.8292631506919861,-0.02190960757434368,0.6327812075614929,0.8435338139533997,-0.019517552107572556,0.6163047552108765,0.8536861538887024,-0.01748240366578102,Call Me!
0.7878293991088867,0.7737892270088196,-2.0379822274207982e-07,0.7661163210868835,0.7032789587974548,0.001158440951257944,0.7367145419120789,0.6419638991355896,-0.0026589101180434227,0.7168620228767395,0.5912138223648071,-0.008441894315183163,0.7140408754348755,0.542626678943634,-0.014553260989487171,0.6877750754356384,0.673454761505127,-0.008212363347411156,0.6512735486030579,0.714389443397522,-0.01380340289324522,0.6646082401275635,0.7295172810554504,-0.016111453995108604,0.6804712414741516,0.7251749634742737,-0.016984105110168457,0.6864870190620422,0.7171415090560913,-0.013621609658002853,0.6541418433189392,0.7539383769035339,-0.018559619784355164,0.6680499315261841,0.7669883370399475,-0.019196661189198494,0.6827449798583984,0.7631275653839111,-0.020163850858807564,0.6910704374313354,0.7635265588760376,-0.018464135006070137,0.6561115384101868,0.791840136051178,-0.024313831701874733,0.6694437265396118,0.802731454372406,-0.02158394269645214,0.6855921149253845,0.7985468506813049,-0.019538812339305878,0.6984714865684509,0.8089085221290588,-0.02298891544342041,0.6608688831329346,0.8275849223136902,-0.027752285823225975,0.6377017498016357,0.8437307476997375,-0.027172762900590897,0.6180093884468079,0.853912353515625,-0.026334265246987343,Call Me!
0.791400134563446,0.763449490070343,-2.102533898096226e-07,0.7700570225715637,0.691705048084259,0.0011171168880537152,0.7390983700752258,0.6277980208396912,-0.0032086456194519997,0.7196877598762512,0.5737705826759338,-0.009984172880649567,0.7161015272140503,0.5244989395141602,-0.017072239890694618,0.6897469758987427,0.6539848446846008,-0.006445800419896841,0.6525329351425171,0.6965711712837219,-0.0144644845277071,0.667569637298584,0.7119197249412537,-0.019554613158106804,0.6847830414772034,0.7063542604446411,-0.021872112527489662,0.687587559223175,0.6990888714790344,-0.01214512623846531,0.655199408531189,0.7365211248397827,-0.018950417637825012,0.6708918809890747,0.7502917051315308,-0.021370116621255875,0.687179446220398,0.7453913688659668,-0.023023635149002075,0.6911377906799316,0.7471415996551514,-0.01760539785027504,0.6564776301383972,0.775184154510498,-0.02422928437590599,0.6706039309501648,0.7877196669578552,-0.022268353030085564,0.6878729462623596,0.7827910780906677,-0.020334331318736076,0.6975384950637817,0.7937838435173035,-0.022881634533405304,0.6610966324806213,0.8122296333312988,-0.026795627549290657,0.6384483575820923,0.8315050601959229,-0.025730401277542114,0.6196705102920532,0.844141960144043,-0.02435125783085823,Call Me!
0.8243317008018494,0.6231074333190918,-2.613236347315251e-07,0.8008406162261963,0.5377321839332581,0.00034049456007778645,0.7647677063941956,0.4667617082595825,-0.0038718271534889936,0.737798810005188,0.4076012969017029,-0.011138656176626682,0.7315194606781006,0.350921630859375,-0.019352851435542107,0.7001783847808838,0.5027622580528259,-0.0024687321856617928,0.6622922420501709,0.5642717480659485,-0.010055246762931347,0.6763504147529602,0.5949277877807617,-0.016180364415049553,0.694428026676178,0.5986553430557251,-0.019139600917696953,0.6970391273498535,0.5566869378089905,-0.008753588423132896,0.6637374758720398,0.6135151386260986,-0.016498403623700142,0.67979896068573,0.6386640667915344,-0.021917851641774178,0.6984560489654541,0.6400072574615479,-0.025097910314798355,0.7013173699378967,0.6132568717002869,-0.0148930000141263,0.6651486158370972,0.659823477268219,-0.02326725423336029,0.679401695728302,0.6825390458106995,-0.02446327731013298,0.6978548765182495,0.6811849474906921,-0.0239537563174963,0.7094526290893555,0.6681358218193054,-0.02076173573732376,0.6674033999443054,0.6974098086357117,-0.025604579597711563,0.6435209512710571,0.7323131561279297,-0.024850836023688316,0.624398410320282,0.7571626901626587,-0.0230855830013752,Call Me!
0.8593664169311523,0.6017541289329529,-2.902148139583005e-07,0.8273611068725586,0.4772471785545349,-0.0010023085633292794,0.7771872282028198,0.3765842020511627,-0.0063167754560709,0.7372457385063171,0.29567188024520874,-0.014531571418046951,0.7267230153083801,0.21428290009498596,-0.023978115990757942,0.679594099521637,0.4432811439037323,-0.0026343155186623335,0.6407678723335266,0.5133702754974365,-0.006193065550178289,0.6611038446426392,0.5440700054168701,-0.011266716755926609,0.6843134760856628,0.546589732170105,-0.014534953981637955,0.6757098436355591,0.5214883685112,-0.009094204753637314,0.6426160931587219,0.5814668536186218,-0.013242872431874275,0.6662187576293945,0.6061221361160278,-0.019780252128839493,0.6930830478668213,0.6069698333740234,-0.02470739744603634,0.6843132972717285,0.5999879837036133,-0.014552495442330837,0.6426101922988892,0.6487208604812622,-0.022800130769610405,0.6625915169715881,0.6705969572067261,-0.025144625455141068,0.6898161768913269,0.668737530708313,-0.025568895041942596,0.6981794834136963,0.6767551898956299,-0.019373828545212746,0.6442262530326843,0.7126312851905823,-0.02529982477426529,0.6112450957298279,0.7483148574829102,-0.024118321016430855,0.5830755829811096,0.773430347442627,-0.021604185923933983,Call Me!
0.8332350850105286,0.6955170035362244,-2.69819423692752e-07,0.7976003289222717,0.5513511300086975,-0.0013008305104449391,0.7452998757362366,0.4478728771209717,-0.007142703514546156,0.7005197405815125,0.3631424605846405,-0.01520614419132471,0.6831807494163513,0.2777993381023407,-0.02433377504348755,0.6371750831604004,0.535538911819458,-0.0037324370350688696,0.6066243052482605,0.5880443453788757,-0.001290993532165885,0.6308140158653259,0.6084765195846558,-0.0032259076833724976,0.6559910774230957,0.6087343692779541,-0.005872889421880245,0.6320122480392456,0.6262121796607971,-0.008356199599802494,0.6108763217926025,0.668267011642456,-0.004127975553274155,0.6355454325675964,0.6834961175918579,-0.008780190721154213,0.6622690558433533,0.683445155620575,-0.015486913733184338,0.6427420973777771,0.7121690511703491,-0.011019865982234478,0.6110165119171143,0.7449736595153809,-0.013246443122625351,0.633776843547821,0.7561523914337158,-0.015233135782182217,0.6613328456878662,0.7531104683876038,-0.018222784623503685,0.6595016717910767,0.789832592010498,-0.012759409844875336,0.6084204316139221,0.8192186951637268,-0.015312652103602886,0.5773048996925354,0.8480444550514221,-0.012220775708556175,0.5499676465988159,0.8717142343521118,-0.00968220829963684,Call Me!
0.7724651098251343,0.7265121340751648,-2.697114496186259e-07,0.7382240891456604,0.5829054117202759,-0.0029977078083902597,0.6876673698425293,0.48101237416267395,-0.009636914357542992,0.647773802280426,0.4009603261947632,-0.018225720152258873,0.636959969997406,0.3142072558403015,-0.02743644081056118,0.5856579542160034,0.5795867443084717,-0.005812279414385557,0.5606532096862793,0.6259557604789734,-0.0026047176215797663,0.5872310400009155,0.642890989780426,-0.003579698270186782,0.6148351430892944,0.643235981464386,-0.005608856678009033,0.5783504843711853,0.6691522002220154,-0.009432489052414894,0.5675315260887146,0.70472651720047,-0.004638252314180136,0.5951108336448669,0.7154834270477295,-0.009222418069839478,0.623263418674469,0.7131069302558899,-0.01598990336060524,0.5869840979576111,0.7516499757766724,-0.010959426872432232,0.5604180693626404,0.7796815633773804,-0.01109996996819973,0.585713267326355,0.7855689525604248,-0.011731105856597424,0.6148733496665955,0.779517412185669,-0.014351115562021732,0.6018201112747192,0.8256192207336426,-0.012060887180268764,0.5574741363525391,0.8496755361557007,-0.012415284290909767,0.5305308103561401,0.8757532835006714,-0.007806785870343447,0.5060965418815613,0.8991393446922302,-0.004606191534548998,Call Me!
0.7485711574554443,0.7397736310958862,-2.6746394610199786e-07,0.7207310795783997,0.6053749918937683,-0.0031126749236136675,0.6759904026985168,0.5160452723503113,-0.008172961883246899,0.6386760473251343,0.4400922656059265,-0.014694470912218094,0.6280717849731445,0.3617055118083954,-0.021695027127861977,0.5782142281532288,0.5979655385017395,-0.0036111311055719852,0.566592812538147,0.6250422596931458,0.0022938032634556293,0.5941674113273621,0.6375837922096252,0.001980573171749711,0.6187745928764343,0.6409890651702881,-0.00021440746786538512,0.5696960091590881,0.6820288300514221,-0.005672691389918327,0.5659794807434082,0.7013959288597107,0.0026209100615233183,0.5910606384277344,0.7096965312957764,-0.001182017382234335,0.6163027286529541,0.712193489074707,-0.0082211559638381,0.5767448544502258,0.7590612769126892,-0.0057436628267169,0.5611417293548584,0.7766737341880798,-0.0032509576994925737,0.5846093893051147,0.781392514705658,-0.005815712735056877,0.6106343269348145,0.7805216908454895,-0.010467411950230598,0.5898183584213257,0.8260558247566223,-0.005268899258226156,0.5523239970207214,0.8527497053146362,-0.0037225065752863884,0.5306599736213684,0.8800141215324402,0.00026508522569201887,0.5120370388031006,0.9064136743545532,0.0024884131271392107,Call Me!
0.1676964908838272,0.7224658131599426,-3.865351629883662e-07,0.20771551132202148,0.6065100431442261,-0.005857429932802916,0.2666250765323639,0.5132266283035278,-0.013862554915249348,0.30946531891822815,0.4441252052783966,-0.022416990250349045,0.3262760639190674,0.37084099650382996,-0.027828525751829147,0.3334260880947113,0.575587272644043,-0.012149076908826828,0.3704145848751068,0.6720712780952454,-0.022894728928804398,0.33859723806381226,0.6788202524185181,-0.02836306393146515,0.31392988562583923,0.6566846370697021,-0.032077327370643616,0.32980889081954956,0.6496815085411072,-0.018718119710683823,0.3663824200630188,0.7335618138313293,-0.027682779356837273,0.3332573473453522,0.7305618524551392,-0.02930651418864727,0.3086681663990021,0.7095538973808289,-0.031222043558955193,0.31873026490211487,0.7256044745445251,-0.025955867022275925,0.34769728779792786,0.7958393692970276,-0.03720221295952797,0.3156079649925232,0.7853952050209045,-0.0330125093460083,0.29175522923469543,0.7563788294792175,-0.029158925637602806,0.3043070137500763,0.8003250360488892,-0.03315909206867218,0.36263808608055115,0.8431432843208313,-0.040858495980501175,0.3977220058441162,0.8747460842132568,-0.03832629323005676,0.4307406544685364,0.8984224200248718,-0.035602204501628876,Call Me!
0.1557757407426834,0.7466935515403748,-2.393825582203135e-07,0.19492480158805847,0.617272675037384,-0.007500193547457457,0.24937006831169128,0.5192015767097473,-0.014523214660584927,0.2933090031147003,0.44753050804138184,-0.023098789155483246,0.31683534383773804,0.3821789622306824,-0.028618475422263145,0.31002503633499146,0.6038810014724731,-0.0035428523551672697,0.3563900887966156,0.6460275053977966,-0.02092025987803936,0.33683058619499207,0.6540896892547607,-0.03107544593513012,0.312017023563385,0.6539471745491028,-0.035340193659067154,0.3123067319393158,0.6833701133728027,-0.008905157446861267,0.36537837982177734,0.7170588374137878,-0.029711179435253143,0.3403848707675934,0.7130334973335266,-0.038643963634967804,0.310302734375,0.7073897123336792,-0.04106348380446434,0.3089776635169983,0.7579255700111389,-0.016594544053077698,0.346156507730484,0.7910280227661133,-0.03694622218608856,0.3146589994430542,0.7714746594429016,-0.03783566132187843,0.28446638584136963,0.7511641979217529,-0.033010128885507584,0.2997170686721802,0.8272180557250977,-0.024472732096910477,0.3592720031738281,0.8645600080490112,-0.03802408277988434,0.3972950279712677,0.8907570838928223,-0.04097789525985718,0.4314195513725281,0.9118836522102356,-0.04044829681515694,Call Me!
0.14875388145446777,0.7609140872955322,-3.293106090040965e-07,0.18843501806259155,0.6309654116630554,-0.0045148530043661594,0.2469535917043686,0.5282320976257324,-0.012636019848287106,0.29262575507164,0.4546120762825012,-0.022236913442611694,0.3157573342323303,0.384187787771225,-0.028673000633716583,0.3171653747558594,0.6019688844680786,-0.00933557003736496,0.361056923866272,0.671604335308075,-0.02193210832774639,0.3369676470756531,0.6824242472648621,-0.027280757203698158,0.31285449862480164,0.6737193465232849,-0.02970467321574688,0.31461504101753235,0.6820281744003296,-0.016966836526989937,0.364082932472229,0.7433627247810364,-0.030868656933307648,0.33312761783599854,0.7447608113288879,-0.03364469110965729,0.3034314215183258,0.7322084307670593,-0.03439633548259735,0.30602699518203735,0.7603589296340942,-0.025649337098002434,0.3440355062484741,0.8151842355728149,-0.040629129856824875,0.31039777398109436,0.8042230010032654,-0.03679816797375679,0.2811261713504791,0.7804930806159973,-0.03131557255983353,0.2934052646160126,0.8362306952476501,-0.03417924791574478,0.357975572347641,0.8756181001663208,-0.0448363721370697,0.3985616862773895,0.9039100408554077,-0.044321488589048386,0.43586111068725586,0.9243322610855103,-0.042190030217170715,Call Me!
0.25768864154815674,0.5891107320785522,-3.036488465113507e-07,0.2877849042415619,0.5060011744499207,0.0013540179934352636,0.3286324739456177,0.44272810220718384,-0.002380197634920478,0.3591250777244568,0.396016925573349,-0.008114303462207317,0.36881422996520996,0.34624162316322327,-0.012097029015421867,0.3815816342830658,0.48442769050598145,-0.0033410063479095697,0.4081170856952667,0.5443782806396484,-0.011995538137853146,0.3848290741443634,0.5547443628311157,-0.017077123746275902,0.3638918697834015,0.544388473033905,-0.01987401209771633,0.3819218873977661,0.535744309425354,-0.011274459771811962,0.40747013688087463,0.5957028865814209,-0.0183548666536808,0.38344767689704895,0.6005819439888,-0.02050873078405857,0.36407968401908875,0.5877627730369568,-0.022334536537528038,0.37657928466796875,0.592287540435791,-0.01956363022327423,0.4000806510448456,0.6458229422569275,-0.02784505859017372,0.3763941526412964,0.6447780132293701,-0.025296589359641075,0.3588024377822876,0.6280079483985901,-0.022934021428227425,0.36722907423973083,0.6499927639961243,-0.027499930933117867,0.4131476879119873,0.6882241368293762,-0.03374871611595154,0.44085368514060974,0.7135924100875854,-0.03252569958567619,0.46781787276268005,0.7309054136276245,-0.03109833039343357,Call Me!
0.27137210965156555,0.5914940237998962,-3.097821377195942e-07,0.29999256134033203,0.5161970257759094,0.0031042115297168493,0.3399710953235626,0.45829644799232483,0.0009367457823827863,0.36841678619384766,0.415312260389328,-0.0028599919751286507,0.37955033779144287,0.3701298236846924,-0.004874927457422018,0.3921137750148773,0.4897426664829254,-0.001065521384589374,0.4153161644935608,0.5589123964309692,-0.0058574858121573925,0.39300537109375,0.5699100494384766,-0.008874628692865372,0.3734174370765686,0.558924674987793,-0.011069631204009056,0.3927001953125,0.5362920761108398,-0.008656799793243408,0.41448158025741577,0.606883704662323,-0.010597148910164833,0.39118143916130066,0.6130373477935791,-0.010684391483664513,0.3738377094268799,0.5992779731750488,-0.012214223854243755,0.386726438999176,0.5888242125511169,-0.016128836199641228,0.40639570355415344,0.6527547240257263,-0.0202512014657259,0.3823426365852356,0.6532363891601562,-0.016459641978144646,0.3652499318122864,0.6346626281738281,-0.014355162158608437,0.3762955665588379,0.6419625878334045,-0.023137720301747322,0.4180542528629303,0.6794514060020447,-0.02736780233681202,0.44283661246299744,0.7073078155517578,-0.025200320407748222,0.4659821689128876,0.7274016737937927,-0.023313309997320175,Call Me!
0.360785573720932,0.7016587257385254,-1.7909351868183876e-07,0.3804616928100586,0.6563630700111389,-7.20805037417449e-05,0.4062756896018982,0.620296061038971,-0.003698805347084999,0.4252281188964844,0.5922914147377014,-0.008096391335129738,0.4330140948295593,0.5613040924072266,-0.011445934884250164,0.435306191444397,0.6431310772895813,-0.007155823055654764,0.45438098907470703,0.6893004775047302,-0.012717975303530693,0.4398197829723358,0.697064995765686,-0.015641387552022934,0.42739155888557434,0.6880415678024292,-0.017575882375240326,0.43415120244026184,0.6740156412124634,-0.011802361346781254,0.4534479081630707,0.718794584274292,-0.01575635001063347,0.43883204460144043,0.7235673069953918,-0.01620837301015854,0.42720675468444824,0.7138045430183411,-0.01723545975983143,0.4299550950527191,0.7085782289505005,-0.016326963901519775,0.44760334491729736,0.749406635761261,-0.02048431895673275,0.43292659521102905,0.750970184803009,-0.01753687486052513,0.42147716879844666,0.7394787669181824,-0.015798749402165413,0.4231019914150238,0.7439385652542114,-0.02076433226466179,0.45069894194602966,0.7697436213493347,-0.024353422224521637,0.46688979864120483,0.7895135879516602,-0.02317916974425316,0.481841504573822,0.8047695755958557,-0.022251902148127556,Call Me!
0.3548631966114044,0.7250136733055115,-1.9484025415295037e-07,0.37566739320755005,0.6818118691444397,-0.0001682098227320239,0.4042065143585205,0.6457911729812622,-0.0049503459595143795,0.424037903547287,0.6175515651702881,-0.010461798869073391,0.4317854344844818,0.5855616927146912,-0.014676105231046677,0.43617314100265503,0.6688944697380066,-0.009581794030964375,0.4521534740924835,0.7231158018112183,-0.015682172030210495,0.43494170904159546,0.7292806506156921,-0.018498815596103668,0.4219987988471985,0.7179331183433533,-0.020522356033325195,0.4323883056640625,0.6995586156845093,-0.015085245482623577,0.44795018434524536,0.7536095380783081,-0.020556045696139336,0.4310172498226166,0.7559211850166321,-0.0211976058781147,0.41932007670402527,0.7438557147979736,-0.022231750190258026,0.4252036213874817,0.7348595261573792,-0.02032635360956192,0.43995434045791626,0.7835209369659424,-0.025745579972863197,0.423967182636261,0.7827799320220947,-0.022740457206964493,0.4126288592815399,0.7684687376022339,-0.020717328414320946,0.41629499197006226,0.771208643913269,-0.02540457621216774,0.4446508288383484,0.8014333248138428,-0.029573505744338036,0.4612358510494232,0.8224904537200928,-0.028308600187301636,0.4766927659511566,0.8387805819511414,-0.027182139456272125,Call Me!
0.29604244232177734,0.47264814376831055,-2.244759258474005e-07,0.3297942280769348,0.45491865277290344,0.0055760848335921764,0.3688705563545227,0.45354533195495605,0.004815793130546808,0.39658650755882263,0.4494195580482483,0.0012291016755625606,0.4104878604412079,0.42455416917800903,-0.0013146206038072705,0.39778730273246765,0.48782777786254883,0.001998182386159897,0.40148651599884033,0.5599839091300964,-0.005383505020290613,0.38178008794784546,0.5652270913124084,-0.008756273426115513,0.36718910932540894,0.5495234131813049,-0.009701013565063477,0.3909975290298462,0.5144349336624146,-0.006293830461800098,0.3893168866634369,0.5924553275108337,-0.013964997604489326,0.3644247353076935,0.5938895344734192,-0.0151591207832098,0.3495659828186035,0.5800923705101013,-0.014273959212005138,0.37850141525268555,0.5451942682266235,-0.014586037956178188,0.3735616207122803,0.6209086775779724,-0.02326185442507267,0.3477441668510437,0.6154844164848328,-0.01951141282916069,0.3319877088069916,0.5973649024963379,-0.013947919942438602,0.36176151037216187,0.5758368372917175,-0.02232951857149601,0.3807988464832306,0.636634886264801,-0.02758122608065605,0.39017415046691895,0.6787141561508179,-0.024751748889684677,0.3982582688331604,0.7139542102813721,-0.02069251798093319,Call Me!
0.28816553950309753,0.47320348024368286,-2.68837681005607e-07,0.3235025405883789,0.454971581697464,0.006486114114522934,0.3640376329421997,0.4523550868034363,0.005779897328466177,0.39302346110343933,0.45017486810684204,0.0020816659089177847,0.40799248218536377,0.4259231388568878,-0.000600579718593508,0.39576348662376404,0.489545613527298,0.001857058610767126,0.3969612717628479,0.5688507556915283,-0.005972432438284159,0.37457412481307983,0.5703513622283936,-0.00999382883310318,0.3592439889907837,0.5497410297393799,-0.011454986408352852,0.3883713483810425,0.5161834955215454,-0.007240658160299063,0.383291095495224,0.6009373664855957,-0.01522128190845251,0.355925977230072,0.59913569688797,-0.016433779150247574,0.3401961624622345,0.5818092226982117,-0.015457019209861755,0.3744867742061615,0.5472246408462524,-0.016208384186029434,0.3671896457672119,0.6269857287406921,-0.024673910811543465,0.34028860926628113,0.6189957857131958,-0.020253615453839302,0.3245963454246521,0.598466157913208,-0.014262785203754902,0.35596030950546265,0.5784913301467896,-0.024551792070269585,0.3761821687221527,0.6424654126167297,-0.029695387929677963,0.3860110342502594,0.6858040690422058,-0.02616172842681408,0.39481881260871887,0.7221150398254395,-0.02145443484187126,Call Me!
0.21286442875862122,0.6496274471282959,-2.620976715661527e-07,0.24077817797660828,0.6061804890632629,0.00551114184781909,0.2782337963581085,0.5658971667289734,0.0019493668805807829,0.3056512176990509,0.5367347598075867,-0.004446554929018021,0.31349390745162964,0.49931600689888,-0.009650648571550846,0.31367233395576477,0.567337691783905,-0.00585039472207427,0.3434080481529236,0.6447489857673645,-0.016975238919258118,0.32218536734580994,0.664986789226532,-0.02169628255069256,0.3034690022468567,0.655518651008606,-0.023264950141310692,0.3087117373943329,0.5928007364273071,-0.015817781910300255,0.33892861008644104,0.6814320683479309,-0.02700226940214634,0.31331077218055725,0.7035461664199829,-0.02741977944970131,0.29484546184539795,0.6974265575408936,-0.02561354637145996,0.3016529083251953,0.6305680274963379,-0.025497281923890114,0.3302084505558014,0.7172425389289856,-0.03516141697764397,0.3043878674507141,0.7358470559120178,-0.02868610993027687,0.2852788269519806,0.7296496629714966,-0.021419821307063103,0.29289278388023376,0.6748335361480713,-0.034673016518354416,0.3336782157421112,0.7191284894943237,-0.038821201771497726,0.35632309317588806,0.7483361959457397,-0.03416486829519272,0.3773970603942871,0.7710283398628235,-0.029202042147517204,Call Me!
0.19090744853019714,0.7670211791992188,-8.052116839962764e-08,0.22516438364982605,0.751530647277832,0.005376854911446571,0.259417861700058,0.7202372550964355,0.0024589230306446552,0.2874239385128021,0.7081550359725952,-0.002066154032945633,0.30416131019592285,0.7042381763458252,-0.00558141665533185,0.2739877998828888,0.641407310962677,-0.007459955755621195,0.3080248534679413,0.7155634164810181,-0.018390115350484848,0.30896392464637756,0.7531977295875549,-0.02505178563296795,0.3080528676509857,0.7680777311325073,-0.029592059552669525,0.2681307792663574,0.6510252952575684,-0.015650417655706406,0.3071649968624115,0.7353945970535278,-0.02766553685069084,0.29603925347328186,0.7794503569602966,-0.02793481945991516,0.2868371903896332,0.8004934787750244,-0.026834668591618538,0.261383980512619,0.6775619387626648,-0.023416617885231972,0.30160391330718994,0.758821964263916,-0.03353577107191086,0.29232263565063477,0.8026763200759888,-0.026682743802666664,0.28194597363471985,0.8255100846290588,-0.020000966265797615,0.25407466292381287,0.7175436615943909,-0.030955441296100616,0.29738491773605347,0.7440905570983887,-0.03728519752621651,0.3227046728134155,0.7556492686271667,-0.034277498722076416,0.34555232524871826,0.7621707320213318,-0.03091401606798172,Call Me!
0.21032382547855377,0.7613872289657593,9.063484185389825e-08,0.24200557172298431,0.7437369227409363,-0.0012151709524914622,0.27527916431427,0.7243814468383789,-0.008096667937934399,0.3018019199371338,0.7228738069534302,-0.016093550249934196,0.3192921280860901,0.7232561707496643,-0.022921860218048096,0.2758547067642212,0.6484118700027466,-0.012690947391092777,0.31015557050704956,0.7104392051696777,-0.027644338086247444,0.31862276792526245,0.7430877685546875,-0.036657024174928665,0.32629233598709106,0.7581928968429565,-0.041855644434690475,0.2678786516189575,0.655815064907074,-0.018934791907668114,0.30732905864715576,0.731814444065094,-0.037281427532434464,0.3043370544910431,0.7747089862823486,-0.041525766253471375,0.3026983439922333,0.7985242009162903,-0.04145031049847603,0.261952668428421,0.6795977354049683,-0.02545062266290188,0.30266445875167847,0.7590580582618713,-0.04223665967583656,0.29661625623703003,0.8065190315246582,-0.03803152218461037,0.2892044186592102,0.8343324661254883,-0.030603185296058655,0.2582544982433319,0.7155736088752747,-0.03216417878866196,0.2986563742160797,0.742175817489624,-0.04203929007053375,0.3229779899120331,0.7525216937065125,-0.040410783141851425,0.34456557035446167,0.7603254318237305,-0.03672439977526665,Call Me!
0.6905919909477234,0.7056580781936646,-3.229654907954682e-07,0.6752535700798035,0.6478819847106934,0.013352892361581326,0.6558314561843872,0.5942937731742859,0.015449664555490017,0.6460089683532715,0.5453463196754456,0.013043000362813473,0.6498817801475525,0.5057629942893982,0.00949921552091837,0.6090741753578186,0.5569551587104797,0.011231424286961555,0.5627384781837463,0.6051944494247437,0.007245681714266539,0.5524805188179016,0.6480321884155273,0.0037237403448671103,0.5525788068771362,0.6685935854911804,0.0017050879541784525,0.6039155125617981,0.5760865211486816,-0.0002597822167444974,0.5590121150016785,0.628963053226471,-0.006363810505717993,0.5570003986358643,0.668213427066803,-0.009545817039906979,0.5622262358665466,0.6929944157600403,-0.011588810943067074,0.6009788513183594,0.6087627410888672,-0.011193396523594856,0.5561789870262146,0.6489120125770569,-0.018782008439302444,0.5500596761703491,0.6885393261909485,-0.019037416204810143,0.5509651899337769,0.7101096510887146,-0.018307151272892952,0.5985042452812195,0.6492710113525391,-0.020835023373365402,0.5544596910476685,0.6403553485870361,-0.02909834310412407,0.5245972871780396,0.6387830376625061,-0.03127008676528931,0.5003139972686768,0.637563169002533,-0.03189796581864357,Call Me!
0.6964080929756165,0.6921417713165283,-3.2580618380961823e-07,0.6799069046974182,0.6325802803039551,0.011343460530042648,0.6586527228355408,0.5775352120399475,0.011320201680064201,0.6450221538543701,0.5282727479934692,0.0068443045020103455,0.6471378207206726,0.48556584119796753,0.0018111835233867168,0.610691249370575,0.5541831254959106,0.008142474107444286,0.5640758275985718,0.5991683006286621,0.0033184720668941736,0.568641185760498,0.6362953186035156,-0.0008916024235077202,0.5809803605079651,0.6490193605422974,-0.0031749706249684095,0.6060612797737122,0.5778404474258423,-0.0026924910489469767,0.5592608451843262,0.6267810463905334,-0.007318780291825533,0.5674647092819214,0.658149778842926,-0.008544445037841797,0.581500768661499,0.6705752611160278,-0.00975113082677126,0.6035287976264954,0.613510251045227,-0.01313712727278471,0.5568726062774658,0.6504348516464233,-0.017997706308960915,0.5636628866195679,0.6770914793014526,-0.014992538839578629,0.576590895652771,0.68547123670578,-0.012959212996065617,0.6023851037025452,0.6553394198417664,-0.02276531606912613,0.5573424696922302,0.6591535210609436,-0.027269816026091576,0.5287882685661316,0.663731575012207,-0.026497507467865944,0.5049862265586853,0.6638990044593811,-0.025715040042996407,Call Me!
0.6987085342407227,0.716973066329956,-2.646051484589407e-07,0.6838085055351257,0.65857994556427,0.008970550261437893,0.6633924841880798,0.6013790965080261,0.010098756290972233,0.6498019099235535,0.5532712340354919,0.007077774964272976,0.6503324508666992,0.511573851108551,0.002956703770905733,0.6115955114364624,0.5900012254714966,0.011546565219759941,0.5731911659240723,0.6276204586029053,0.008472035638988018,0.5729537606239319,0.6655883193016052,0.004101756028831005,0.5794824957847595,0.6828024983406067,0.0010985441040247679,0.6046947240829468,0.6168159246444702,0.0016826372593641281,0.5660141706466675,0.6555586457252502,-0.0019396840361878276,0.5650429725646973,0.6877683997154236,-0.006376215722411871,0.5714263319969177,0.7056114673614502,-0.009894666261970997,0.6022235751152039,0.6524172425270081,-0.008090643212199211,0.5627530217170715,0.6835978627204895,-0.014639065600931644,0.5595792531967163,0.7097737789154053,-0.01690044067800045,0.5641835331916809,0.7197363376617432,-0.017775245010852814,0.6015040874481201,0.6934212446212769,-0.016949394717812538,0.558224081993103,0.695818305015564,-0.023687513545155525,0.5288530588150024,0.7030542492866516,-0.025119470432400703,0.5050210952758789,0.7056525349617004,-0.025411715731024742,Call Me!
0.7150919437408447,0.8127086162567139,-3.195305566805473e-07,0.7045685052871704,0.7501633763313293,0.013913098722696304,0.6881686449050903,0.6889004111289978,0.01717076450586319,0.6788485646247864,0.6408750414848328,0.015958188101649284,0.6833756566047668,0.6019452810287476,0.013500324450433254,0.6417933106422424,0.6517935395240784,0.01186580490320921,0.591234564781189,0.6808047890663147,0.009735336527228355,0.5778486132621765,0.7157236337661743,0.007588862907141447,0.5751779675483704,0.732349157333374,0.005694967694580555,0.6357616186141968,0.6719537973403931,-0.0004894714220426977,0.5840851664543152,0.7048433423042297,-0.003858080832287669,0.5799576044082642,0.7367681860923767,-0.005269033834338188,0.5836899280548096,0.7559064626693726,-0.0068540009669959545,0.6320620179176331,0.7053182721138,-0.012248199433088303,0.5802565217018127,0.7275909781455994,-0.018159691244363785,0.5758213996887207,0.7538385987281799,-0.016449447721242905,0.578574001789093,0.7658525109291077,-0.015029774978756905,0.62907874584198,0.7471795678138733,-0.022861823439598083,0.5818297266960144,0.7383179664611816,-0.030895130708813667,0.5531227588653564,0.7319894433021545,-0.032176658511161804,0.5296657085418701,0.7245076894760132,-0.03248269483447075,Call Me!
0.7167021036148071,0.9824579358100891,-2.9825153546880756e-07,0.716242790222168,0.9121854305267334,0.01556145679205656,0.7098683714866638,0.8411074876785278,0.018478669226169586,0.7114412188529968,0.786383330821991,0.016229752451181412,0.7266174554824829,0.7533646821975708,0.01214951928704977,0.6827033758163452,0.7778760194778442,0.014501072466373444,0.6285700798034668,0.772494912147522,0.011612769216299057,0.607101321220398,0.791996419429779,0.007551036309450865,0.600333034992218,0.8019887208938599,0.004558102693408728,0.6734021306037903,0.7923828959465027,0.0018218072364106774,0.6185759902000427,0.7877411246299744,-0.0022436529397964478,0.6033678650856018,0.8100329041481018,-0.005911977030336857,0.598155677318573,0.828578770160675,-0.008804937824606895,0.6620808243751526,0.819105327129364,-0.010019617155194283,0.6106250286102295,0.8053827285766602,-0.015067542903125286,0.5949755907058716,0.8222062587738037,-0.015183823183178902,0.5891706943511963,0.8321453332901001,-0.01518307439982891,0.6488127112388611,0.8525267839431763,-0.02059978060424328,0.6095078587532043,0.8114996552467346,-0.02611878700554371,0.5838726162910461,0.7860831618309021,-0.026499824598431587,0.5628841519355774,0.7639517784118652,-0.026455355808138847,Call Me!
0.6750818490982056,0.9914610385894775,-2.632043845096632e-07,0.686733603477478,0.9182635545730591,-0.0003631676372606307,0.6862937211990356,0.8371870517730713,-0.0038901695515960455,0.6866474747657776,0.7728900909423828,-0.009221498854458332,0.7017948031425476,0.7319324612617493,-0.014508125372231007,0.631788432598114,0.7950678467750549,-0.00737564405426383,0.5827956795692444,0.7928690910339355,-0.012866012752056122,0.5875861644744873,0.8274642825126648,-0.014728577807545662,0.6024163961410522,0.8476236462593079,-0.015437575988471508,0.6146524548530579,0.8231502771377563,-0.012492007575929165,0.5678994059562683,0.8224918246269226,-0.01960824243724346,0.5756753087043762,0.8557717204093933,-0.020808659493923187,0.5895571708679199,0.8744533658027649,-0.021661242470145226,0.6007001996040344,0.8622704744338989,-0.017352594062685966,0.5526465773582458,0.8482665419578552,-0.026197878643870354,0.5613240003585815,0.8774059414863586,-0.02408151514828205,0.5776207447052002,0.89564049243927,-0.02163897268474102,0.5882824063301086,0.9060136675834656,-0.022014006972312927,0.5447378158569336,0.878148078918457,-0.03100699745118618,0.5171968936920166,0.863262951374054,-0.03307509794831276,0.4954950213432312,0.8443952798843384,-0.03347700461745262,Call Me!
0.650300145149231,1.0244017839431763,-2.977538713366812e-07,0.6649899482727051,0.923067569732666,-0.005870341788977385,0.6571620106697083,0.8228827118873596,-0.012616739608347416,0.6490733623504639,0.7379130721092224,-0.020886478945612907,0.6639816164970398,0.6780503392219543,-0.02847207896411419,0.5725570917129517,0.7927740812301636,-0.009635920636355877,0.5176378488540649,0.8052666783332825,-0.015640737488865852,0.5313370823860168,0.8380652666091919,-0.01827966421842575,0.5556264519691467,0.8586460947990417,-0.019045444205403328,0.5500126481056213,0.8434761166572571,-0.013288544490933418,0.504261314868927,0.8497390151023865,-0.02038215659558773,0.5199560523033142,0.8804659843444824,-0.02397974394261837,0.5403900742530823,0.8989576101303101,-0.026918821036815643,0.5361160635948181,0.9001932740211487,-0.01682877726852894,0.4869774281978607,0.888395369052887,-0.026530470699071884,0.502306342124939,0.913407564163208,-0.02585657872259617,0.5253788232803345,0.9304673075675964,-0.02471509389579296,0.5282686352729797,0.9582890272140503,-0.02059059403836727,0.47399359941482544,0.9446033239364624,-0.028998447582125664,0.4386870861053467,0.9375931620597839,-0.03023982234299183,0.4091261327266693,0.923681914806366,-0.030391795560717583,Call Me!
0.6695117950439453,1.1014899015426636,-3.1075225592758215e-07,0.6819444298744202,0.9818776249885559,-0.000967597181443125,0.6706804633140564,0.8537581562995911,-0.004763636738061905,0.6614208221435547,0.7535755038261414,-0.011291198432445526,0.6775307655334473,0.6834714412689209,-0.0176346804946661,0.5739246010780334,0.8151344656944275,-0.0007868043030612171,0.5170806646347046,0.8254177570343018,-0.004693618975579739,0.5331225395202637,0.8669629096984863,-0.008732237853109837,0.5609022378921509,0.893325686454773,-0.010244691744446754,0.5479263663291931,0.8758193850517273,-0.00658343406394124,0.5014798641204834,0.8777223229408264,-0.011072272434830666,0.5207300782203674,0.91792231798172,-0.016339275985956192,0.5465132594108582,0.9411174654960632,-0.019924761727452278,0.5315569043159485,0.9439732432365417,-0.011762479320168495,0.48167428374290466,0.9244424700737,-0.018126610666513443,0.49768173694610596,0.9583715796470642,-0.017186101526021957,0.5250113606452942,0.9827186465263367,-0.015573251992464066,0.5210358500480652,1.0148377418518066,-0.01692076027393341,0.4661538600921631,0.9891268610954285,-0.02114016003906727,0.42875340580940247,0.9864616394042969,-0.019436080008745193,0.39913231134414673,0.9794558882713318,-0.016963738948106766,Call Me!
0.14098024368286133,0.9358859658241272,-2.9118984912201995e-07,0.1409122496843338,0.8210098743438721,-0.002486766315996647,0.15883928537368774,0.712837278842926,-0.012897830456495285,0.17111802101135254,0.6231878399848938,-0.023788932710886,0.16267812252044678,0.5569852590560913,-0.03202422335743904,0.22760377824306488,0.7393028140068054,-0.019132288172841072,0.27743759751319885,0.7289131283760071,-0.026058586314320564,0.26048967242240906,0.7496716380119324,-0.025926239788532257,0.23961623013019562,0.763701319694519,-0.02461598999798298,0.24280716478824615,0.800214946269989,-0.024005021899938583,0.2906028926372528,0.7792469263076782,-0.026598632335662842,0.27358436584472656,0.7936779260635376,-0.022288670763373375,0.2541201412677765,0.8092705607414246,-0.02076612040400505,0.2532385587692261,0.8581780195236206,-0.027967985719442368,0.29752492904663086,0.8322752714157104,-0.028065044432878494,0.2827211022377014,0.8411511778831482,-0.01967942900955677,0.264237642288208,0.8501011729240417,-0.015768988057971,0.2603035867214203,0.9106847047805786,-0.031825289130210876,0.31394457817077637,0.8766449689865112,-0.030744951218366623,0.34373241662979126,0.856674075126648,-0.025353623554110527,0.36916232109069824,0.8370115756988525,-0.02231554500758648,Call Me!
0.1654377430677414,0.9365692138671875,-2.648192207743705e-07,0.1654435396194458,0.8274587392807007,-0.006989292800426483,0.18091563880443573,0.7344091534614563,-0.018448486924171448,0.19671519100666046,0.6527974009513855,-0.02923186682164669,0.19749188423156738,0.5865667462348938,-0.03711239621043205,0.2505209743976593,0.7782590389251709,-0.022787051275372505,0.2900034785270691,0.7781766057014465,-0.026796922087669373,0.2733732759952545,0.7874128818511963,-0.023855358362197876,0.25262951850891113,0.7991218566894531,-0.021124226972460747,0.2637569010257721,0.8403163552284241,-0.024432817474007607,0.3024696707725525,0.8260760307312012,-0.0266706719994545,0.2846965193748474,0.8276451826095581,-0.022832319140434265,0.2658318281173706,0.8398488759994507,-0.02201171964406967,0.2718466818332672,0.8974483609199524,-0.02492285892367363,0.31199219822883606,0.8811861872673035,-0.02692432515323162,0.29443231225013733,0.8781504034996033,-0.019045647233724594,0.2745177447795868,0.8827857375144958,-0.014907476492226124,0.27587348222732544,0.9486373662948608,-0.02547588385641575,0.32862818241119385,0.9335312247276306,-0.02783968672156334,0.3578510284423828,0.9216101765632629,-0.02369609847664833,0.3831107020378113,0.9106243848800659,-0.02071913331747055,Call Me!
0.15666860342025757,0.9416519999504089,-2.8370880045258673e-07,0.16026191413402557,0.8311144113540649,0.0018255965551361442,0.1767428070306778,0.7268911004066467,-0.00644214591011405,0.18863151967525482,0.6406876444816589,-0.016069671139121056,0.1847991645336151,0.575859546661377,-0.023162346333265305,0.24220138788223267,0.7446461319923401,-0.016782190650701523,0.2938075661659241,0.7460473775863647,-0.020729470998048782,0.2791394889354706,0.7726209163665771,-0.016896896064281464,0.2581636309623718,0.7870689034461975,-0.013271217234432697,0.2545885145664215,0.7997447848320007,-0.024065200239419937,0.30468490719795227,0.7943874001502991,-0.024778317660093307,0.28910529613494873,0.814835250377655,-0.018504885956645012,0.26879027485847473,0.8277624249458313,-0.01590835303068161,0.2637176811695099,0.8564761281013489,-0.030101029202342033,0.30920642614364624,0.8444883823394775,-0.02928096428513527,0.2953910827636719,0.859946072101593,-0.020073911175131798,0.27716264128685,0.8677881956100464,-0.01603635400533676,0.2700966000556946,0.9112807512283325,-0.03575880080461502,0.32397449016571045,0.8876135349273682,-0.034936223179101944,0.35374951362609863,0.8758373260498047,-0.02966201677918434,0.379029780626297,0.8609721660614014,-0.026840945705771446,Call Me!
0.1628391295671463,0.9064433574676514,-2.7499817178977537e-07,0.16307245194911957,0.7989453077316284,-0.001352235209196806,0.1784392148256302,0.6938830614089966,-0.010077998973429203,0.1891745924949646,0.610522449016571,-0.019613057374954224,0.18257445096969604,0.547531008720398,-0.026676902547478676,0.2429542988538742,0.701438844203949,-0.015453051775693893,0.2972845137119293,0.7095940113067627,-0.024334587156772614,0.2810877859592438,0.7340404987335205,-0.02639480121433735,0.2587362825870514,0.7432940006256104,-0.026407837867736816,0.2542721629142761,0.7582920789718628,-0.02146393246948719,0.3053465783596039,0.7604743242263794,-0.026691213250160217,0.28947532176971436,0.781686544418335,-0.024621957913041115,0.2702476978302002,0.7932180762290955,-0.02404184266924858,0.26364079117774963,0.8155636787414551,-0.02703973650932312,0.311009019613266,0.8129514455795288,-0.030871791765093803,0.2968047559261322,0.8268428444862366,-0.02401839941740036,0.27823325991630554,0.8315256834030151,-0.02005147933959961,0.2711801528930664,0.8707726001739502,-0.03235295042395592,0.3233392536640167,0.8450855612754822,-0.034347955137491226,0.3528991937637329,0.8318874835968018,-0.030014723539352417,0.37821027636528015,0.8166319131851196,-0.026903776451945305,Call Me!
0.6799485087394714,0.9950618743896484,-2.3303377361116873e-07,0.6802790760993958,0.882601261138916,-0.001769447815604508,0.6678381562232971,0.7767144441604614,-0.010597366839647293,0.6639902591705322,0.689758837223053,-0.02055731788277626,0.680985152721405,0.6246131062507629,-0.030278032645583153,0.605202317237854,0.7825222015380859,-0.026782214641571045,0.5387323498725891,0.7661454677581787,-0.03494409844279289,0.5495933890342712,0.7934141755104065,-0.033953793346881866,0.5714107751846313,0.8057916760444641,-0.03206009417772293,0.5888811945915222,0.8473671078681946,-0.032654277980327606,0.5293464660644531,0.8233140110969543,-0.041104987263679504,0.5423269867897034,0.8478555083274841,-0.03850522264838219,0.5628432035446167,0.863143801689148,-0.03745720535516739,0.5781309604644775,0.9132592082023621,-0.03705286979675293,0.5228809714317322,0.8846704959869385,-0.0440426766872406,0.5356845855712891,0.9044780731201172,-0.03717753663659096,0.556538462638855,0.9195569157600403,-0.03317445516586304,0.569393515586853,0.9743592739105225,-0.04123009741306305,0.5132139921188354,0.9510660767555237,-0.046616554260253906,0.47808781266212463,0.9372805953025818,-0.04558141902089119,0.4494982063770294,0.9223730564117432,-0.045515719801187515,Call Me!
0.6888515949249268,1.000874400138855,-2.5504604650450347e-07,0.6877377033233643,0.8873492479324341,-0.0008255943539552391,0.6746787428855896,0.7820056676864624,-0.009687193669378757,0.6709738969802856,0.6925479769706726,-0.01990644447505474,0.689260721206665,0.6267908811569214,-0.029953084886074066,0.6120284199714661,0.7867701649665833,-0.026614105328917503,0.5428789258003235,0.7685900330543518,-0.033254534006118774,0.5535402894020081,0.7980934381484985,-0.03050588257610798,0.5772597789764404,0.815381646156311,-0.02758003957569599,0.5951424241065979,0.85037761926651,-0.03278014808893204,0.5337737798690796,0.826218843460083,-0.039817482233047485,0.5473812222480774,0.852216899394989,-0.03609434887766838,0.5684511661529541,0.8681348562240601,-0.03466293215751648,0.5841947793960571,0.9159166812896729,-0.037284087389707565,0.5258910655975342,0.8840161561965942,-0.043286848813295364,0.5391082763671875,0.905031144618988,-0.03570258244872093,0.5608603954315186,0.9221007227897644,-0.03180557116866112,0.5759226083755493,0.9784871339797974,-0.04150891304016113,0.5195284485816956,0.9574400782585144,-0.04746183380484581,0.483300119638443,0.9460545778274536,-0.04705015569925308,0.4530538320541382,0.9332802295684814,-0.0476042702794075,Call Me!
0.6942727565765381,1.0034958124160767,-2.215015655337993e-07,0.6917898654937744,0.8946592211723328,-0.0018900776049122214,0.6778683662414551,0.7896242141723633,-0.011375452391803265,0.6730907559394836,0.7010353803634644,-0.0222089234739542,0.689509391784668,0.6360422968864441,-0.03289470449090004,0.6156448125839233,0.7941084504127502,-0.02627989463508129,0.5469239354133606,0.775462806224823,-0.03380633145570755,0.5555509328842163,0.8038285970687866,-0.0320909209549427,0.5772491693496704,0.82020103931427,-0.029711488634347916,0.5990208387374878,0.8565961718559265,-0.0322004109621048,0.5380373597145081,0.8328241109848022,-0.040151890367269516,0.5500183701515198,0.8583109378814697,-0.037905503064394,0.5703920125961304,0.8742319941520691,-0.03720477595925331,0.5880788564682007,0.9211607575416565,-0.03657574951648712,0.5296985507011414,0.8871344923973083,-0.0434262752532959,0.5415793061256409,0.9091764092445374,-0.03689371049404144,0.5627180337905884,0.9273985624313354,-0.033224914222955704,0.5797824263572693,0.9837673306465149,-0.04072457551956177,0.5235391855239868,0.9631955623626709,-0.046133868396282196,0.4879801571369171,0.9532564878463745,-0.0453706756234169,0.4588250517845154,0.9416382312774658,-0.04543635621666908,Call Me!
0.6849971413612366,0.9745023250579834,-2.669326590876153e-07,0.6826546788215637,0.8630361557006836,0.00018047666526399553,0.6650826930999756,0.755402147769928,-0.00507644098252058,0.6557418704032898,0.6685793995857239,-0.012578018009662628,0.6660228967666626,0.603188693523407,-0.02024979330599308,0.5971956253051758,0.7570995092391968,-0.012919597327709198,0.5308513641357422,0.7559805512428284,-0.019730808213353157,0.5402454733848572,0.7843285799026489,-0.021001556888222694,0.5611640810966492,0.7965124845504761,-0.02087981440126896,0.581949770450592,0.8177518844604492,-0.019186504185199738,0.5201015472412109,0.8074942231178284,-0.028451627120375633,0.5346350073814392,0.8330672979354858,-0.03029041178524494,0.5574908256530762,0.8476594090461731,-0.031077254563570023,0.5726016163825989,0.8810854554176331,-0.024477826431393623,0.5128815770149231,0.8587546348571777,-0.032526981085538864,0.5259239673614502,0.8804847598075867,-0.029916033148765564,0.5478821396827698,0.8942373991012573,-0.02773863635957241,0.5669777989387512,0.9430443644523621,-0.029483633115887642,0.5126460790634155,0.938090980052948,-0.0360509492456913,0.4767719507217407,0.9375324249267578,-0.03779437020421028,0.44664523005485535,0.9333339929580688,-0.03879314661026001,Call Me!
0.704960823059082,0.8713550567626953,-3.0109052318039176e-07,0.6952815651893616,0.7667258977890015,0.003196197096258402,0.6692826747894287,0.6647931933403015,-0.0006101555773057044,0.654191255569458,0.5846642255783081,-0.007784743327647448,0.6592502593994141,0.5230138897895813,-0.015087754465639591,0.5992995500564575,0.6579595804214478,-0.003933947533369064,0.5412876605987549,0.6810035109519958,-0.010740341618657112,0.552891194820404,0.7169989943504333,-0.014109688811004162,0.5752586126327515,0.7292576432228088,-0.015230785124003887,0.5852566361427307,0.712604284286499,-0.011180385947227478,0.5320632457733154,0.7325038313865662,-0.0184490904211998,0.547482967376709,0.7676019668579102,-0.020495213568210602,0.5699146389961243,0.7783931493759155,-0.02156313695013523,0.5772469639778137,0.7739263772964478,-0.01776622049510479,0.5232756733894348,0.77854984998703,-0.02481776662170887,0.5370669960975647,0.8087127804756165,-0.021781202405691147,0.5595215559005737,0.8204656839370728,-0.019048679620027542,0.5737066268920898,0.8353176116943359,-0.023898834362626076,0.5235636830329895,0.8314324617385864,-0.02831377647817135,0.4915822744369507,0.8398227691650391,-0.027001166716217995,0.46517395973205566,0.842247724533081,-0.02521413564682007,Call Me!
0.7036770582199097,0.8712498545646667,-2.8553114361784537e-07,0.6973084211349487,0.7687388062477112,-7.069846469676122e-05,0.6732215285301208,0.6659747362136841,-0.005241052247583866,0.6582167744636536,0.5830131769180298,-0.012715770862996578,0.6658267974853516,0.5199103951454163,-0.020260244607925415,0.6016585826873779,0.6608526110649109,-0.008930345065891743,0.544651210308075,0.6779552102088928,-0.015545309521257877,0.5570782423019409,0.7125492691993713,-0.018956176936626434,0.579232931137085,0.724456787109375,-0.020465243607759476,0.5859147906303406,0.7143981456756592,-0.01468531135469675,0.5348125696182251,0.7287381291389465,-0.02125338651239872,0.5503950715065002,0.7620235085487366,-0.02279634214937687,0.5715630054473877,0.773658812046051,-0.02381189912557602,0.5772951245307922,0.775036633014679,-0.019776666536927223,0.5245634913444519,0.7763410210609436,-0.027151867747306824,0.5386881232261658,0.8045070171356201,-0.024378858506679535,0.5610074400901794,0.8184173703193665,-0.02175191231071949,0.5731568932533264,0.8370004296302795,-0.02455301210284233,0.521638035774231,0.8332861661911011,-0.029798902571201324,0.4898426830768585,0.8391881585121155,-0.02913953736424446,0.46380749344825745,0.8399419784545898,-0.02782517485320568,Call Me!
0.6637071371078491,0.9817667007446289,-2.2146345202145312e-07,0.6644444465637207,0.8675509095191956,-0.0023333008866757154,0.6469061970710754,0.7636704444885254,-0.008653046563267708,0.6356419324874878,0.6777268648147583,-0.016961926594376564,0.6445419788360596,0.6115580797195435,-0.025109250098466873,0.570858895778656,0.7640548348426819,-0.01086891908198595,0.5169313549995422,0.7639333605766296,-0.01672445237636566,0.5312267541885376,0.7890189290046692,-0.018780723214149475,0.5559126138687134,0.8066049814224243,-0.018943073228001595,0.5538203120231628,0.8240982294082642,-0.015734834596514702,0.5053281188011169,0.8161372542381287,-0.022115392610430717,0.5229728817939758,0.8386156558990479,-0.024166744202375412,0.5454208254814148,0.8537581562995911,-0.02571418695151806,0.5447070598602295,0.8867201209068298,-0.020076118409633636,0.4920750558376312,0.8662722706794739,-0.02646653912961483,0.5074078440666199,0.8837125897407532,-0.02425426058471203,0.5304329991340637,0.89874666929245,-0.022710759192705154,0.5408717393875122,0.9483782052993774,-0.02441117912530899,0.48887553811073303,0.9410271048545837,-0.03016594797372818,0.4556831419467926,0.9408634901046753,-0.031132478266954422,0.42763420939445496,0.9375607371330261,-0.031506385654211044,Call Me!
0.6335128545761108,0.9855417013168335,-2.9671434731426416e-07,0.6388256549835205,0.8774070739746094,-0.002291085897013545,0.626667857170105,0.7738251686096191,-0.008096911944448948,0.6180971264839172,0.688622236251831,-0.016132181510329247,0.6279747486114502,0.6236461400985718,-0.024119479581713676,0.5540024042129517,0.762658953666687,-0.009648729115724564,0.49911677837371826,0.7615858912467957,-0.016837218776345253,0.5100069642066956,0.7962402701377869,-0.019740816205739975,0.5316932201385498,0.815558135509491,-0.02041160687804222,0.5354788303375244,0.8189666867256165,-0.014558324590325356,0.48521313071250916,0.81402987241745,-0.022841382771730423,0.5007856488227844,0.8452702760696411,-0.025462184101343155,0.5218117237091064,0.8618751764297485,-0.02707451768219471,0.5240415930747986,0.8784005045890808,-0.018986660987138748,0.4732705056667328,0.8660578727722168,-0.027590349316596985,0.48793020844459534,0.8914461135864258,-0.025324322283267975,0.5097877979278564,0.9074305295944214,-0.023151051253080368,0.5169683694839478,0.9379795789718628,-0.023270394653081894,0.46433132886886597,0.9310134053230286,-0.028550080955028534,0.4303571581840515,0.9285047054290771,-0.02767827920615673,0.40100932121276855,0.921762228012085,-0.026720033958554268,Call Me!
0.15059010684490204,0.7916163206100464,-2.563421901413676e-07,0.1645706295967102,0.6850420832633972,-0.0038504633121192455,0.19239920377731323,0.6005544662475586,-0.013823787681758404,0.21409764885902405,0.5278804898262024,-0.024504702538251877,0.2159361094236374,0.4640311896800995,-0.03320522606372833,0.2553159296512604,0.6477143168449402,-0.01489555649459362,0.2933720648288727,0.6749547123908997,-0.020776063203811646,0.2758941054344177,0.6901488304138184,-0.021540876477956772,0.25587567687034607,0.6913204789161682,-0.021411342546343803,0.26015886664390564,0.7072427272796631,-0.019791454076766968,0.29660549759864807,0.7247971296310425,-0.023350100964307785,0.27803248167037964,0.7320283651351929,-0.022380784153938293,0.25824275612831116,0.7332610487937927,-0.023123135790228844,0.26039475202560425,0.7648361921310425,-0.024189816787838936,0.2940357029438019,0.7754812240600586,-0.027576392516493797,0.27697134017944336,0.7777783870697021,-0.02289888635277748,0.25985315442085266,0.7731994986534119,-0.020509518682956696,0.2580725848674774,0.8184124231338501,-0.028499143198132515,0.3082627058029175,0.8219729661941528,-0.030021868646144867,0.3374025523662567,0.8265169858932495,-0.026108140125870705,0.3642319440841675,0.8262266516685486,-0.0235183946788311,Call Me!
0.18142040073871613,0.9150832295417786,-2.342187030990317e-07,0.19325439631938934,0.8327730894088745,-0.0011140337446704507,0.22269339859485626,0.7404141426086426,-0.01001769956201315,0.2398071140050888,0.6666179299354553,-0.01999526470899582,0.22859378159046173,0.613336980342865,-0.028399866074323654,0.27013030648231506,0.7276971936225891,-0.015560060739517212,0.32652348279953003,0.7752317190170288,-0.025400107726454735,0.3112560212612152,0.8108115792274475,-0.029565203934907913,0.29189589619636536,0.8149287104606628,-0.03188781812787056,0.2715255618095398,0.7661755681037903,-0.023129338398575783,0.3307914733886719,0.8204468488693237,-0.030880777165293694,0.31305938959121704,0.8550565242767334,-0.031032998114824295,0.2929849922657013,0.8580989241600037,-0.031112413853406906,0.27444228529930115,0.8166899681091309,-0.03006332740187645,0.3299873173236847,0.8671402335166931,-0.03455609828233719,0.3118498623371124,0.8946811556816101,-0.027817977592349052,0.29117855429649353,0.8947546482086182,-0.02332186885178089,0.2774874269962311,0.8725926876068115,-0.03702966123819351,0.3307805359363556,0.8751921653747559,-0.03696886822581291,0.3633943200111389,0.8812079429626465,-0.03153596445918083,0.3914574086666107,0.8812587261199951,-0.02799462154507637,Call Me!
0.19616086781024933,0.9328612685203552,-2.681061062048684e-07,0.2008701115846634,0.85495525598526,0.004392985720187426,0.22053031623363495,0.774066150188446,-0.00030885019805282354,0.23596256971359253,0.7127022743225098,-0.007110978942364454,0.22958512604236603,0.6656098365783691,-0.012525837868452072,0.2704680562019348,0.7521832585334778,-0.006739099510014057,0.3199630081653595,0.7884084582328796,-0.012494442984461784,0.3041585683822632,0.8211954236030579,-0.015257696621119976,0.2842741906642914,0.8276818990707397,-0.017317302525043488,0.27816325426101685,0.7902765274047852,-0.0158663522452116,0.32687267661094666,0.8323255181312561,-0.0187794491648674,0.3105059862136841,0.8650233149528503,-0.018023567274212837,0.2933299243450165,0.8708585500717163,-0.018800420686602592,0.28534942865371704,0.8384783267974854,-0.024197176098823547,0.3326038122177124,0.8756338357925415,-0.0263866875320673,0.3155899941921234,0.9037021994590759,-0.019321177154779434,0.29671019315719604,0.9073355197906494,-0.01539826113730669,0.2920859158039093,0.8920212388038635,-0.03219619020819664,0.3423427641391754,0.8847202658653259,-0.0328681580722332,0.3712080419063568,0.8854347467422485,-0.02744974009692669,0.39598801732063293,0.8819800019264221,-0.02369479276239872,Call Me!
0.1733262985944748,0.8206919431686401,-2.59957232628949e-07,0.1729823648929596,0.7275204658508301,-0.0019091159338131547,0.18233619630336761,0.6456586122512817,-0.008927963674068451,0.1917552500963211,0.5799880027770996,-0.01754625327885151,0.1854327768087387,0.5274225473403931,-0.0250560250133276,0.24838237464427948,0.657752275466919,-0.00614037923514843,0.27526187896728516,0.6807416677474976,-0.013098777271807194,0.26082703471183777,0.7025960087776184,-0.017712222412228584,0.24210873246192932,0.7100083231925964,-0.020502518862485886,0.2609422504901886,0.7040829062461853,-0.012328319251537323,0.28750079870224,0.7224883437156677,-0.017486030235886574,0.27077803015708923,0.7382507920265198,-0.02052166499197483,0.2533809244632721,0.7437031865119934,-0.023888597264885902,0.26894065737724304,0.7539190053939819,-0.01864705979824066,0.2931090295314789,0.764675498008728,-0.025958914309740067,0.2761659324169159,0.7779347896575928,-0.02432912029325962,0.2605855166912079,0.7792583107948303,-0.023007603362202644,0.27240246534347534,0.8048582673072815,-0.02476326934993267,0.31523075699806213,0.7991964221000671,-0.029813945293426514,0.340390145778656,0.7985544204711914,-0.02717873640358448,0.36352425813674927,0.7908156514167786,-0.024950943887233734,Call Me!
0.1779884546995163,0.7294056415557861,-2.667201499662042e-07,0.18195629119873047,0.6302750110626221,-0.0038065954577177763,0.1977991759777069,0.5497808456420898,-0.01108364388346672,0.21366490423679352,0.4818079471588135,-0.0187987070530653,0.21166665852069855,0.42650315165519714,-0.02507876232266426,0.2629765570163727,0.5869630575180054,-0.008127452805638313,0.28041499853134155,0.6031855344772339,-0.010211101733148098,0.26532742381095886,0.6215062737464905,-0.011657271534204483,0.24738161265850067,0.6293021440505981,-0.012920212931931019,0.27430427074432373,0.6370602250099182,-0.011186253279447556,0.2929134964942932,0.6505650281906128,-0.00942958053201437,0.2772543132305145,0.6605746746063232,-0.010065186768770218,0.2607364356517792,0.6656764149665833,-0.013707691803574562,0.2787449061870575,0.6900018453598022,-0.01373221818357706,0.29806023836135864,0.6945958137512207,-0.014987933449447155,0.28295454382896423,0.702055037021637,-0.012778056785464287,0.26801449060440063,0.7044808268547058,-0.013073299080133438,0.2776719629764557,0.7411819100379944,-0.01613352820277214,0.3187851905822754,0.7434402108192444,-0.017445450648665428,0.342631071805954,0.7490546703338623,-0.014066205359995365,0.3636971712112427,0.7499498128890991,-0.0122150843963027,Call Me!
0.18378108739852905,0.7049627304077148,-2.491531745363318e-07,0.19012615084648132,0.6071256399154663,-0.004785268101841211,0.2087009698152542,0.5318176746368408,-0.01348327286541462,0.22743533551692963,0.47073158621788025,-0.02279702201485634,0.23027940094470978,0.4157004654407501,-0.030639663338661194,0.2763892710208893,0.5749879479408264,-0.00995474774390459,0.2945702075958252,0.600327730178833,-0.014693678356707096,0.28091534972190857,0.6187219619750977,-0.01749383471906185,0.26305362582206726,0.6248309016227722,-0.01906098611652851,0.2828181982040405,0.6274529099464417,-0.013887805864214897,0.30409321188926697,0.6462602019309998,-0.015586775727570057,0.2881825566291809,0.6563140153884888,-0.01695779711008072,0.27007240056991577,0.6591693162918091,-0.01994139514863491,0.2828894555568695,0.680657148361206,-0.01757248118519783,0.30414292216300964,0.6906986832618713,-0.02202492393553257,0.287444144487381,0.6988415718078613,-0.01951625384390354,0.2713479697704315,0.7004138827323914,-0.018360786139965057,0.2784551978111267,0.7322806715965271,-0.021269096061587334,0.3201618790626526,0.7433419823646545,-0.02451348304748535,0.3448077142238617,0.7526907324790955,-0.021037332713603973,0.36699962615966797,0.7564224004745483,-0.01849454827606678,Call Me!
0.6757255792617798,0.8321598172187805,2.695042553568783e-07,0.702436089515686,0.7433325052261353,-0.019111981615424156,0.6999212503433228,0.6443429589271545,-0.03453416749835014,0.6838424205780029,0.5597979426383972,-0.04396268352866173,0.6627696752548218,0.505111813545227,-0.05197717994451523,0.6721535921096802,0.7252429723739624,-0.06651639193296432,0.6567714810371399,0.5929672718048096,-0.08328631520271301,0.6563687324523926,0.545257568359375,-0.08284952491521835,0.6550853252410889,0.5170679092407227,-0.08040004223585129,0.637362003326416,0.7542614340782166,-0.061143334954977036,0.6314207911491394,0.6065834760665894,-0.0778363049030304,0.6487098932266235,0.6078191995620728,-0.06876437366008759,0.6575744152069092,0.6402423977851868,-0.061216022819280624,0.6082965135574341,0.7690212726593018,-0.053994014859199524,0.6076801419258118,0.6320709586143494,-0.061061907559633255,0.6241805553436279,0.6406698822975159,-0.04475218057632446,0.6306472420692444,0.67311030626297,-0.03466883674263954,0.5873267650604248,0.7729135155677795,-0.048268914222717285,0.5892764329910278,0.666680634021759,-0.050705865025520325,0.6033130288124084,0.6751248240470886,-0.041142597794532776,0.6067065596580505,0.7063819169998169,-0.03499259427189827,Love
0.7108262777328491,0.7477396130561829,7.976947102861232e-08,0.7426396608352661,0.6702830195426941,-0.014639567583799362,0.7390992641448975,0.564030647277832,-0.025842582806944847,0.7223271727561951,0.4794861078262329,-0.03215247392654419,0.6987701654434204,0.42665523290634155,-0.0378231555223465,0.7242093086242676,0.6202180981636047,-0.055734358727931976,0.7052931785583496,0.49873414635658264,-0.0711597204208374,0.6971060037612915,0.4787570536136627,-0.07056652009487152,0.6901875734329224,0.4822746515274048,-0.06708144396543503,0.6901193261146545,0.649991512298584,-0.052475620061159134,0.6763463616371155,0.5214095711708069,-0.06579027324914932,0.6877985000610352,0.5386768579483032,-0.057217780500650406,0.6935420632362366,0.5787317752838135,-0.04985613003373146,0.6600037217140198,0.6733677387237549,-0.047866903245449066,0.6490923762321472,0.5518664717674255,-0.053267702460289,0.6646187901496887,0.5708252191543579,-0.037187810987234116,0.6711480617523193,0.6063582301139832,-0.027003571391105652,0.6366338133811951,0.6886922121047974,-0.04414088651537895,0.629565954208374,0.5951678156852722,-0.04554881900548935,0.6433426737785339,0.6067468523979187,-0.035155072808265686,0.6485779881477356,0.6352500319480896,-0.02853027917444706,Love
0.7917028069496155,0.6842985153198242,-1.0804182437595955e-07,0.8210760354995728,0.6072406768798828,-0.004213963635265827,0.8250295519828796,0.49344688653945923,-0.015231866389513016,0.813102126121521,0.4014433026313782,-0.023703068494796753,0.7906612157821655,0.3414510190486908,-0.033972229808568954,0.8335150480270386,0.5361642837524414,-0.048197630792856216,0.8003928661346436,0.42792603373527527,-0.0624905489385128,0.7802497148513794,0.3971649408340454,-0.0657922774553299,0.76698899269104,0.3841516673564911,-0.06740515679121017,0.7988773584365845,0.5701874494552612,-0.054006919264793396,0.7727420330047607,0.44760191440582275,-0.06567984819412231,0.7745321393013,0.4678659439086914,-0.06047900393605232,0.7817834615707397,0.5057721734046936,-0.05878312513232231,0.7644140720367432,0.5983545780181885,-0.057193413376808167,0.7448990345001221,0.47835153341293335,-0.06602714210748672,0.7500295042991638,0.5042566657066345,-0.05063852295279503,0.7583043575286865,0.5411548018455505,-0.04204152524471283,0.7327521443367004,0.6190832257270813,-0.05996766313910484,0.7227618098258972,0.5216812491416931,-0.06600581109523773,0.7307761907577515,0.5431535243988037,-0.053756579756736755,0.7370105385780334,0.5768720507621765,-0.04624198377132416,Love
0.38811302185058594,0.8582279682159424,4.1701298414409393e-08,0.37861368060112,0.7706652283668518,-0.007607526145875454,0.36160215735435486,0.6994177103042603,-0.020842937752604485,0.3583284318447113,0.6392077207565308,-0.03646831214427948,0.3592981994152069,0.5794839859008789,-0.050202712416648865,0.28257086873054504,0.7323922514915466,-0.010649159550666809,0.3174322247505188,0.6565563082695007,-0.04270019754767418,0.35545775294303894,0.6297670006752014,-0.06577468663454056,0.3808479309082031,0.6115294098854065,-0.07873281836509705,0.27700281143188477,0.7763112783432007,-0.02108914405107498,0.3154923617839813,0.6883339881896973,-0.05169017240405083,0.35510385036468506,0.6925333142280579,-0.06396695226430893,0.3679811954498291,0.7014557719230652,-0.06826415657997131,0.2858935296535492,0.8187214732170105,-0.03397016227245331,0.3301587998867035,0.7340691685676575,-0.06011267751455307,0.3604910671710968,0.7580556273460388,-0.05662485584616661,0.3606584966182709,0.7863743305206299,-0.049433715641498566,0.3025150001049042,0.8594070076942444,-0.04822492226958275,0.3340824544429779,0.7887365221977234,-0.06116415932774544,0.3554007112979889,0.7991430163383484,-0.05293400213122368,0.35437455773353577,0.8215821981430054,-0.043875597417354584,Love
0.3191390633583069,0.8048465847969055,5.916025447305628e-09,0.30805104970932007,0.7143872380256653,-0.00608349172398448,0.28863516449928284,0.641562283039093,-0.017979834228754044,0.28338155150413513,0.5805190205574036,-0.03241869807243347,0.2835403084754944,0.5207288861274719,-0.04508116841316223,0.20922838151454926,0.6819302439689636,-0.008175983093678951,0.24532146751880646,0.5950245261192322,-0.0381900928914547,0.28188255429267883,0.5693318843841553,-0.06073172390460968,0.3070254623889923,0.5537696480751038,-0.0735766589641571,0.2029992789030075,0.720844566822052,-0.017697634175419807,0.2447255700826645,0.630088210105896,-0.046271055936813354,0.2820984721183777,0.6484156250953674,-0.05793747305870056,0.2949184477329254,0.6712600588798523,-0.06199208274483681,0.21087953448295593,0.7592422366142273,-0.029536832123994827,0.25238803029060364,0.6721333265304565,-0.0535343661904335,0.28138163685798645,0.6955862641334534,-0.05097058042883873,0.28411298990249634,0.7249667644500732,-0.044615667313337326,0.2270774096250534,0.7962841391563416,-0.04264959692955017,0.2561780512332916,0.7223628759384155,-0.054838985204696655,0.2766292989253998,0.732921302318573,-0.04840249940752983,0.2770662307739258,0.7568245530128479,-0.04069947823882103,Love
0.27029934525489807,0.722724437713623,1.3564853418301936e-07,0.2591771185398102,0.636913537979126,-0.001365945441648364,0.24031773209571838,0.5637362599372864,-0.00941776018589735,0.2351619303226471,0.5079357028007507,-0.020855199545621872,0.23674818873405457,0.4516717195510864,-0.031093819066882133,0.16713042557239532,0.584607720375061,0.0006627229158766568,0.20325107872486115,0.511445939540863,-0.023959195241332054,0.2368258237838745,0.48672980070114136,-0.04364199936389923,0.26148074865341187,0.46864795684814453,-0.05491155385971069,0.15906715393066406,0.6196704506874084,-0.009930343367159367,0.19886253774166107,0.5322481989860535,-0.03348756209015846,0.23608507215976715,0.5254929065704346,-0.04434998705983162,0.2552594244480133,0.5250663161277771,-0.04819706082344055,0.16346187889575958,0.6564777493476868,-0.02246234007179737,0.20379038155078888,0.5739883184432983,-0.04322712495923042,0.23396210372447968,0.5979918241500854,-0.04070410504937172,0.24204695224761963,0.6267732381820679,-0.03432852402329445,0.17657794058322906,0.6934992671012878,-0.035899676382541656,0.20393872261047363,0.622911810874939,-0.046409327536821365,0.22625361382961273,0.6330773830413818,-0.03948342800140381,0.2312353402376175,0.6545822024345398,-0.03135994076728821,Love
0.32511892914772034,0.7403538227081299,-2.8096035720182044e-08,0.31247973442077637,0.6563390493392944,-0.004443729296326637,0.29269373416900635,0.5879824757575989,-0.015004699118435383,0.2869313955307007,0.5308008193969727,-0.028374649584293365,0.28806376457214355,0.47339653968811035,-0.04016432166099548,0.21572914719581604,0.6187068819999695,-0.0043735806830227375,0.25512421131134033,0.5442880392074585,-0.03083893097937107,0.2884390950202942,0.5225069522857666,-0.051974739879369736,0.3099425733089447,0.5053200125694275,-0.06500418484210968,0.2120930552482605,0.6586272716522217,-0.01471099816262722,0.2549797296524048,0.5759546160697937,-0.03992396593093872,0.289387971162796,0.5901123285293579,-0.05128476023674011,0.30112528800964355,0.6053419709205627,-0.05614526942372322,0.2211226224899292,0.6972298622131348,-0.02723660320043564,0.2630074918270111,0.6163374185562134,-0.04901123046875,0.28994712233543396,0.6401281952857971,-0.04715712368488312,0.2927579879760742,0.6657513976097107,-0.04209630563855171,0.23853833973407745,0.734022855758667,-0.041002508252859116,0.26663509011268616,0.6635580062866211,-0.052061162889003754,0.28623369336128235,0.6738184690475464,-0.04613044112920761,0.2874622344970703,0.6944406628608704,-0.03935244306921959,Love
0.39638420939445496,0.7824805378913879,9.080154228513493e-08,0.38792335987091064,0.700704038143158,-0.0032205195166170597,0.37567344307899475,0.6396194696426392,-0.013506882824003696,0.37334275245666504,0.5905755758285522,-0.02565981075167656,0.3757123351097107,0.5419102311134338,-0.03629326447844505,0.31004419922828674,0.6638980507850647,-0.011938096024096012,0.34420084953308105,0.5995637774467468,-0.03558565303683281,0.3749655783176422,0.5787044167518616,-0.05198650062084198,0.39474064111709595,0.5635206699371338,-0.061989475041627884,0.3074994385242462,0.7001237273216248,-0.022013690322637558,0.34391099214553833,0.6253310441970825,-0.045798517763614655,0.37398985028266907,0.6238065361976624,-0.0555683858692646,0.38279688358306885,0.6251732707023621,-0.06020282208919525,0.31762200593948364,0.7355416417121887,-0.03302587568759918,0.35510435700416565,0.6681528091430664,-0.05274829640984535,0.37649425864219666,0.6870347261428833,-0.049597129225730896,0.3744470179080963,0.7094753384590149,-0.04492098093032837,0.3339898884296417,0.7692427039146423,-0.04489343985915184,0.3595111072063446,0.7113269567489624,-0.055880364030599594,0.3747274577617645,0.7201669812202454,-0.049962177872657776,0.37239736318588257,0.7394189834594727,-0.04380747675895691,Love
0.3957042694091797,0.8100149631500244,1.4933604575162462e-08,0.39350491762161255,0.7299658060073853,-0.004425478167831898,0.3839319348335266,0.667263925075531,-0.014192028902471066,0.3831363916397095,0.6195492148399353,-0.025822564959526062,0.38673847913742065,0.5735259652137756,-0.03610163554549217,0.32018181681632996,0.6836033463478088,-0.01015386264771223,0.3560805320739746,0.6266852021217346,-0.033253785222768784,0.38594871759414673,0.6149500012397766,-0.050106946378946304,0.4047751724720001,0.6054244041442871,-0.06035700440406799,0.31781017780303955,0.7200438380241394,-0.018654169514775276,0.35706526041030884,0.6589417457580566,-0.04120717942714691,0.38247424364089966,0.6733273267745972,-0.05098310112953186,0.38758212327957153,0.6852906346321106,-0.055773794651031494,0.32602208852767944,0.7572799324989319,-0.028506100177764893,0.3629094064235687,0.7021769881248474,-0.046803493052721024,0.3794421851634979,0.7240489721298218,-0.04521428793668747,0.3753427267074585,0.7451745867729187,-0.04178829491138458,0.3393503725528717,0.7926639318466187,-0.039335157722234726,0.3654058277606964,0.7434923052787781,-0.04912155494093895,0.3772397041320801,0.753861129283905,-0.0448300875723362,0.37310925126075745,0.7711499333381653,-0.040051527321338654,Love
0.4126676321029663,0.8247835040092468,1.664747451002313e-08,0.4083126187324524,0.7514418959617615,-0.004134657327085733,0.39951014518737793,0.6948749423027039,-0.01333697885274887,0.40050023794174194,0.6505786180496216,-0.024422364309430122,0.4045026898384094,0.6106724143028259,-0.03447436913847923,0.34036025404930115,0.7139432430267334,-0.009203469380736351,0.37195515632629395,0.6605604887008667,-0.028910847380757332,0.3999021053314209,0.6490108370780945,-0.04361094906926155,0.41670387983322144,0.642482578754425,-0.05254248157143593,0.3386732339859009,0.7488502860069275,-0.016787584871053696,0.3731696605682373,0.6922712326049805,-0.036083243787288666,0.39557918906211853,0.7090664505958557,-0.04519036412239075,0.3986101746559143,0.7286018133163452,-0.04980246722698212,0.3466959297657013,0.7835752964019775,-0.025394458323717117,0.3761548697948456,0.7314033508300781,-0.041133951395750046,0.39218199253082275,0.7467558979988098,-0.040076810866594315,0.38916969299316406,0.7667093276977539,-0.03711240366101265,0.3588258624076843,0.8168123960494995,-0.034742940217256546,0.37753644585609436,0.7687581181526184,-0.04307284206151962,0.3894651532173157,0.7728955745697021,-0.03840754181146622,0.38748446106910706,0.7878104448318481,-0.03329159691929817,Love
0.3894294500350952,0.8670323491096497,8.488819425167549e-09,0.38614341616630554,0.7823627591133118,-0.006907100789248943,0.3771124482154846,0.7173061966896057,-0.017988303676247597,0.3770982623100281,0.6666663289070129,-0.03051396831870079,0.38105398416519165,0.6197201609611511,-0.04176817461848259,0.31024590134620667,0.7410133481025696,-0.014221834018826485,0.34737658500671387,0.6817327737808228,-0.03684239089488983,0.3780491054058075,0.668721079826355,-0.052532799541950226,0.39515623450279236,0.6593806743621826,-0.061980266124010086,0.3096574544906616,0.7799343466758728,-0.021504303440451622,0.350160151720047,0.7184560894966125,-0.04292181134223938,0.37296736240386963,0.7407761216163635,-0.05169948562979698,0.37324225902557373,0.7633908987045288,-0.05623507499694824,0.31968680024147034,0.8189054131507874,-0.030079221352934837,0.3552058935165405,0.761306643486023,-0.04872443154454231,0.37265220284461975,0.7804633975028992,-0.04720621183514595,0.36845293641090393,0.8014539480209351,-0.04365978762507439,0.3338775336742401,0.8554393649101257,-0.039517149329185486,0.35713455080986023,0.8048547506332397,-0.049648694694042206,0.37003156542778015,0.8121666312217712,-0.04474791884422302,0.3670590817928314,0.8290430903434753,-0.03925240784883499,Love
0.32111307978630066,0.8752937912940979,-3.3288600320702244e-08,0.31635934114456177,0.7726650834083557,-0.007902031764388084,0.30443960428237915,0.6933909058570862,-0.022249339148402214,0.3026621639728546,0.630221426486969,-0.03836318477988243,0.3058975040912628,0.5714329481124878,-0.05289706587791443,0.22671784460544586,0.7178156971931458,-0.02031181938946247,0.2710829973220825,0.6440539360046387,-0.05097144842147827,0.3083643317222595,0.627375602722168,-0.07211457192897797,0.33048194646835327,0.6160547137260437,-0.08477272838354111,0.22602716088294983,0.7675549387931824,-0.030333448201417923,0.2750590145587921,0.6923387050628662,-0.05921733379364014,0.3031844198703766,0.7201524376869202,-0.07049235701560974,0.30409830808639526,0.7474468350410461,-0.07644093781709671,0.23856759071350098,0.8171817660331726,-0.0419158935546875,0.284239798784256,0.7465224862098694,-0.06574355810880661,0.3055236041545868,0.7726616263389587,-0.06257185339927673,0.300128310918808,0.8003640174865723,-0.057717930525541306,0.25702840089797974,0.8635210990905762,-0.05473875626921654,0.2885420322418213,0.8015180230140686,-0.06788966804742813,0.30327197909355164,0.8141387104988098,-0.06186335161328316,0.2980687916278839,0.837740421295166,-0.05530881881713867,Love
0.3551183342933655,0.8731951713562012,1.9565855780001584e-07,0.33975812792778015,0.7327316999435425,-0.00928269699215889,0.32413384318351746,0.6354219317436218,-0.030516330152750015,0.32704445719718933,0.5566235780715942,-0.05209554359316826,0.3373713493347168,0.4795948266983032,-0.07188890874385834,0.22798015177249908,0.7053799033164978,-0.04826875776052475,0.2877545654773712,0.5904513597488403,-0.08257725834846497,0.3371386229991913,0.5458285808563232,-0.10175394266843796,0.366953045129776,0.5214865803718567,-0.11405768245458603,0.24052178859710693,0.7685548067092896,-0.06189006194472313,0.2934325337409973,0.6437502503395081,-0.0953037291765213,0.32676446437835693,0.6410837769508362,-0.10588940978050232,0.33171284198760986,0.659735918045044,-0.1137053519487381,0.2688335180282593,0.8238690495491028,-0.07514934241771698,0.31391850113868713,0.7115119695663452,-0.1032988578081131,0.332806795835495,0.7235139012336731,-0.09938443452119827,0.32514241337776184,0.758251965045929,-0.0957418754696846,0.3022390604019165,0.8707432150840759,-0.0892171785235405,0.32996535301208496,0.7807022333145142,-0.10725316405296326,0.3402947783470154,0.7801056504249573,-0.10207086056470871,0.33195623755455017,0.8065539002418518,-0.09733349829912186,Love
0.4112805426120758,1.0034242868423462,3.6653392498919857e-07,0.39252400398254395,0.8488301038742065,-0.012093771249055862,0.3840895891189575,0.7062275409698486,-0.040582090616226196,0.40241602063179016,0.5854886770248413,-0.07123495638370514,0.4214473366737366,0.4862716495990753,-0.10191815346479416,0.30025970935821533,0.7829955816268921,-0.06191380321979523,0.3746941089630127,0.6206240653991699,-0.10333932191133499,0.4318803548812866,0.5597743988037109,-0.1296922266483307,0.4703502058982849,0.5244796872138977,-0.14646300673484802,0.31765514612197876,0.8618820905685425,-0.0784771665930748,0.40512725710868835,0.6885865330696106,-0.11109161376953125,0.4321240186691284,0.7161478996276855,-0.11925021559000015,0.4268835484981537,0.7605413794517517,-0.12787386775016785,0.35190483927726746,0.9292758703231812,-0.09490016102790833,0.4351879358291626,0.7619959712028503,-0.11961433291435242,0.4501988887786865,0.8053925037384033,-0.10783334076404572,0.4379342198371887,0.858325183391571,-0.1013287827372551,0.3913978040218353,0.9812860488891602,-0.11336823552846909,0.45519351959228516,0.8588998317718506,-0.12636218965053558,0.4655051529407501,0.8704617023468018,-0.11345530301332474,0.45607003569602966,0.906923234462738,-0.10452324151992798,Love
0.47231969237327576,0.83697509765625,5.748887588197249e-07,0.4313867688179016,0.7416452169418335,-0.00947069562971592,0.4139130413532257,0.6342514157295227,-0.0360867939889431,0.43453145027160645,0.5485407710075378,-0.06318534165620804,0.45692455768585205,0.4881455898284912,-0.09266791492700577,0.35934650897979736,0.6613366603851318,-0.07345283776521683,0.405680775642395,0.5312209725379944,-0.10859044641256332,0.4379027187824249,0.46430426836013794,-0.13002043962478638,0.4632350504398346,0.41138869524002075,-0.14490818977355957,0.38764140009880066,0.7326290011405945,-0.08934031426906586,0.45951101183891296,0.5708939433097839,-0.11787334084510803,0.47695550322532654,0.56028813123703,-0.12193939089775085,0.4745499789714813,0.5561841130256653,-0.12815618515014648,0.43252184987068176,0.7913397550582886,-0.1035352572798729,0.4968324303627014,0.6330432295799255,-0.12649673223495483,0.500766932964325,0.6290048956871033,-0.11683526635169983,0.4879592955112457,0.630628764629364,-0.11227361857891083,0.48018383979797363,0.8364855647087097,-0.11892732977867126,0.5277400016784668,0.7192797064781189,-0.13244569301605225,0.5277546048164368,0.7028858661651611,-0.1224084421992302,0.5166590809822083,0.7013342976570129,-0.1163320243358612,Love
0.6177377700805664,0.8951048254966736,3.045316816496779e-07,0.5973151922225952,0.7748936414718628,-0.010894077830016613,0.6070739030838013,0.6495562195777893,-0.038176558911800385,0.6343837380409241,0.5544595122337341,-0.06227410212159157,0.6561441421508789,0.4858109951019287,-0.0844857320189476,0.5728012919425964,0.7120071053504944,-0.09480733424425125,0.6153937578201294,0.5910772681236267,-0.12871137261390686,0.6499953269958496,0.534841001033783,-0.1396951973438263,0.6742485165596008,0.49988511204719543,-0.14518873393535614,0.5980589389801025,0.7778456211090088,-0.10682007670402527,0.6525316834449768,0.63227379322052,-0.14474229514598846,0.6572005748748779,0.6585690379142761,-0.13665567338466644,0.6443343758583069,0.701852023601532,-0.1281406134366989,0.6343799829483032,0.8305315971374512,-0.11570550501346588,0.6818772554397583,0.6857935786247253,-0.14439994096755981,0.6802760362625122,0.7156543731689453,-0.12350355088710785,0.6657462120056152,0.7563616037368774,-0.10651019215583801,0.6751644611358643,0.867429792881012,-0.12471127510070801,0.7097346782684326,0.7608325481414795,-0.13934026658535004,0.696958601474762,0.7766834497451782,-0.1249174103140831,0.6775953769683838,0.8106207847595215,-0.11381466686725616,Love
0.6178379058837891,0.8955181241035461,3.2399051974607573e-07,0.5956441164016724,0.7771981954574585,-0.011588508263230324,0.6054118275642395,0.6498841643333435,-0.03819867596030235,0.6344053745269775,0.5535000562667847,-0.061815295368433,0.656661868095398,0.48477286100387573,-0.08348598331212997,0.5721739530563354,0.7159234881401062,-0.0920361578464508,0.614787757396698,0.5930598974227905,-0.12636606395244598,0.6490895748138428,0.5366458892822266,-0.13899016380310059,0.6723582148551941,0.4991579055786133,-0.1458190381526947,0.5963915586471558,0.7811780571937561,-0.10372377932071686,0.6490923166275024,0.6352595686912537,-0.14202436804771423,0.6554462313652039,0.656916618347168,-0.13623520731925964,0.6441742181777954,0.6975197196006775,-0.1295008659362793,0.6324202418327332,0.8336900472640991,-0.11257383227348328,0.6801621317863464,0.6874499320983887,-0.14219319820404053,0.6799114942550659,0.7148837447166443,-0.12372007966041565,0.6651493906974792,0.7545490860939026,-0.10822014510631561,0.6732249855995178,0.8695970177650452,-0.1216040626168251,0.7087401747703552,0.7636978030204773,-0.13746100664138794,0.695663332939148,0.7784233689308167,-0.1251392513513565,0.6750560998916626,0.8123858571052551,-0.1154818907380104,Love
0.45998385548591614,0.7548454999923706,4.6267192743698615e-08,0.4363112151622772,0.6649973392486572,-1.3571124100053567e-06,0.41592973470687866,0.5923852920532227,-0.01370620634406805,0.41084370017051697,0.5249035954475403,-0.029125379398465157,0.4117227792739868,0.46378448605537415,-0.042963750660419464,0.3586863577365875,0.6472898125648499,-0.0314536914229393,0.39157718420028687,0.5496770143508911,-0.05450459569692612,0.424486368894577,0.5218268632888794,-0.06464222818613052,0.4436236023902893,0.5144545435905457,-0.07035444676876068,0.3732755184173584,0.6928071975708008,-0.04487559199333191,0.4042576849460602,0.5767055153846741,-0.06611385196447372,0.42849451303482056,0.5853402018547058,-0.0684395357966423,0.42964211106300354,0.6143394112586975,-0.07043170928955078,0.40065595507621765,0.7231713533401489,-0.057614173740148544,0.4242747128009796,0.6109780073165894,-0.07603862136602402,0.44259366393089294,0.6219751238822937,-0.06729783862829208,0.4395310580730438,0.6557896137237549,-0.060932036489248276,0.42931878566741943,0.743872880935669,-0.07036919891834259,0.44497179985046387,0.6509398818016052,-0.08087919652462006,0.45532259345054626,0.6523146629333496,-0.07275891304016113,0.4516957998275757,0.6781055331230164,-0.06661507487297058,Love
0.43535858392715454,0.7435746192932129,5.184982398986904e-08,0.4142268896102905,0.6548523902893066,-0.0010679144179448485,0.3944072723388672,0.5838857293128967,-0.015287898480892181,0.3898094892501831,0.5157382488250732,-0.030724696815013885,0.3918827474117279,0.44921115040779114,-0.0445711724460125,0.33303478360176086,0.6343669891357422,-0.0325016975402832,0.3677205741405487,0.5349798202514648,-0.05490153282880783,0.4014682471752167,0.503740668296814,-0.06363541632890701,0.42247363924980164,0.4920656681060791,-0.0680861547589302,0.3464116156101227,0.6725608706474304,-0.04506992921233177,0.3829311430454254,0.5588899254798889,-0.06566386669874191,0.40853288769721985,0.5745359659194946,-0.06679810583591461,0.41129419207572937,0.6045086979866028,-0.06778605282306671,0.3715217113494873,0.7019987106323242,-0.05704614892601967,0.4008825719356537,0.5921383500099182,-0.07492618262767792,0.41946253180503845,0.6119941473007202,-0.06643127650022507,0.4166019558906555,0.6442430019378662,-0.06019106134772301,0.3999243378639221,0.724051296710968,-0.06911640614271164,0.4174954295158386,0.6307294368743896,-0.07811356335878372,0.4305216372013092,0.6395646929740906,-0.06945881247520447,0.4290423095226288,0.6662836074829102,-0.06295279413461685,Love
0.40025168657302856,0.7149967551231384,7.650019995253388e-08,0.37651127576828003,0.6141635775566101,0.0007909105042926967,0.35914909839630127,0.5441216826438904,-0.017064888030290604,0.35573652386665344,0.47580331563949585,-0.0374419204890728,0.35400936007499695,0.41069358587265015,-0.056455351412296295,0.3068464696407318,0.5972499847412109,-0.03545195236802101,0.33396100997924805,0.5079302191734314,-0.06534478068351746,0.36775723099708557,0.4716934859752655,-0.08001124113798141,0.38909557461738586,0.4608822166919708,-0.0882289782166481,0.3161207437515259,0.6481939554214478,-0.05196653679013252,0.3427428603172302,0.5402297973632812,-0.0782591924071312,0.37015360593795776,0.5413017272949219,-0.0827472135424614,0.3705796003341675,0.5672467350959778,-0.08656316995620728,0.3396550714969635,0.6853916645050049,-0.06783835589885712,0.3648683428764343,0.578328549861908,-0.08991231769323349,0.38578489422798157,0.5889716744422913,-0.07939224690198898,0.3814105689525604,0.6264609098434448,-0.0723511353135109,0.3671829402446747,0.7128651738166809,-0.08387576788663864,0.3847695589065552,0.6288629174232483,-0.09719268232584,0.39693665504455566,0.6282991170883179,-0.08764182776212692,0.39207571744918823,0.6575437188148499,-0.08066204190254211,Love
0.389473021030426,0.7399383783340454,9.318060278928897e-08,0.3657000958919525,0.6321269273757935,-0.005188681650906801,0.34217140078544617,0.5576107501983643,-0.02469038963317871,0.3334239721298218,0.48957446217536926,-0.04523460939526558,0.3307451605796814,0.419467031955719,-0.06429397314786911,0.27073606848716736,0.6261908411979675,-0.04568072780966759,0.3075350224971771,0.5237268805503845,-0.07856980711221695,0.34734830260276794,0.48884347081184387,-0.09413478523492813,0.37216073274612427,0.47865429520606995,-0.10334782302379608,0.27986952662467957,0.6846467852592468,-0.06096608191728592,0.3135928213596344,0.5630555748939514,-0.09277040511369705,0.3445185422897339,0.5625663995742798,-0.09974431246519089,0.34763404726982117,0.5886728763580322,-0.10493549704551697,0.306036114692688,0.7313036918640137,-0.0759071335196495,0.3369525671005249,0.6175975203514099,-0.10392632335424423,0.36221426725387573,0.62659752368927,-0.09659361839294434,0.35979291796684265,0.6632066369056702,-0.09096948802471161,0.33956360816955566,0.7693249583244324,-0.09116435796022415,0.35608214139938354,0.6807343363761902,-0.1107669323682785,0.3700302243232727,0.6742719411849976,-0.10491613298654556,0.3660679757595062,0.699978768825531,-0.09979470074176788,Love
0.38838911056518555,0.7715833783149719,5.3009419076488484e-08,0.3626978397369385,0.6506127119064331,-0.0027320790104568005,0.3397640287876129,0.568111777305603,-0.021882884204387665,0.33445724844932556,0.4949139952659607,-0.043153777718544006,0.33426719903945923,0.42139673233032227,-0.06217894330620766,0.260262668132782,0.6357260346412659,-0.03614536300301552,0.29973942041397095,0.5247659087181091,-0.06999777257442474,0.34406882524490356,0.48940613865852356,-0.08681127429008484,0.37250322103500366,0.4770648181438446,-0.09628796577453613,0.2706129848957062,0.695328414440155,-0.052952561527490616,0.30786311626434326,0.5651938915252686,-0.08592923730611801,0.3463302552700043,0.56303471326828,-0.09348542988300323,0.3517366349697113,0.5826141834259033,-0.09777183830738068,0.29765942692756653,0.7432470917701721,-0.06961103528738022,0.33516210317611694,0.6256341338157654,-0.0958571508526802,0.36224162578582764,0.6384899616241455,-0.08613551408052444,0.35857102274894714,0.6766485571861267,-0.07830250263214111,0.33074751496315,0.7820215821266174,-0.08695317059755325,0.35343852639198303,0.6912784576416016,-0.10230908542871475,0.36916595697402954,0.6869816184043884,-0.09269864112138748,0.36429041624069214,0.7150201797485352,-0.08462711423635483,Love
0.3880903422832489,0.7638036012649536,1.4592943387015112e-07,0.36188867688179016,0.6475673317909241,-0.001371286460198462,0.3411458730697632,0.5670957565307617,-0.020852016285061836,0.3381790518760681,0.49266383051872253,-0.042587731033563614,0.33835428953170776,0.41748136281967163,-0.06246069818735123,0.26272904872894287,0.6391321420669556,-0.0374591164290905,0.3065919280052185,0.5266183018684387,-0.07172784209251404,0.34957459568977356,0.48740020394325256,-0.09140962362289429,0.37884610891342163,0.4698163866996765,-0.10351676493883133,0.2754521369934082,0.6959294080734253,-0.05545102432370186,0.3120664954185486,0.560454249382019,-0.09191571921110153,0.34381791949272156,0.5430358648300171,-0.1041657105088234,0.35365378856658936,0.5499106049537659,-0.11145690083503723,0.303260862827301,0.741318941116333,-0.07260654121637344,0.3401697278022766,0.6202853322029114,-0.09914381802082062,0.3594876527786255,0.6355291604995728,-0.09184817224740982,0.35546350479125977,0.6760078072547913,-0.08575485646724701,0.3358505070209503,0.777686595916748,-0.0904708206653595,0.360080361366272,0.68659508228302,-0.10608430206775665,0.3691733181476593,0.6869901418685913,-0.09832259267568588,0.36102867126464844,0.7173721790313721,-0.09181058406829834,Love
0.4242459237575531,0.7810973525047302,4.595992564304652e-08,0.41506776213645935,0.6715472936630249,0.002169334329664707,0.40210115909576416,0.5907986164093018,-0.010240936651825905,0.4031592309474945,0.5217443704605103,-0.025070520117878914,0.41078823804855347,0.45541974902153015,-0.0383121483027935,0.3306950628757477,0.6219301819801331,-0.022626079618930817,0.3764646351337433,0.5346816182136536,-0.04764106497168541,0.4154141843318939,0.5171460509300232,-0.0613061860203743,0.4407554864883423,0.5152431130409241,-0.06900641322135925,0.33682262897491455,0.6694578528404236,-0.03741585835814476,0.3841502070426941,0.5611460208892822,-0.06152479350566864,0.4153406620025635,0.5700753927230835,-0.06751418858766556,0.42330822348594666,0.5898808836936951,-0.07081861048936844,0.3573365807533264,0.7123327851295471,-0.051863670349121094,0.4000851511955261,0.6100533604621887,-0.07063926011323929,0.4180929660797119,0.63568514585495,-0.06315182894468307,0.41339781880378723,0.6689341068267822,-0.056980252265930176,0.3833838701248169,0.7493911981582642,-0.06654993444681168,0.4115414023399353,0.6622433066368103,-0.07566791772842407,0.4236893355846405,0.6727027297019958,-0.06698250025510788,0.4192619025707245,0.6972531080245972,-0.060169730335474014,Love
0.6252500414848328,0.9056553840637207,-4.266269115760224e-07,0.6337977647781372,0.7864458560943604,-0.006277440115809441,0.6567226648330688,0.6889420747756958,-0.017209356650710106,0.6647682189941406,0.6134138107299805,-0.02800537645816803,0.6689226627349854,0.5400290489196777,-0.0365038700401783,0.7386630773544312,0.7295763492584229,-0.018801528960466385,0.6918201446533203,0.6169708371162415,-0.04062294960021973,0.6511918902397156,0.5861468315124512,-0.05567135289311409,0.6224836707115173,0.5716084837913513,-0.06545572727918625,0.7318114042282104,0.7640193700790405,-0.02587250806391239,0.6788572072982788,0.6427127718925476,-0.04493636265397072,0.6603116989135742,0.6828166842460632,-0.04781004786491394,0.6636412143707275,0.7191811800003052,-0.05070522800087929,0.7131751775741577,0.7957682609558105,-0.03428199142217636,0.6632868051528931,0.6771650910377502,-0.04900166392326355,0.6489038467407227,0.7175467610359192,-0.03795730695128441,0.6576264500617981,0.7507884502410889,-0.03158367797732353,0.6869190335273743,0.8226826190948486,-0.043942615389823914,0.6479712724685669,0.7242252230644226,-0.055793046951293945,0.636242687702179,0.7459619045257568,-0.04962792992591858,0.642689049243927,0.772483766078949,-0.044389527291059494,Love
0.6485656499862671,0.8700563311576843,-5.546484089791193e-07,0.6670373678207397,0.7537164688110352,-0.0018532976973801851,0.6943180561065674,0.6687101125717163,-0.009542803280055523,0.7050948739051819,0.6008971333503723,-0.019210029393434525,0.71323561668396,0.5349021553993225,-0.027267102152109146,0.7769676446914673,0.7179673314094543,-0.005945348180830479,0.7348567843437195,0.6097773909568787,-0.027079133316874504,0.6958371996879578,0.5740400552749634,-0.042690228670835495,0.6668024659156799,0.5556550025939941,-0.052077073603868484,0.7742127180099487,0.7480945587158203,-0.015425818040966988,0.7247010469436646,0.6195540428161621,-0.0356622189283371,0.6933076977729797,0.6327325105667114,-0.0420520193874836,0.6831508874893188,0.6512329578399658,-0.04519454762339592,0.7587521076202393,0.7759098410606384,-0.026409845799207687,0.7105304002761841,0.6562950611114502,-0.04209165275096893,0.6920751333236694,0.6964483261108398,-0.03593405336141586,0.6961669325828552,0.7346126437187195,-0.031210724264383316,0.7342987060546875,0.7996492385864258,-0.03833123296499252,0.7001340985298157,0.7038719058036804,-0.05067334696650505,0.6843903660774231,0.7229263186454773,-0.0467166006565094,0.6861486434936523,0.7522811889648438,-0.04190998151898384,Love
0.6931492686271667,0.8627336621284485,-3.5659800801113306e-07,0.711745023727417,0.7689059376716614,-0.004447358660399914,0.7363324761390686,0.6811573505401611,-0.016502154991030693,0.743471622467041,0.6055864691734314,-0.028073327615857124,0.7486377954483032,0.5361392498016357,-0.03786993399262428,0.8037297129631042,0.7269330024719238,-0.0252891406416893,0.7641203999519348,0.6122945547103882,-0.04334474727511406,0.7320298552513123,0.5740033984184265,-0.05259335786104202,0.7090719938278198,0.5531752109527588,-0.05879228189587593,0.7904603481292725,0.7552677989006042,-0.032958175987005234,0.7471532821655273,0.6301734447479248,-0.0493026077747345,0.7301770448684692,0.6609578728675842,-0.04835326224565506,0.7325804829597473,0.6922999024391174,-0.049301739782094955,0.7682293057441711,0.7779852151870728,-0.04098786786198616,0.7296297550201416,0.6550423502922058,-0.053860362619161606,0.7175461649894714,0.6900092959403992,-0.04197812080383301,0.7254679799079895,0.7219159603118896,-0.03588644787669182,0.7415832877159119,0.797028660774231,-0.04965602234005928,0.7119421362876892,0.6982308030128479,-0.061105065047740936,0.7016547918319702,0.7178581357002258,-0.055358678102493286,0.7073684334754944,0.743736982345581,-0.05118502303957939,Love
0.7313135862350464,0.8553923964500427,-5.234736022430297e-07,0.7515456676483154,0.7487342953681946,-0.0015924876788631082,0.7795016765594482,0.6698096990585327,-0.00839022547006607,0.7924590706825256,0.6090089678764343,-0.01769208163022995,0.8044906854629517,0.5500150918960571,-0.024676630273461342,0.8576639294624329,0.726263701915741,-9.535683057038113e-05,0.82156902551651,0.6221157908439636,-0.018940314650535583,0.7868616580963135,0.5859395265579224,-0.033427875488996506,0.7615088224411011,0.5651387572288513,-0.042304012924432755,0.8589416742324829,0.7520343661308289,-0.00960802286863327,0.8164365887641907,0.6323181986808777,-0.028209833428263664,0.7886164784431458,0.6490477919578552,-0.03433068469166756,0.781960129737854,0.6710411310195923,-0.03710092604160309,0.8476584553718567,0.7761734127998352,-0.02109212428331375,0.8071105480194092,0.6650378108024597,-0.03505654260516167,0.7889524102210999,0.7006255984306335,-0.029700934886932373,0.7927192449569702,0.7371550798416138,-0.025418829172849655,0.8272885084152222,0.796634316444397,-0.033892884850502014,0.800773561000824,0.709431529045105,-0.04450283199548721,0.7867498993873596,0.72020423412323,-0.04135781154036522,0.7872251868247986,0.7424656748771667,-0.037235140800476074,Love
0.7760552167892456,0.7553562521934509,-4.908790742774727e-07,0.7865116000175476,0.6405092477798462,-0.0011308785760775208,0.8119745850563049,0.5652804970741272,-0.006136532872915268,0.8262410163879395,0.5105603337287903,-0.013455374166369438,0.8363456130027771,0.4570316970348358,-0.018634287640452385,0.8920415639877319,0.6163937449455261,0.00046688111615367234,0.8546774983406067,0.5140069723129272,-0.016685714945197105,0.8169533610343933,0.4823080897331238,-0.030334636569023132,0.7898765206336975,0.4648410677909851,-0.038935303688049316,0.8914430737495422,0.6387653350830078,-0.008342012763023376,0.8488419651985168,0.5220518708229065,-0.025984100997447968,0.8205403089523315,0.539392352104187,-0.0318741500377655,0.8134734630584717,0.5609655976295471,-0.03457866981625557,0.879550039768219,0.658242404460907,-0.019027091562747955,0.839236855506897,0.5507036447525024,-0.03326910734176636,0.82132488489151,0.5890307426452637,-0.028522294014692307,0.8250488042831421,0.6277240514755249,-0.024429447948932648,0.8599821925163269,0.6738316416740417,-0.030866241082549095,0.832148015499115,0.5898758769035339,-0.042206041514873505,0.8192964196205139,0.6049781441688538,-0.03979875519871712,0.8217567205429077,0.629850447177887,-0.036124955862760544,Love
0.7932213544845581,0.5864748358726501,-4.311320935812546e-07,0.794092059135437,0.48002010583877563,0.0061910273507237434,0.8134492635726929,0.41192060708999634,0.0035017644986510277,0.8228506445884705,0.3586158752441406,-0.0029802664648741484,0.8308446407318115,0.3078559637069702,-0.0075958408415317535,0.8971017599105835,0.4521418809890747,0.012962349690496922,0.8560998439788818,0.3554815351963043,0.0021169313695281744,0.8215155601501465,0.35072070360183716,-0.010182419791817665,0.8037238121032715,0.35990509390830994,-0.019089847803115845,0.8988219499588013,0.46301698684692383,0.0018293859902769327,0.8518294095993042,0.35994967818260193,-0.006852851249277592,0.8313777446746826,0.383379727602005,-0.011821308173239231,0.8325856924057007,0.41025325655937195,-0.01651102676987648,0.8888900876045227,0.4703592360019684,-0.010735000483691692,0.8436765670776367,0.3789353370666504,-0.015248204581439495,0.8279180526733398,0.40808260440826416,-0.010525142773985863,0.8335197567939758,0.43746212124824524,-0.009880208410322666,0.8712053298950195,0.4715462625026703,-0.02444743923842907,0.8335664868354797,0.40065082907676697,-0.029854997992515564,0.8222814798355103,0.42406365275382996,-0.027842529118061066,0.8266580104827881,0.45239099860191345,-0.026413364335894585,Love
0.6358007192611694,0.8033647537231445,-3.22897790283605e-07,0.654275119304657,0.7216479182243347,-0.005377171095460653,0.677323579788208,0.6445996761322021,-0.014885079115629196,0.6859121918678284,0.5799552202224731,-0.024084946140646935,0.6908905506134033,0.521632969379425,-0.03169293329119682,0.7348084449768066,0.6851725578308105,-0.016047615557909012,0.7022148370742798,0.5872849822044373,-0.03469599410891533,0.6726474761962891,0.5533274412155151,-0.04797228425741196,0.6515693664550781,0.5342531800270081,-0.05657729133963585,0.7227264642715454,0.706611156463623,-0.02150939404964447,0.6862053275108337,0.6044403910636902,-0.036936260759830475,0.6735127568244934,0.6328486800193787,-0.04000041261315346,0.6762691736221313,0.661497950553894,-0.043305765837430954,0.7031189799308777,0.72384113073349,-0.028071073815226555,0.6683599948883057,0.6261063814163208,-0.039797741919755936,0.6588083505630493,0.6564754843711853,-0.032246679067611694,0.6656765937805176,0.683557391166687,-0.0282716304063797,0.6794728636741638,0.7384034395217896,-0.035552091896533966,0.6519356966018677,0.6560167074203491,-0.04509389027953148,0.644848644733429,0.6752777099609375,-0.04097277298569679,0.6506710648536682,0.6989309191703796,-0.037574831396341324,Love
0.6313135027885437,0.8778356313705444,-2.292388217028929e-07,0.646743655204773,0.8011834025382996,-0.005182761233299971,0.6580645442008972,0.71828293800354,-0.016452258452773094,0.6559358239173889,0.6489443182945251,-0.027515126392245293,0.6517633199691772,0.5895251035690308,-0.03872109577059746,0.6995702981948853,0.7465953826904297,-0.02412085048854351,0.6667924523353577,0.6602956652641296,-0.042114969342947006,0.6429799795150757,0.6244453191757202,-0.052095990628004074,0.6260181069374084,0.6048809289932251,-0.05836097151041031,0.6834926605224609,0.7746982574462891,-0.030581839382648468,0.6492634415626526,0.6766719818115234,-0.0468362458050251,0.6367700695991516,0.6925893425941467,-0.047907449305057526,0.6368836760520935,0.7156835794448853,-0.04941147193312645,0.6620907187461853,0.7976607084274292,-0.037382256239652634,0.6297562718391418,0.6986938714981079,-0.05249408632516861,0.6239904165267944,0.7232199311256409,-0.04418281093239784,0.6306989789009094,0.7514040470123291,-0.0384167842566967,0.6393570899963379,0.8166307806968689,-0.044306010007858276,0.6146206855773926,0.7349312901496887,-0.05649076774716377,0.612139105796814,0.7496179938316345,-0.051899805665016174,0.6202584505081177,0.7723518013954163,-0.04790401831269264,Love
0.6334081888198853,0.8993533253669739,-2.33109105352014e-07,0.6458126902580261,0.8278976678848267,-0.0049980501644313335,0.6583027839660645,0.7512348890304565,-0.014195337891578674,0.6582461595535278,0.6867107152938843,-0.0230124332010746,0.6554412841796875,0.6322371959686279,-0.031264059245586395,0.7017462849617004,0.771405816078186,-0.018186653032898903,0.6698376536369324,0.6908639073371887,-0.03330979868769646,0.6447041630744934,0.6630219221115112,-0.04281323403120041,0.6266494989395142,0.6491966843605042,-0.049128346145153046,0.690499484539032,0.7941945195198059,-0.022698398679494858,0.6553900241851807,0.7075929641723633,-0.03560187295079231,0.6459673643112183,0.7300559282302856,-0.03667743504047394,0.6495002508163452,0.7530705332756042,-0.038573432713747025,0.6731363534927368,0.8143002986907959,-0.027716994285583496,0.641483724117279,0.7282225489616394,-0.03883812204003334,0.6361352801322937,0.754006564617157,-0.03152051195502281,0.6435244679450989,0.777790904045105,-0.027312343940138817,0.6529197692871094,0.8325260877609253,-0.03316729888319969,0.6275060176849365,0.7647916674613953,-0.04247216880321503,0.6244016885757446,0.7813795804977417,-0.038766343146562576,0.6317434906959534,0.8011890053749084,-0.03577710688114166,Love
0.6413459181785583,0.9206169843673706,-2.627312483127753e-07,0.6498522758483887,0.8420727252960205,-0.00348883424885571,0.6642611622810364,0.7689343690872192,-0.01118669006973505,0.6671682000160217,0.7103447914123535,-0.019020361825823784,0.6674013137817383,0.6577203273773193,-0.0261323694139719,0.7138730883598328,0.7914738059043884,-0.013465097174048424,0.6803541779518127,0.7136681079864502,-0.028265461325645447,0.6554526686668396,0.688624382019043,-0.03834156692028046,0.637621283531189,0.6757189035415649,-0.04479126259684563,0.7042782306671143,0.8141646385192871,-0.018779195845127106,0.6680683493614197,0.728861927986145,-0.032321490347385406,0.6568512916564941,0.7506006956100464,-0.03468291088938713,0.6580238342285156,0.7726805210113525,-0.03674670681357384,0.6879928708076477,0.8346325159072876,-0.024751881137490273,0.6548429131507874,0.7504257559776306,-0.03634386137127876,0.648879885673523,0.7769297361373901,-0.030533235520124435,0.6554573774337769,0.8006002306938171,-0.02673414908349514,0.668175995349884,0.85362708568573,-0.03110325150191784,0.6426236629486084,0.7863631248474121,-0.04032883420586586,0.6386451125144958,0.8025535941123962,-0.03717098757624626,0.645091712474823,0.8221752643585205,-0.03416195139288902,Love
0.659640371799469,0.9078185558319092,-2.979670341574092e-07,0.662886381149292,0.8265157341957092,-0.003604668425396085,0.6768758296966553,0.7574517130851746,-0.01029393170028925,0.6820424199104309,0.7057803869247437,-0.01716732420027256,0.6849501132965088,0.6564189791679382,-0.02266206406056881,0.7328951358795166,0.7809155583381653,-0.010636057704687119,0.6996341347694397,0.7068611979484558,-0.025177640840411186,0.6722679734230042,0.6851783990859985,-0.03531502187252045,0.6523988246917725,0.6740711331367493,-0.041777823120355606,0.7285544276237488,0.8023639917373657,-0.015758592635393143,0.6903574466705322,0.7218543291091919,-0.02932162582874298,0.6770952343940735,0.7475286722183228,-0.032003406435251236,0.6778931617736816,0.7720504403114319,-0.03393862396478653,0.7160167694091797,0.8226116299629211,-0.021815786138176918,0.6810604929924011,0.7447664737701416,-0.033073361963033676,0.6725444793701172,0.7721384763717651,-0.02723034657537937,0.6781464219093323,0.7946871519088745,-0.023335203528404236,0.6983022689819336,0.8414463996887207,-0.02853396162390709,0.6716374158859253,0.7792794108390808,-0.037891678512096405,0.6647628545761108,0.7950940132141113,-0.034976162016391754,0.6693735122680664,0.8129923939704895,-0.03186938539147377,Love
0.7299583554267883,0.8859934210777283,-2.970662649204314e-07,0.7372475862503052,0.7994951009750366,-0.005342064891010523,0.7560951113700867,0.7340995073318481,-0.012967795133590698,0.7656334042549133,0.6859345436096191,-0.02068830467760563,0.7713512182235718,0.6365618705749512,-0.027161259204149246,0.8125813007354736,0.7708733677864075,-0.012025750242173672,0.783913791179657,0.6910519003868103,-0.0281378086656332,0.7570248246192932,0.6621158719062805,-0.039614249020814896,0.7366694211959839,0.6453716158866882,-0.046830255538225174,0.8073959350585938,0.7966198325157166,-0.01722809299826622,0.7733548283576965,0.7086624503135681,-0.03132311999797821,0.757037341594696,0.7314703464508057,-0.033877335488796234,0.7559764385223389,0.7560259103775024,-0.035665690898895264,0.7933456897735596,0.8195319771766663,-0.02376002073287964,0.761444091796875,0.7331811189651489,-0.03531462326645851,0.7499895691871643,0.7580860257148743,-0.028522582724690437,0.754156768321991,0.7821909189224243,-0.024027513340115547,0.7736377120018005,0.8391785025596619,-0.031230155378580093,0.7486225366592407,0.7672329545021057,-0.04039256274700165,0.740218997001648,0.7796757221221924,-0.036385808140039444,0.7438899874687195,0.7990304827690125,-0.032563138753175735,Love
0.7850486636161804,0.8568912744522095,-3.4508133239796734e-07,0.8002538681030273,0.7718381285667419,-0.00657854788005352,0.82345050573349,0.7124500274658203,-0.01517822127789259,0.8353644013404846,0.6651661396026611,-0.023665186017751694,0.8437429070472717,0.6154494881629944,-0.030969461426138878,0.8807490468025208,0.7609249353408813,-0.01375682931393385,0.8554509282112122,0.6773733496665955,-0.03142319247126579,0.8283524513244629,0.6427822709083557,-0.04381656274199486,0.8064757585525513,0.6211221814155579,-0.05122533068060875,0.873221218585968,0.7875059247016907,-0.018662868067622185,0.842578649520874,0.6903228759765625,-0.03446684032678604,0.8214061260223389,0.7034371495246887,-0.03819001093506813,0.8144239187240601,0.7228748798370361,-0.040248624980449677,0.857029139995575,0.8081585168838501,-0.02493651956319809,0.827928364276886,0.7138590812683105,-0.03765440359711647,0.8131096959114075,0.7370210886001587,-0.03176574409008026,0.8134705424308777,0.7629575729370117,-0.027525607496500015,0.8351255059242249,0.8239458203315735,-0.032245419919490814,0.8117508888244629,0.7466199398040771,-0.04245682433247566,0.8008703589439392,0.7572143077850342,-0.03930564224720001,0.8023117780685425,0.7771009802818298,-0.03577064722776413,Love
0.8144004344940186,0.8359427452087402,-4.121036738524708e-07,0.8322750329971313,0.7434374094009399,-0.004183134995400906,0.8578522801399231,0.6863150000572205,-0.010822022333741188,0.8722339272499084,0.6426969766616821,-0.01836557313799858,0.8826389908790588,0.5943203568458557,-0.024958129972219467,0.91921466588974,0.7435500621795654,-0.006168176885694265,0.8944398164749146,0.6567320823669434,-0.023095879703760147,0.8666070103645325,0.6220142841339111,-0.03611041605472565,0.8452425003051758,0.6025146842002869,-0.04397255554795265,0.9132623672485352,0.7698103189468384,-0.012586938217282295,0.8858243227005005,0.6660101413726807,-0.02713778056204319,0.8613343238830566,0.6603622436523438,-0.03239664435386658,0.8521555662155151,0.6646066308021545,-0.03552228957414627,0.8980714678764343,0.7912569642066956,-0.020476656034588814,0.870651125907898,0.6940144300460815,-0.03207995742559433,0.8545632362365723,0.7126146554946899,-0.027427056804299355,0.8556025624275208,0.7366355657577515,-0.02426810748875141,0.876196026802063,0.8052724599838257,-0.029350273311138153,0.8540314435958862,0.7257755398750305,-0.038611654192209244,0.8420966863632202,0.7358168363571167,-0.03526598960161209,0.844028115272522,0.7579008936882019,-0.031657252460718155,Love
0.856926679611206,0.7741109728813171,-4.498103578498558e-07,0.8726577758789062,0.6804097294807434,-0.005631282459944487,0.8988885283470154,0.622926652431488,-0.01248263195157051,0.9165148735046387,0.5823264122009277,-0.02029041200876236,0.9299408793449402,0.535602331161499,-0.027347208932042122,0.9641565680503845,0.6808501482009888,-0.006553220562636852,0.93991619348526,0.5946655869483948,-0.025017665699124336,0.9105610251426697,0.5577126145362854,-0.039385419338941574,0.8875128626823425,0.5355899333953857,-0.04797753691673279,0.9607726335525513,0.708803653717041,-0.012989007867872715,0.9359440803527832,0.6056867837905884,-0.029400000348687172,0.9073928594589233,0.5867002606391907,-0.036635514348745346,0.8938395977020264,0.5798985958099365,-0.0404493473470211,0.9463409185409546,0.7319037318229675,-0.021087931469082832,0.9202848076820374,0.6362834572792053,-0.03459048271179199,0.9013784527778625,0.6535768508911133,-0.031360313296318054,0.9007660746574402,0.677635669708252,-0.028470594435930252,0.9244914650917053,0.7465091943740845,-0.030227528885006905,0.9022141098976135,0.6677738428115845,-0.04119621589779854,0.8891593813896179,0.6754117012023926,-0.03878886252641678,0.8903648853302002,0.6971197128295898,-0.03529885783791542,Love
0.8619434833526611,0.7529288530349731,-3.386094533652795e-07,0.887799859046936,0.667765736579895,-0.008066648617386818,0.9149765968322754,0.584269642829895,-0.019833112135529518,0.9213032722473145,0.5121431946754456,-0.03055393509566784,0.9245083332061768,0.4478428363800049,-0.040299996733665466,0.9686050415039062,0.6411259770393372,-0.025205034762620926,0.9364792704582214,0.5334060788154602,-0.045453816652297974,0.9052833318710327,0.4914349317550659,-0.057843729853630066,0.8825365900993347,0.4669997990131378,-0.06528443843126297,0.9500390887260437,0.6713845133781433,-0.030444322153925896,0.9157727956771851,0.5496565103530884,-0.047806914895772934,0.897756040096283,0.568536639213562,-0.0496787428855896,0.8954790830612183,0.5952947735786438,-0.05162534490227699,0.9238144159317017,0.6928308606147766,-0.036521948873996735,0.8930674195289612,0.5744589567184448,-0.05098700895905495,0.8816363215446472,0.6021335124969482,-0.04303828626871109,0.8869657516479492,0.6337741613388062,-0.038064904510974884,0.8940967321395874,0.7078128457069397,-0.04318319633603096,0.8690976500511169,0.6091732978820801,-0.054548222571611404,0.8621683716773987,0.6253702640533447,-0.05009497329592705,0.8686518669128418,0.6523534059524536,-0.04626080393791199,Love
0.8236169815063477,0.7896641492843628,-4.31517236165746e-07,0.8419759273529053,0.6745964288711548,-0.010658549144864082,0.8719125390052795,0.6024811863899231,-0.022433334961533546,0.8883013129234314,0.5496962070465088,-0.03413018584251404,0.9022200703620911,0.4899146258831024,-0.04363986477255821,0.9500234127044678,0.6690815091133118,-0.015480220317840576,0.9163094162940979,0.5646011829376221,-0.03813765570521355,0.8812878727912903,0.5247273445129395,-0.05514936149120331,0.8540127873420715,0.5015411376953125,-0.06599313765764236,0.9453542828559875,0.7074210047721863,-0.021215388551354408,0.9063555002212524,0.5927088260650635,-0.04147568345069885,0.879595160484314,0.6177977919578552,-0.04718085378408432,0.8735914826393127,0.6501984000205994,-0.050658948719501495,0.9275804758071899,0.7379983067512512,-0.02928999625146389,0.8915472030639648,0.6247325539588928,-0.04490963742136955,0.8717234134674072,0.653346598148346,-0.037222180515527725,0.8736153244972229,0.6866499781608582,-0.032181866466999054,0.9004263877868652,0.7593330144882202,-0.03930119797587395,0.8701012134552002,0.6672145128250122,-0.05226263403892517,0.855923593044281,0.6791961789131165,-0.04843348637223244,0.8580039143562317,0.7037933468818665,-0.04416472837328911,Love
0.8027015924453735,0.8380757570266724,-5.321041953720851e-07,0.8249831199645996,0.7374696135520935,-0.010479510761797428,0.8567696213722229,0.6653406023979187,-0.02104354090988636,0.8756045699119568,0.6125587821006775,-0.032095056027173996,0.8931255340576172,0.5578368306159973,-0.04124872386455536,0.934333860874176,0.7395945191383362,-0.011228159070014954,0.9054412841796875,0.6366510391235352,-0.03453195095062256,0.872885525226593,0.5900128483772278,-0.052199527621269226,0.8464696407318115,0.5593773722648621,-0.06274702399969101,0.932780921459198,0.77657151222229,-0.017338356003165245,0.9013713598251343,0.6562919020652771,-0.038941577076911926,0.8679096102714539,0.6519006490707397,-0.0466737225651741,0.8557466268539429,0.6610677242279053,-0.049782827496528625,0.9176369905471802,0.8078414797782898,-0.025880610570311546,0.8858854174613953,0.6951032280921936,-0.04309394955635071,0.8627956509590149,0.7182170748710632,-0.03782878443598747,0.8627156615257263,0.7497256994247437,-0.03281297907233238,0.8930108547210693,0.8299300074577332,-0.03625735267996788,0.8682308197021484,0.7422149181365967,-0.04955991730093956,0.8532484173774719,0.7509725093841553,-0.04600159823894501,0.8549304604530334,0.7757344841957092,-0.040875233709812164,Love
0.7478570938110352,0.8415812253952026,-5.598516281679622e-07,0.7661190032958984,0.7529230117797852,-0.010888089425861835,0.7971989512443542,0.6811018586158752,-0.020753007382154465,0.8176500797271729,0.6285446882247925,-0.03119838610291481,0.8356727957725525,0.572981595993042,-0.03937539458274841,0.8732518553733826,0.7499158382415771,-0.009056707844138145,0.8444043397903442,0.6508591771125793,-0.03177124634385109,0.8138233423233032,0.6075879335403442,-0.04813797399401665,0.7908127903938293,0.5787356495857239,-0.05764862522482872,0.875076174736023,0.7854781150817871,-0.014782072976231575,0.8457256555557251,0.66757732629776,-0.03684884309768677,0.8116251230239868,0.656091570854187,-0.04450669884681702,0.8004082441329956,0.6570641398429871,-0.04687143489718437,0.8637441396713257,0.8180602192878723,-0.022983117029070854,0.8315380811691284,0.7068209052085876,-0.04138697311282158,0.8053959012031555,0.7269144654273987,-0.03653644770383835,0.8037758469581604,0.7545542120933533,-0.03088335134088993,0.842560887336731,0.8420654535293579,-0.033090461045503616,0.8188568949699402,0.7588140964508057,-0.04785316437482834,0.8038453459739685,0.7615326642990112,-0.04570874571800232,0.8047779202461243,0.7795904874801636,-0.04080716148018837,Love
0.6834297776222229,0.8857563138008118,-3.237177850223816e-07,0.7147387266159058,0.8132064938545227,-0.018195251002907753,0.7383853197097778,0.7508218288421631,-0.0360126830637455,0.7405564785003662,0.6820865273475647,-0.0511309988796711,0.7396677732467651,0.6209346055984497,-0.06466612219810486,0.781904935836792,0.8351610898971558,-0.04577674716711044,0.751286506652832,0.719178318977356,-0.06895413994789124,0.7236935496330261,0.667845606803894,-0.08015267550945282,0.7039706707000732,0.6373565196990967,-0.0861833393573761,0.7582374215126038,0.8749711513519287,-0.048609744757413864,0.7254955172538757,0.744139552116394,-0.06649981439113617,0.7103903889656067,0.7490252256393433,-0.06559910625219345,0.7084282636642456,0.7721704244613647,-0.06544459611177444,0.7261083722114563,0.9009565711021423,-0.05261261761188507,0.6959609389305115,0.7804174423217773,-0.06800806522369385,0.691743791103363,0.7931466102600098,-0.05849131941795349,0.699508011341095,0.8201911449432373,-0.05191848799586296,0.6925417184829712,0.9165152907371521,-0.05839942395687103,0.6716364026069641,0.8272682428359985,-0.07300768047571182,0.6718443632125854,0.8217430114746094,-0.06878649443387985,0.6788673400878906,0.8331047296524048,-0.06392458826303482,Love
0.6648045778274536,0.8991495370864868,-2.3049460651236586e-07,0.6956032514572144,0.8406912088394165,-0.02038395218551159,0.7097787857055664,0.7821982502937317,-0.04038919508457184,0.7015984058380127,0.7174561023712158,-0.05759706348180771,0.6891821026802063,0.6652820110321045,-0.07429888099431992,0.7390841245651245,0.867656409740448,-0.053933244198560715,0.7086744904518127,0.7452110052108765,-0.07754510641098022,0.6882379055023193,0.6951518058776855,-0.08884373307228088,0.6735156178474426,0.6680783629417419,-0.09436699002981186,0.7125529646873474,0.9049380421638489,-0.055636607110500336,0.6792173981666565,0.7742519378662109,-0.0722799003124237,0.6759624481201172,0.7828903198242188,-0.07016490399837494,0.6799586415290833,0.807847261428833,-0.0695415809750557,0.679986834526062,0.9287863373756409,-0.05809713527560234,0.6507973074913025,0.8094887733459473,-0.07190530002117157,0.6537255644798279,0.8223704695701599,-0.06036313995718956,0.6634387373924255,0.848416268825531,-0.05209706351161003,0.6475642919540405,0.9430736303329468,-0.06292131543159485,0.626413881778717,0.8595715761184692,-0.07549579441547394,0.6318889260292053,0.8580228090286255,-0.06866644322872162,0.6409907937049866,0.8706779479980469,-0.061850227415561676,Love
0.6126266717910767,0.9019346833229065,-7.422550538649375e-07,0.6616538166999817,0.688303530216217,-0.04032497853040695,0.7061691284179688,0.5143234133720398,-0.07602576166391373,0.7028560638427734,0.37106359004974365,-0.10787924379110336,0.6902920603752136,0.25753846764564514,-0.13304372131824493,0.8759020566940308,0.6664585471153259,-0.07868333160877228,0.7680198550224304,0.42984849214553833,-0.13119249045848846,0.6828935742378235,0.34823939204216003,-0.1615547090768814,0.6296228170394897,0.3083585798740387,-0.17839382588863373,0.8567163944244385,0.767499566078186,-0.08477850258350372,0.738675594329834,0.5306215286254883,-0.12701143324375153,0.7120649814605713,0.5709232091903687,-0.12957508862018585,0.7227023243904114,0.6327062845230103,-0.12978346645832062,0.8049495816230774,0.8548965454101562,-0.09547273814678192,0.7015947103500366,0.6445702910423279,-0.12486280500888824,0.6871626377105713,0.676317572593689,-0.10118463635444641,0.7081694006919861,0.7269009947776794,-0.083040751516819,0.7344256043434143,0.9251964688301086,-0.112535759806633,0.6648884415626526,0.7747263312339783,-0.13914358615875244,0.657927393913269,0.7646265029907227,-0.12839506566524506,0.6696763038635254,0.7814508080482483,-0.11386001855134964,Love
0.6164889335632324,0.906567394733429,-7.296874855455826e-07,0.6630859971046448,0.690875232219696,-0.04089086130261421,0.7093724012374878,0.5146450400352478,-0.07778031378984451,0.7073814272880554,0.3656160533428192,-0.11057275533676147,0.6986082792282104,0.24990472197532654,-0.13671903312206268,0.8778008818626404,0.6722931265830994,-0.08038009703159332,0.7725405693054199,0.4352319538593292,-0.13463346660137177,0.6875343918800354,0.3526615500450134,-0.1686258614063263,0.6337867379188538,0.31211093068122864,-0.18888220191001892,0.8575853109359741,0.7728866934776306,-0.08589117228984833,0.7416571974754333,0.535222589969635,-0.12750452756881714,0.71396404504776,0.5853292346000671,-0.13041214644908905,0.7249612212181091,0.6537445783615112,-0.13229192793369293,0.8056209683418274,0.859882116317749,-0.09605537354946136,0.7036824226379395,0.6464534997940063,-0.1216813251376152,0.6886417865753174,0.6839984059333801,-0.09491075575351715,0.7106097340583801,0.7389768958091736,-0.07683445513248444,0.734794020652771,0.9277841448783875,-0.11305613815784454,0.6673765182495117,0.7733442187309265,-0.1368475705385208,0.6600413918495178,0.7674617171287537,-0.1241467297077179,0.6723018288612366,0.7893806099891663,-0.10967482626438141,Love
0.6265050172805786,0.8948836326599121,-7.534290489275008e-07,0.6741434931755066,0.6821762323379517,-0.04145975410938263,0.721577525138855,0.5079203844070435,-0.07633394002914429,0.7209492921829224,0.3642682731151581,-0.10710914433002472,0.7109323143959045,0.24930936098098755,-0.13094665110111237,0.8885507583618164,0.6746869087219238,-0.07376669347286224,0.7838967442512512,0.4385029673576355,-0.12644030153751373,0.6985373497009277,0.35526856780052185,-0.15899884700775146,0.6454571485519409,0.31523585319519043,-0.17755207419395447,0.870066225528717,0.7747695446014404,-0.07858315110206604,0.7530134916305542,0.5404826998710632,-0.1180315837264061,0.7263494729995728,0.5908728241920471,-0.12066586315631866,0.7392556667327881,0.6601473093032837,-0.1220705434679985,0.8199818730354309,0.8610506653785706,-0.08860180526971817,0.7147951126098633,0.6461896896362305,-0.11387947201728821,0.6995440721511841,0.683136522769928,-0.08896975219249725,0.7229050397872925,0.7374215126037598,-0.07150539010763168,0.7518904209136963,0.9289104342460632,-0.10562784224748611,0.6806581020355225,0.7695547938346863,-0.12792225182056427,0.6731915473937988,0.7654457092285156,-0.11532886326313019,0.6858668923377991,0.7887882590293884,-0.10076390206813812,Love
0.35588663816452026,0.8487863540649414,1.8152017844386137e-07,0.32751360535621643,0.6432840824127197,-0.004425590392202139,0.29746001958847046,0.5013164281845093,-0.03130876645445824,0.29806384444236755,0.38313597440719604,-0.06191595271229744,0.31171441078186035,0.27003949880599976,-0.0892818346619606,0.1489344835281372,0.5801023840904236,-0.04824545234441757,0.23717652261257172,0.3958129286766052,-0.0958450511097908,0.3068915009498596,0.36438989639282227,-0.12127517908811569,0.3453708291053772,0.3489765524864197,-0.13708388805389404,0.16053885221481323,0.6597068905830383,-0.07269009947776794,0.25247782468795776,0.432839572429657,-0.12152091413736343,0.318177729845047,0.4486396908760071,-0.13249923288822174,0.3371666669845581,0.473340779542923,-0.13771407306194305,0.1951684206724167,0.7307223677635193,-0.09731017798185349,0.2729758024215698,0.5207179188728333,-0.13545873761177063,0.317352831363678,0.5721479654312134,-0.12091191858053207,0.31688129901885986,0.6345399022102356,-0.10790617763996124,0.24148087203502655,0.793767511844635,-0.12340674549341202,0.28375282883644104,0.6232165694236755,-0.1450684815645218,0.3131382465362549,0.6421147584915161,-0.13032804429531097,0.3106314241886139,0.6900707483291626,-0.1172729879617691,Love
0.3907087445259094,0.8509483933448792,2.5676345671854506e-07,0.347486287355423,0.662437915802002,-0.007738599553704262,0.30689698457717896,0.5241892337799072,-0.03420529142022133,0.3052983582019806,0.39905619621276855,-0.0646427646279335,0.3157249987125397,0.2784085273742676,-0.0907813087105751,0.1456792652606964,0.6165077090263367,-0.0380437858402729,0.2301376312971115,0.4150538742542267,-0.09006956964731216,0.30837535858154297,0.36467939615249634,-0.1215900182723999,0.35573476552963257,0.3383236825466156,-0.13962198793888092,0.15840443968772888,0.7049559950828552,-0.060554590076208115,0.25000935792922974,0.45856210589408875,-0.11261195689439774,0.3259704113006592,0.439230352640152,-0.12791763246059418,0.35559266805648804,0.44253674149513245,-0.13374385237693787,0.19726766645908356,0.7830722332000732,-0.08486555516719818,0.277343213558197,0.5587345957756042,-0.12428031116724014,0.3251049220561981,0.589345395565033,-0.1148216649889946,0.32735273241996765,0.6466512680053711,-0.10328119248151779,0.24923080205917358,0.8514938950538635,-0.11136548221111298,0.29682114720344543,0.6676036715507507,-0.1317497342824936,0.32752081751823425,0.6743914484977722,-0.11894579976797104,0.3258594870567322,0.7211251258850098,-0.10598915815353394,Love
0.3840074837207794,0.8808404207229614,1.629093304700291e-07,0.34824901819229126,0.6596455574035645,0.0029496648348867893,0.30876821279525757,0.5024206638336182,-0.021172210574150085,0.3049663007259369,0.3654943108558655,-0.05035867542028427,0.31151485443115234,0.23618881404399872,-0.07630117982625961,0.15006987750530243,0.5886802673339844,-0.046632394194602966,0.23396311700344086,0.387981653213501,-0.0941067561507225,0.3137074112892151,0.3392691910266876,-0.11770140379667282,0.36223721504211426,0.3150539696216583,-0.13134005665779114,0.1601124405860901,0.6799191832542419,-0.07494503259658813,0.2542252838611603,0.4279347360134125,-0.12337873876094818,0.33200743794441223,0.42696070671081543,-0.13286668062210083,0.3579634726047516,0.4492185115814209,-0.13647432625293732,0.1986958533525467,0.7601768374443054,-0.10253701359033585,0.27906718850135803,0.5271576046943665,-0.13940872251987457,0.33076784014701843,0.5662780404090881,-0.12341679632663727,0.33298608660697937,0.6326422095298767,-0.10941783338785172,0.25060826539993286,0.8299738168716431,-0.13113148510456085,0.29884955286979675,0.6391663551330566,-0.15083399415016174,0.3335598111152649,0.6460974216461182,-0.1343681514263153,0.3348231613636017,0.6942954063415527,-0.1197899803519249,Love
0.3892531394958496,0.8438946604728699,3.97574012822588e-07,0.3669358193874359,0.6241812109947205,-0.0004755028057843447,0.3299592137336731,0.46831589937210083,-0.027717985212802887,0.31838828325271606,0.33544397354125977,-0.057618819177150726,0.3184925615787506,0.20386144518852234,-0.08492866903543472,0.17682796716690063,0.5651428699493408,-0.06913764029741287,0.2521730959415436,0.3565751910209656,-0.11965441703796387,0.32513150572776794,0.28875336050987244,-0.14280490577220917,0.3723265826702118,0.24945712089538574,-0.1570325642824173,0.18170961737632751,0.6496658325195312,-0.0968906357884407,0.2710217833518982,0.38537970185279846,-0.14845548570156097,0.3511047661304474,0.35097214579582214,-0.15396375954151154,0.3851707875728607,0.3403297960758209,-0.15642981231212616,0.21782715618610382,0.7219728231430054,-0.12318876385688782,0.30323800444602966,0.4788832366466522,-0.1631738394498825,0.35543760657310486,0.5299755334854126,-0.14000752568244934,0.3603505790233612,0.600635826587677,-0.12273728847503662,0.2708229124546051,0.7837192416191101,-0.15081031620502472,0.31953170895576477,0.5974356532096863,-0.17580151557922363,0.35407406091690063,0.6077390909194946,-0.1580577790737152,0.3561314344406128,0.6526720523834229,-0.14340367913246155,Love
0.3395451009273529,0.8280218839645386,3.047481413886999e-07,0.3108261525630951,0.6020384430885315,-0.005806637927889824,0.2726486921310425,0.452719509601593,-0.030207127332687378,0.26561281085014343,0.3226451873779297,-0.05837263539433479,0.2707250416278839,0.19310353696346283,-0.08161871880292892,0.09855852276086807,0.5505946278572083,-0.03517613187432289,0.1944732517004013,0.3371158242225647,-0.08655788749456406,0.278396874666214,0.2827441394329071,-0.11863585561513901,0.3320382237434387,0.25521713495254517,-0.13793356716632843,0.1075037270784378,0.6332029104232788,-0.05863920971751213,0.20932963490486145,0.3783886432647705,-0.10815820097923279,0.29297760128974915,0.35791727900505066,-0.12213853746652603,0.3274490237236023,0.3588556945323944,-0.12862376868724823,0.14633385837078094,0.7047884464263916,-0.08374641835689545,0.23898658156394958,0.47188764810562134,-0.12295927852392197,0.2936100959777832,0.5195199847221375,-0.10835333913564682,0.2975553274154663,0.5917965173721313,-0.09429406374692917,0.19904093444347382,0.7680549621582031,-0.11107977479696274,0.25568458437919617,0.5809310078620911,-0.13370676338672638,0.29189154505729675,0.5959128737449646,-0.11830191314220428,0.29047176241874695,0.6491047143936157,-0.10369816422462463,Love
0.2110876888036728,0.8125269412994385,2.6367340311139742e-08,0.19563628733158112,0.6335940957069397,-0.006232617888599634,0.1659868061542511,0.4837247133255005,-0.0346510112285614,0.1566396951675415,0.3495270609855652,-0.06404759734869003,0.16220031678676605,0.2255742996931076,-0.08927793055772781,0.031037498265504837,0.5446516871452332,-0.07055659592151642,0.1093926876783371,0.3631497919559479,-0.11388008296489716,0.1804310828447342,0.31600096821784973,-0.12958166003227234,0.22520244121551514,0.3080754578113556,-0.13687603175640106,0.048506446182727814,0.6177130341529846,-0.09083402156829834,0.14925538003444672,0.4137050211429596,-0.1300114244222641,0.19633814692497253,0.46500512957572937,-0.1279684156179428,0.19592571258544922,0.5343112945556641,-0.12700673937797546,0.09467639029026031,0.6753576397895813,-0.11013749241828918,0.17738547921180725,0.4718128740787506,-0.14429360628128052,0.21315982937812805,0.5212697982788086,-0.12393524497747421,0.20581547915935516,0.5884559154510498,-0.10971157252788544,0.14748597145080566,0.7202237248420715,-0.13008761405944824,0.2058829814195633,0.5393325090408325,-0.14976154267787933,0.2290651798248291,0.5720741152763367,-0.13327883183956146,0.22039440274238586,0.6323652863502502,-0.12058937549591064,Love
0.21032778918743134,0.8232342600822449,1.1169397851062968e-07,0.19330914318561554,0.6398254632949829,-0.00907909031957388,0.1612379103899002,0.4952429533004761,-0.03720536082983017,0.14772945642471313,0.3650590181350708,-0.06589896976947784,0.15355421602725983,0.24357515573501587,-0.08968392759561539,0.025082221254706383,0.5528589487075806,-0.06837956607341766,0.10758590698242188,0.3635193407535553,-0.1099594458937645,0.1791522204875946,0.3133813142776489,-0.12147334218025208,0.22166237235069275,0.3002956211566925,-0.12577690184116364,0.040088627487421036,0.6206150054931641,-0.08678121119737625,0.14305296540260315,0.41347736120224,-0.12486879527568817,0.19172725081443787,0.4728885889053345,-0.11839736998081207,0.18508796393871307,0.5407686233520508,-0.11357247084379196,0.08512610197067261,0.6752182841300964,-0.10480979084968567,0.17206552624702454,0.4694272577762604,-0.13886453211307526,0.20999205112457275,0.5252270698547363,-0.11502989381551743,0.19924212992191315,0.5946950316429138,-0.09787334501743317,0.1374974548816681,0.7205809354782104,-0.12376408278942108,0.200099915266037,0.5418128371238708,-0.14356210827827454,0.2258920669555664,0.5767651200294495,-0.12514154613018036,0.21579422056674957,0.6379563808441162,-0.1103830561041832,Love
0.2881333529949188,0.8461131453514099,2.1520894222248899e-07,0.2557438313961029,0.6706886887550354,-0.004235845059156418,0.23648397624492645,0.4964892864227295,-0.04072021320462227,0.24230033159255981,0.3468720018863678,-0.07895875722169876,0.25129324197769165,0.2262224406003952,-0.11394039541482925,0.12509779632091522,0.5641405582427979,-0.09981189668178558,0.20000304281711578,0.37606796622276306,-0.1457628607749939,0.27002382278442383,0.31896138191223145,-0.1562393605709076,0.31449446082115173,0.30201828479766846,-0.1581762731075287,0.155218705534935,0.6472543478012085,-0.1260487586259842,0.24472227692604065,0.4251443147659302,-0.16371656954288483,0.28240180015563965,0.47715428471565247,-0.14842621982097626,0.2746339738368988,0.5431473851203918,-0.13896256685256958,0.21046701073646545,0.7107393741607666,-0.15026797354221344,0.28213873505592346,0.4919291138648987,-0.18081922829151154,0.3079955577850342,0.5413236618041992,-0.15002721548080444,0.29717445373535156,0.6061959862709045,-0.13033993542194366,0.27088484168052673,0.751503586769104,-0.17509862780570984,0.3230226933956146,0.5625706911087036,-0.18832728266716003,0.33318769931793213,0.5989066362380981,-0.16430096328258514,0.3196532130241394,0.6661778092384338,-0.14858077466487885,Love
0.3882151246070862,0.7844802141189575,7.48631748592743e-07,0.38969773054122925,0.6881198883056641,-0.06548900157213211,0.38773131370544434,0.528639018535614,-0.12750786542892456,0.4050963222980499,0.3634597957134247,-0.17730671167373657,0.41888487339019775,0.23123043775558472,-0.22263170778751373,0.29257455468177795,0.6115617156028748,-0.17244581878185272,0.36177295446395874,0.40383365750312805,-0.23785953223705292,0.4154295027256012,0.3238868713378906,-0.25703275203704834,0.45914146304130554,0.2786290943622589,-0.2630659341812134,0.30110910534858704,0.6647804379463196,-0.1660681813955307,0.4109427332878113,0.41976550221443176,-0.2272111475467682,0.44102203845977783,0.4604707360267639,-0.21438856422901154,0.4375784397125244,0.49838611483573914,-0.20166859030723572,0.3299117684364319,0.6887640953063965,-0.16180433332920074,0.43519365787506104,0.45135003328323364,-0.2125868946313858,0.45236673951148987,0.5004057884216309,-0.18457381427288055,0.44755819439888,0.5369846820831299,-0.16204716265201569,0.3697796165943146,0.6982793211936951,-0.1623959243297577,0.45021870732307434,0.4901600182056427,-0.20086707174777985,0.47050976753234863,0.45545440912246704,-0.1919156312942505,0.47553321719169617,0.4336324632167816,-0.18149149417877197,Love
0.46885767579078674,0.835089921951294,6.189617351992638e-07,0.44589775800704956,0.6575502157211304,-0.016315001994371414,0.45051461458206177,0.47175249457359314,-0.06125209853053093,0.4745512306690216,0.3189164996147156,-0.10526362806558609,0.482394278049469,0.18645919859409332,-0.14725886285305023,0.35946717858314514,0.553468644618988,-0.1274050772190094,0.42562317848205566,0.3788646161556244,-0.17395637929439545,0.4862205982208252,0.30162709951400757,-0.18473613262176514,0.5311547517776489,0.26929861307144165,-0.18806055188179016,0.3952946662902832,0.6485710740089417,-0.14983825385570526,0.4901716709136963,0.40790823101997375,-0.19385124742984772,0.52015221118927,0.4474368989467621,-0.1767357438802719,0.5094935894012451,0.5109714269638062,-0.16433118283748627,0.4526219666004181,0.7227491140365601,-0.16966353356838226,0.5301340818405151,0.4833378493785858,-0.2016410082578659,0.5461711287498474,0.5339594483375549,-0.16395676136016846,0.5319862961769104,0.6023041605949402,-0.13888341188430786,0.5162907242774963,0.7732763886451721,-0.19122034311294556,0.5742653608322144,0.5767511129379272,-0.20545443892478943,0.5734309554100037,0.6062178611755371,-0.17824186384677887,0.5549927353858948,0.6737951040267944,-0.16007661819458008,Love
0.4869309067726135,0.8070620894432068,4.3848595510098676e-07,0.4535941183567047,0.6273655891418457,-0.003906052792444825,0.4567152261734009,0.4372611343860626,-0.04371831193566322,0.4814584255218506,0.2807421088218689,-0.08422928303480148,0.49836650490760803,0.15556956827640533,-0.12281202524900436,0.37183845043182373,0.5185471773147583,-0.11921902745962143,0.4388373792171478,0.33456534147262573,-0.15721692144870758,0.5027747750282288,0.265522301197052,-0.1607016623020172,0.5462052822113037,0.24245712161064148,-0.15988893806934357,0.4087100923061371,0.6064361333847046,-0.14586083590984344,0.492950975894928,0.37326279282569885,-0.18084248900413513,0.5223649740219116,0.416049987077713,-0.15978758037090302,0.5111612677574158,0.48686525225639343,-0.1463186889886856,0.4653562009334564,0.6749925017356873,-0.16798175871372223,0.5358241200447083,0.4336569905281067,-0.1915287971496582,0.5549561977386475,0.48039767146110535,-0.15236961841583252,0.5430914163589478,0.5511448979377747,-0.12831994891166687,0.5291625261306763,0.7209669351577759,-0.19058534502983093,0.5814458131790161,0.5199350118637085,-0.19881568849086761,0.5835443735122681,0.5489327311515808,-0.17037363350391388,0.5665650367736816,0.6178333163261414,-0.1525137722492218,Love
0.5658999085426331,0.7706948518753052,2.4935073383858253e-07,0.5270629525184631,0.6101689338684082,-0.008232771418988705,0.5289655923843384,0.41994762420654297,-0.04184320196509361,0.5532264709472656,0.26109135150909424,-0.07499605417251587,0.5651270747184753,0.13378585875034332,-0.10685364156961441,0.4654933214187622,0.48049840331077576,-0.10623430460691452,0.5299443602561951,0.29953733086586,-0.1465333104133606,0.58110511302948,0.23703165352344513,-0.1571187674999237,0.614178478717804,0.21071578562259674,-0.16136343777179718,0.5124727487564087,0.553947389125824,-0.128535658121109,0.5859870314598083,0.3342322111129761,-0.16721077263355255,0.6028403043746948,0.3867088258266449,-0.15188823640346527,0.5894855260848999,0.46098586916923523,-0.140882208943367,0.573524534702301,0.6175198554992676,-0.147859588265419,0.6344089508056641,0.3919711410999298,-0.1749418079853058,0.6424118876457214,0.4495295584201813,-0.13914014399051666,0.6302641034126282,0.5201571583747864,-0.1151052787899971,0.6372230052947998,0.6661861538887024,-0.16807115077972412,0.6826694011688232,0.4807077646255493,-0.17798393964767456,0.6781164407730103,0.515961229801178,-0.15136216580867767,0.6621387600898743,0.5787050724029541,-0.133694127202034,Love
0.6177139282226562,0.8294836282730103,2.326218861981033e-07,0.5743863582611084,0.6755842566490173,-0.01160660944879055,0.5734161138534546,0.4760127663612366,-0.03862335532903671,0.596891462802887,0.31639888882637024,-0.06238359585404396,0.6170288324356079,0.1939219981431961,-0.08398640155792236,0.5344251990318298,0.5606017708778381,-0.09679516404867172,0.5781508088111877,0.39264237880706787,-0.13589437305927277,0.6220797300338745,0.30617013573646545,-0.15108369290828705,0.6603938341140747,0.2471223920583725,-0.15946142375469208,0.5831895470619202,0.6339675784111023,-0.11199753731489182,0.6424582600593567,0.40468522906303406,-0.15954576432704926,0.649255096912384,0.44644224643707275,-0.15641088783740997,0.6370386481285095,0.5234318375587463,-0.1491222232580185,0.6446974277496338,0.6913328170776367,-0.12335097044706345,0.6927720904350281,0.4592556059360504,-0.1566256880760193,0.6915676593780518,0.5105273723602295,-0.1294032484292984,0.6783335208892822,0.579689085483551,-0.106111079454422,0.7084336280822754,0.7342045307159424,-0.13516373932361603,0.7432774305343628,0.5457757711410522,-0.1477285921573639,0.7276379466056824,0.572736918926239,-0.12569908797740936,0.7069684267044067,0.6298990845680237,-0.10879034548997879,Love
0.6261335611343384,0.887178361415863,1.6880076225689322e-09,0.5856912136077881,0.7310143709182739,-0.004440112505108118,0.590664803981781,0.5322961211204529,-0.02319425344467163,0.6184728145599365,0.371817409992218,-0.03956874459981918,0.6422386169433594,0.2626878023147583,-0.05435178801417351,0.5629293918609619,0.5992811918258667,-0.07790365815162659,0.611077070236206,0.4298565685749054,-0.10411188006401062,0.6450027227401733,0.36091941595077515,-0.10910981148481369,0.6713375449180603,0.31285160779953003,-0.11181019246578217,0.6108812093734741,0.6682312488555908,-0.09251781553030014,0.6743096709251404,0.4544057250022888,-0.12549269199371338,0.6778029203414917,0.4980649948120117,-0.1163761168718338,0.6643918752670288,0.5645974278450012,-0.10660642385482788,0.6701191663742065,0.7293009161949158,-0.10298093408346176,0.7182924151420593,0.5078098773956299,-0.12453470379114151,0.7128806710243225,0.5572943091392517,-0.09707457572221756,0.6999014616012573,0.6210795044898987,-0.07599352300167084,0.7328218221664429,0.7804186344146729,-0.11330907791852951,0.7617831826210022,0.6023164391517639,-0.12067944556474686,0.7471736669540405,0.6277182102203369,-0.10022402554750443,0.731613278388977,0.673766016960144,-0.08533555269241333,Love
0.4910704493522644,0.9041805863380432,5.751391540798068e-07,0.46433883905410767,0.7410460114479065,-0.018427250906825066,0.4608698785305023,0.5588065385818481,-0.059219419956207275,0.47932323813438416,0.4072902202606201,-0.09798925369977951,0.48277243971824646,0.28397098183631897,-0.13448482751846313,0.3726731836795807,0.6359102129936218,-0.11845961213111877,0.440192312002182,0.46719393134117126,-0.1659976840019226,0.49671703577041626,0.388906329870224,-0.18207834661006927,0.5397377014160156,0.34899812936782837,-0.18984320759773254,0.40831297636032104,0.7186640501022339,-0.13839784264564514,0.4903714060783386,0.49211975932121277,-0.18382973968982697,0.5218345522880554,0.5300159454345703,-0.17308185994625092,0.519073486328125,0.59154212474823,-0.1649991273880005,0.46383512020111084,0.7831925749778748,-0.15635940432548523,0.534070611000061,0.5535390377044678,-0.19183491170406342,0.5545145273208618,0.6010048389434814,-0.16119100153446198,0.5458558797836304,0.6643029451370239,-0.13967007398605347,0.5260778665542603,0.8284361362457275,-0.17587129771709442,0.5803493857383728,0.6382052302360535,-0.19396387040615082,0.5808151364326477,0.6684271693229675,-0.17193728685379028,0.5636869072914124,0.7310181260108948,-0.15664486587047577,Love
0.44921401143074036,0.9065102934837341,4.1346802959196793e-07,0.4439578652381897,0.7408543229103088,-0.032216548919677734,0.430317223072052,0.5620516538619995,-0.07682385295629501,0.4332267642021179,0.4232669770717621,-0.11448466032743454,0.43096181750297546,0.29186782240867615,-0.14820702373981476,0.32488662004470825,0.6261919140815735,-0.13799770176410675,0.39118674397468567,0.4396324157714844,-0.18426336348056793,0.45149847865104675,0.3873457908630371,-0.19284936785697937,0.4899628162384033,0.37830302119255066,-0.1948091685771942,0.34936612844467163,0.706965446472168,-0.14748072624206543,0.4438118636608124,0.4808158278465271,-0.19437523186206818,0.48527446389198303,0.5201312303543091,-0.18179671466350555,0.48802560567855835,0.5786442160606384,-0.17294926941394806,0.3971465826034546,0.7696707844734192,-0.15517255663871765,0.4814763069152832,0.5385278463363647,-0.1902012676000595,0.5071909427642822,0.5831640362739563,-0.15888406336307526,0.5021292567253113,0.6441860795021057,-0.13835160434246063,0.45454609394073486,0.8134176731109619,-0.1651330292224884,0.5159116983413696,0.6145337224006653,-0.1873711794614792,0.5253315567970276,0.6385418176651001,-0.16886620223522186,0.5122067332267761,0.6913971304893494,-0.15593941509723663,Love
0.420686811208725,0.9031271934509277,2.650183716923493e-07,0.42920103669166565,0.747538685798645,-0.03275762125849724,0.40380868315696716,0.5726919174194336,-0.06963762640953064,0.39119458198547363,0.4229922294616699,-0.10005947947502136,0.3855845332145691,0.2972537875175476,-0.12552346289157867,0.2821481227874756,0.628808319568634,-0.11416171491146088,0.35039272904396057,0.4329245090484619,-0.15824688971042633,0.4158003330230713,0.3890891373157501,-0.16241413354873657,0.447430282831192,0.3896544575691223,-0.16109518706798553,0.29085689783096313,0.6855370402336121,-0.1199188157916069,0.393892765045166,0.46086910367012024,-0.16455911099910736,0.4491422176361084,0.5040181279182434,-0.15194447338581085,0.44487282633781433,0.5585857033729553,-0.14183342456817627,0.3275357484817505,0.7317262887954712,-0.12562602758407593,0.42347896099090576,0.4993116557598114,-0.17015574872493744,0.46604713797569275,0.5473946332931519,-0.1466386616230011,0.4592038691043854,0.6046612858772278,-0.12817054986953735,0.3777278959751129,0.7698056101799011,-0.13248462975025177,0.4505726099014282,0.5668636560440063,-0.1686488837003708,0.4862253963947296,0.5378519892692566,-0.1605244129896164,0.48916587233543396,0.5286737084388733,-0.15135090053081512,Love
0.36993786692619324,0.833000898361206,3.2671809435669275e-07,0.34477126598358154,0.6847284436225891,-0.008443419821560383,0.3233082890510559,0.5247688889503479,-0.04303574189543724,0.3284662961959839,0.38877663016319275,-0.07738576084375381,0.3359667956829071,0.27186405658721924,-0.10950205475091934,0.2085435539484024,0.5804594159126282,-0.09988683462142944,0.2891440987586975,0.40726062655448914,-0.1412619799375534,0.35488903522491455,0.35302862524986267,-0.14998550713062286,0.395276814699173,0.3284331262111664,-0.15190178155899048,0.23511849343776703,0.6596238017082214,-0.12135671824216843,0.33052748441696167,0.44982674717903137,-0.15733098983764648,0.3638783097267151,0.5004079937934875,-0.14295227825641632,0.35531386733055115,0.5635481476783752,-0.13373631238937378,0.2863473892211914,0.7234494686126709,-0.14088213443756104,0.3598290681838989,0.5125674605369568,-0.1702222377061844,0.3865561783313751,0.5573762059211731,-0.13962669670581818,0.38001009821891785,0.6159388422966003,-0.11918561160564423,0.34278404712677,0.7659578919410706,-0.16120393574237823,0.3918667435646057,0.5766169428825378,-0.17578817903995514,0.4091778099536896,0.5992920398712158,-0.15311162173748016,0.40514737367630005,0.6520934104919434,-0.13694176077842712,Love
0.3442905843257904,0.8283783197402954,7.692123915603588e-08,0.3331301808357239,0.656195342540741,-0.012136099860072136,0.3065866529941559,0.5114212036132812,-0.041414570063352585,0.3013010621070862,0.3777538537979126,-0.07137813419103622,0.3083183467388153,0.2605542838573456,-0.09747873246669769,0.16928817331790924,0.5531410574913025,-0.07269782572984695,0.2555163502693176,0.3843565285205841,-0.11378757655620575,0.32390305399894714,0.3462294936180115,-0.1269342303276062,0.3637353181838989,0.3363623023033142,-0.13268983364105225,0.18332263827323914,0.6309471130371094,-0.08910895138978958,0.2957405149936676,0.4353924095630646,-0.12566319108009338,0.33334487676620483,0.4964923858642578,-0.12104921042919159,0.32232949137687683,0.5576850771903992,-0.11871343851089478,0.22528448700904846,0.6971285343170166,-0.10527026653289795,0.3187120258808136,0.4976230561733246,-0.13937680423259735,0.3473730981349945,0.555732011795044,-0.1201905906200409,0.3359077572822571,0.6146561503410339,-0.10648573935031891,0.27551838755607605,0.7516995668411255,-0.12250272184610367,0.3391466438770294,0.5720734596252441,-0.1428496390581131,0.3586174249649048,0.603010356426239,-0.12846828997135162,0.34977003931999207,0.6543153524398804,-0.11697729676961899,Love
0.29997265338897705,0.7904228568077087,-3.01005883329708e-07,0.328415185213089,0.7251896262168884,-0.06865490227937698,0.3078213334083557,0.6115816235542297,-0.11067385971546173,0.27902206778526306,0.4648025333881378,-0.13323985040187836,0.26599159836769104,0.3299259543418884,-0.1437685638666153,0.17895324528217316,0.6549510955810547,-0.1601666808128357,0.2642643451690674,0.46449413895606995,-0.1972699910402298,0.31474199891090393,0.49862101674079895,-0.1875879466533661,0.31357085704803467,0.5475990772247314,-0.18156665563583374,0.146274134516716,0.6280949115753174,-0.1406722217798233,0.2656702995300293,0.44813910126686096,-0.18205194175243378,0.3162650167942047,0.5285869836807251,-0.16295668482780457,0.29907548427581787,0.5903643369674683,-0.15167459845542908,0.14465022087097168,0.591158390045166,-0.12134765833616257,0.25718367099761963,0.420423299074173,-0.16445858776569366,0.3042198717594147,0.5008994936943054,-0.14446482062339783,0.2929691970348358,0.5752862691879272,-0.13086244463920593,0.16368252038955688,0.5630166530609131,-0.10639428347349167,0.23260970413684845,0.3926721513271332,-0.15202178061008453,0.2839362323284149,0.34794360399246216,-0.15826095640659332,0.3032432198524475,0.3220769464969635,-0.1583404541015625,Love
0.6539411544799805,0.9275889992713928,-1.4549607385561103e-07,0.6577394008636475,0.8642133474349976,-0.0026347748935222626,0.6546691656112671,0.7898654937744141,-0.011786234565079212,0.6384883522987366,0.7329220175743103,-0.02076605334877968,0.6229152083396912,0.6878595948219299,-0.03018585592508316,0.6862890124320984,0.7956724166870117,-0.020924659445881844,0.6462706923484802,0.7358375191688538,-0.035077981650829315,0.6219542026519775,0.7123448252677917,-0.04294390603899956,0.605391800403595,0.6979913711547852,-0.04842835292220116,0.6745715141296387,0.822699248790741,-0.027533892542123795,0.6328870058059692,0.7526822686195374,-0.040987446904182434,0.6289010643959045,0.7724391222000122,-0.04203171283006668,0.6344072818756104,0.793499231338501,-0.04358808696269989,0.6578524112701416,0.8492733240127563,-0.03393865004181862,0.6166005730628967,0.7802349925041199,-0.04664203152060509,0.6190434694290161,0.8069033622741699,-0.0393901988863945,0.6306073069572449,0.8290635943412781,-0.03458300977945328,0.638630211353302,0.8724027872085571,-0.04023592174053192,0.6068179607391357,0.8180906772613525,-0.05174550041556358,0.6095898151397705,0.8358364701271057,-0.048287708312273026,0.6206193566322327,0.8524938821792603,-0.045345570892095566,Love
0.6560190320014954,0.923383891582489,-1.4096744394009875e-07,0.659277081489563,0.8611989617347717,-0.001974542625248432,0.6548287868499756,0.7863550782203674,-0.009939976036548615,0.637787401676178,0.7289469838142395,-0.017769211903214455,0.6223379373550415,0.6850504875183105,-0.026650790125131607,0.6829891800880432,0.7921721339225769,-0.021676132455468178,0.6448545455932617,0.7306549549102783,-0.03472692891955376,0.6200752258300781,0.7036737203598022,-0.04149154946208,0.6037336587905884,0.6868109703063965,-0.04615400359034538,0.6702925562858582,0.820070207118988,-0.02879091538488865,0.6324517726898193,0.7428482174873352,-0.040028005838394165,0.617615818977356,0.737450897693634,-0.04152553156018257,0.6119070053100586,0.7399208545684814,-0.04398090019822121,0.6533203125,0.8486559987068176,-0.03535623475909233,0.6144594550132751,0.776014506816864,-0.047563277184963226,0.6148819923400879,0.7998131513595581,-0.0411573089659214,0.625016450881958,0.8223586678504944,-0.036809585988521576,0.6332463622093201,0.873093843460083,-0.04164072126150131,0.6045486927032471,0.8185887932777405,-0.05379688739776611,0.6071484684944153,0.8345690965652466,-0.05061279982328415,0.6181655526161194,0.8514180779457092,-0.047681424766778946,Love
0.6517412662506104,0.9263676404953003,-1.3244000740542106e-07,0.6564739942550659,0.8652116656303406,-0.0026329043321311474,0.648867666721344,0.7886057496070862,-0.010584901086986065,0.6289786100387573,0.7312955856323242,-0.01791389100253582,0.6114548444747925,0.6905791759490967,-0.026296842843294144,0.6725911498069763,0.7978069186210632,-0.025127733126282692,0.633353054523468,0.7376260161399841,-0.038164857774972916,0.6088389158248901,0.7151530385017395,-0.044143397361040115,0.5944426655769348,0.7003238201141357,-0.048006437718868256,0.6589611172676086,0.8286082148551941,-0.030891822651028633,0.6198010444641113,0.7562837600708008,-0.04334033653140068,0.6119340658187866,0.7703908681869507,-0.04329922795295715,0.6161489486694336,0.7911266684532166,-0.043672192841768265,0.6412071585655212,0.8588783740997314,-0.03581090271472931,0.604012131690979,0.7867352962493896,-0.04815157130360603,0.6018440127372742,0.8066354393959045,-0.040941230952739716,0.6107820868492126,0.8297979235649109,-0.03538788482546806,0.6211584806442261,0.8846376538276672,-0.04034362733364105,0.5935576558113098,0.8292285799980164,-0.05091681703925133,0.5943335890769958,0.8385119438171387,-0.04731544107198715,0.6031041145324707,0.8536824584007263,-0.04400548338890076,Love
0.6579030752182007,0.9231566190719604,-1.7371701233059866e-07,0.6605738997459412,0.8605548143386841,-0.0021398980170488358,0.6558843851089478,0.7848068475723267,-0.009614943526685238,0.6385931968688965,0.7282002568244934,-0.016918743029236794,0.6218072772026062,0.6857184171676636,-0.02462935261428356,0.6864343881607056,0.7884182333946228,-0.019256580621004105,0.6450911164283752,0.7306520938873291,-0.032054658979177475,0.622655987739563,0.7203952670097351,-0.03830917924642563,0.6113032698631287,0.7142820358276367,-0.04262789338827133,0.6751354932785034,0.8160174489021301,-0.025441700592637062,0.6313241720199585,0.7500031590461731,-0.03925654664635658,0.6275278329849243,0.7740009427070618,-0.040291547775268555,0.6351822018623352,0.7958496809005737,-0.04105248674750328,0.6587136387825012,0.8436028957366943,-0.03124464489519596,0.6169208884239197,0.7798806428909302,-0.0451856330037117,0.6187059283256531,0.8067113757133484,-0.0389489121735096,0.630585789680481,0.8270667791366577,-0.033849768340587616,0.6395323872566223,0.8674561381340027,-0.03663783147931099,0.6079553961753845,0.8189827799797058,-0.04899953678250313,0.6102207899093628,0.8365123271942139,-0.04628138989210129,0.621087372303009,0.8515011668205261,-0.043244823813438416,Love
0.6775544881820679,0.9270356893539429,-1.6261540736195457e-07,0.6777951717376709,0.8612494468688965,-0.002845913637429476,0.672476053237915,0.787750244140625,-0.011931178160011768,0.657693088054657,0.7322733402252197,-0.020967841148376465,0.6418418288230896,0.6888734102249146,-0.030344638973474503,0.7087188959121704,0.7837247252464294,-0.016849517822265625,0.665107250213623,0.7344334125518799,-0.030510181561112404,0.6396752595901489,0.7131606936454773,-0.03918493166565895,0.6215615272521973,0.7010716795921326,-0.04513067007064819,0.7009767293930054,0.8095410466194153,-0.022543951869010925,0.6557806134223938,0.7517017722129822,-0.03381047770380974,0.6527847051620483,0.7741889357566833,-0.03407804295420647,0.6602020859718323,0.7923858165740967,-0.03542646765708923,0.6874656081199646,0.8363601565361023,-0.028457077220082283,0.6452165842056274,0.775833785533905,-0.039514344185590744,0.6467879414558411,0.8011935353279114,-0.032301630824804306,0.6581958532333374,0.8191837668418884,-0.027909446507692337,0.671152651309967,0.8616629242897034,-0.03443840891122818,0.6376163363456726,0.8124186396598816,-0.04436289891600609,0.63881915807724,0.8305652141571045,-0.04038681089878082,0.6487036943435669,0.8458895683288574,-0.03718089312314987,Love
0.5679916143417358,0.9908130168914795,-2.2657257403579933e-08,0.5769325494766235,0.9342994093894958,-0.0025728908367455006,0.5648826360702515,0.8576934337615967,-0.008583220653235912,0.5484116077423096,0.7987732887268066,-0.013396671041846275,0.5321829915046692,0.7538756132125854,-0.019475825130939484,0.5714712738990784,0.8730795383453369,-0.027544882148504257,0.5424721837043762,0.8060483932495117,-0.03805457055568695,0.5243635177612305,0.784674346446991,-0.04098081588745117,0.5119874477386475,0.77484130859375,-0.04183308035135269,0.5526667237281799,0.9044070243835449,-0.031252190470695496,0.5241818428039551,0.8274139761924744,-0.04225163534283638,0.5272544622421265,0.8448799252510071,-0.040313009172677994,0.5350019335746765,0.8728193640708923,-0.03782616928219795,0.5326597690582275,0.9357531666755676,-0.03348580002784729,0.5031309723854065,0.8610514402389526,-0.041428957134485245,0.5101065635681152,0.8799920678138733,-0.03160256892442703,0.5203841924667358,0.9058516025543213,-0.024255946278572083,0.513933002948761,0.9629591107368469,-0.03536055609583855,0.4921177625656128,0.9039604663848877,-0.040806226432323456,0.49955427646636963,0.9156498312950134,-0.03292602673172951,0.5079731941223145,0.9376553893089294,-0.026641810312867165,Love
0.5800423622131348,0.9978719353675842,-8.640598991860315e-08,0.5868197679519653,0.9388159513473511,-0.002747225109487772,0.5743630528450012,0.8593045473098755,-0.008590430952608585,0.5513736605644226,0.8013738989830017,-0.013808928430080414,0.5361478924751282,0.7526476383209229,-0.019801052287220955,0.5877996683120728,0.85722815990448,-0.017804810777306557,0.5493457913398743,0.8066332340240479,-0.029170136898756027,0.5248676538467407,0.787800669670105,-0.03544480353593826,0.5078302025794983,0.7736267447471619,-0.0398147851228714,0.5712736248970032,0.8881102800369263,-0.023010382428765297,0.5331805944442749,0.8227353096008301,-0.03577996417880058,0.5365849733352661,0.8455955982208252,-0.03730592876672745,0.5478095412254333,0.8696962594985962,-0.03741283342242241,0.5531260967254639,0.9206793904304504,-0.027478693053126335,0.5162099003791809,0.8582653999328613,-0.04021840915083885,0.5218435525894165,0.8840378522872925,-0.032634515315294266,0.5343204140663147,0.9064180850982666,-0.025758609175682068,0.534347653388977,0.9512061476707458,-0.031612735241651535,0.5059840679168701,0.9022290706634521,-0.04209242761135101,0.5120119452476501,0.9203618168830872,-0.03665706887841225,0.522710919380188,0.9386741518974304,-0.03125762939453125,Love
0.6413991451263428,0.9479231238365173,5.427795457535467e-08,0.626248300075531,0.8823499083518982,0.010545177385210991,0.6243300437927246,0.8145245313644409,0.005526367574930191,0.6389830708503723,0.7614803910255432,-0.0036429869942367077,0.6557824611663818,0.722993016242981,-0.012541038915514946,0.5904147028923035,0.7985423803329468,-0.0014866216806694865,0.6274975538253784,0.7475800514221191,-0.010114369913935661,0.6511611342430115,0.7319552898406982,-0.015022936277091503,0.6674684286117554,0.7248246073722839,-0.0190463587641716,0.5980585217475891,0.8107208609580994,-0.015206143260002136,0.6413604021072388,0.7576960921287537,-0.022398492321372032,0.6549360752105713,0.7850620150566101,-0.02153073064982891,0.6533944010734558,0.809329628944397,-0.021868262439966202,0.6122866868972778,0.828474760055542,-0.02829662896692753,0.6537943482398987,0.7740458250045776,-0.032828640192747116,0.6636452078819275,0.8042166829109192,-0.02376423217356205,0.65787672996521,0.827586829662323,-0.018742214888334274,0.6305765509605408,0.8477726578712463,-0.04129868745803833,0.662566065788269,0.7986079454421997,-0.04117226600646973,0.6682595610618591,0.8218377232551575,-0.03219373896718025,0.6615573167800903,0.8435037136077881,-0.02660415694117546,Love
0.6203143000602722,0.925793468952179,6.85574477188311e-08,0.6089229583740234,0.8551622033119202,0.008249434642493725,0.605006992816925,0.7920934557914734,0.003037617774680257,0.617235004901886,0.7397726774215698,-0.005920372437685728,0.6321595907211304,0.6994723081588745,-0.014159256592392921,0.564234733581543,0.7773342132568359,0.00028895173454657197,0.6015689373016357,0.7277832627296448,-0.009083560667932034,0.6238135695457458,0.7124602794647217,-0.015402859076857567,0.6382358074188232,0.7030897736549377,-0.020399784669280052,0.5715590715408325,0.7893953323364258,-0.011979692615568638,0.6141131520271301,0.7371494770050049,-0.020521337166428566,0.6281298995018005,0.7628040313720703,-0.02097373828291893,0.6280856132507324,0.7866159677505493,-0.021649740636348724,0.5857300162315369,0.8061110377311707,-0.024118613451719284,0.626948893070221,0.7533625364303589,-0.02992166206240654,0.6366239786148071,0.781394898891449,-0.022176049649715424,0.6320641040802002,0.8039019703865051,-0.017295751720666885,0.6039736270904541,0.8242989182472229,-0.03636709228157997,0.6353292465209961,0.77716463804245,-0.037014417350292206,0.6415179967880249,0.7983249425888062,-0.029057171195745468,0.6363689303398132,0.8189278244972229,-0.023706499487161636,Love
0.5784502029418945,0.914207935333252,3.832958483940274e-08,0.5699432492256165,0.8455371856689453,0.00959684606641531,0.5650743246078491,0.7842342257499695,0.005504288710653782,0.5742513537406921,0.7339869737625122,-0.002460801275447011,0.5855527520179749,0.6942834258079529,-0.0097105223685503,0.5212169885635376,0.7762393951416016,0.0008998207049444318,0.558845043182373,0.7224070429801941,-0.008710692636668682,0.5852365493774414,0.7084813714027405,-0.01594660058617592,0.6034296751022339,0.702393651008606,-0.02117677591741085,0.5271571278572083,0.7872570157051086,-0.011477440595626831,0.5687713027000427,0.7319389581680298,-0.019126372411847115,0.5834165215492249,0.7570532560348511,-0.019877832382917404,0.5848907828330994,0.7837873101234436,-0.02111525647342205,0.5405840277671814,0.8027912378311157,-0.023608844727277756,0.5801277160644531,0.7465553283691406,-0.02851819433271885,0.5912410616874695,0.775853157043457,-0.021136339753866196,0.5887179374694824,0.8009039759635925,-0.01674923673272133,0.5585535764694214,0.8190553784370422,-0.03573111817240715,0.5887482166290283,0.7652866840362549,-0.03602822497487068,0.595714807510376,0.7871452569961548,-0.02821790985763073,0.5917562246322632,0.8106101751327515,-0.023082926869392395,Love
